{"width":1024,"SubTexture":[{"frameX":-1,"frameHeight":52,"y":450,"frameY":-1,"frameWidth":682,"width":680,"height":50,"name":"Layer 393","x":190},{"width":344,"y":311,"height":137,"name":"Folder 87 Copy 13","x":190},{"frameX":-1,"frameHeight":190,"y":1,"frameY":-1,"frameWidth":141,"width":139,"height":188,"name":"Folder 87 Copy 11","x":872},{"frameX":-1,"frameHeight":132,"y":1,"frameY":-1,"frameWidth":161,"width":159,"height":130,"name":"Folder 87 Copy 12","x":670},{"width":178,"y":1,"height":254,"name":"Folder 87 Copy 8","x":490},{"width":309,"y":1,"height":233,"name":"Folder 87 Copy 5","x":1},{"frameX":-1,"frameHeight":131,"y":359,"frameY":-1,"frameWidth":97,"width":95,"height":129,"name":"Folder 87 Copy 3","x":872},{"frameX":-1,"frameHeight":273,"y":236,"frameY":-1,"frameWidth":189,"width":187,"height":271,"name":"Folder 87 Copy 2","x":1},{"width":176,"y":1,"height":308,"name":"Folder 87 Copy 6","x":312},{"frameX":-1,"frameHeight":177,"y":257,"frameY":-1,"frameWidth":226,"width":224,"height":175,"name":"Folder 87 Copy 7","x":536},{"frameX":-1,"frameHeight":168,"y":191,"frameY":-1,"frameWidth":116,"width":114,"height":166,"name":"Folder 87 Copy 9","x":872}],"height":512,"name":"Zeograth","imagePath":"Zeograth_tex.png"}