{"frameRate":30,"isGlobal":0,"armature":[{"slot":[{"name":"Shadow","parent":"shadow","color":{}},{"z":1,"name":"CApe","parent":"cape","color":{}},{"z":2,"name":"Left Leg","parent":"Left Leg","color":{}},{"z":3,"name":"sWORD","parent":"Sword","color":{}},{"z":4,"name":"Right Leg","parent":"Right Leg","color":{}},{"z":5,"name":"LEft Arm","parent":"Left Arm","color":{}},{"z":6,"name":"Chest","parent":"chest","color":{}},{"z":7,"name":"Head","parent":"head","color":{}},{"z":8,"name":"right Arm","parent":"Right Arm","color":{}},{"z":9,"name":"eye","parent":"flame eye","color":{}}],"defaultActions":[{"gotoAndPlay":"Attack"}],"type":"Armature","frameRate":30,"aabb":{"width":300.8103911529456,"y":-248.99810229684635,"height":245.3518606343464,"x":-121.3203911529456},"animation":[{"slot":[],"frame":[],"duration":30,"ffd":[],"bone":[{"frame":[{"duration":5,"transform":{}},{"duration":5,"transform":{}},{"duration":20,"transform":{}},{"duration":0,"transform":{}}],"name":"root"},{"frame":[{"curve":[0.25,0,1,0.55],"duration":5,"transform":{}},{"curve":[0.25,0,0.75,1],"duration":5,"transform":{"y":-0.7,"x":10.1}},{"curve":[0.25,0,0.75,1],"duration":20,"transform":{"y":17.26,"x":-32.76}},{"duration":0,"transform":{}}],"name":"Mid"},{"frame":[{"curve":[0.25,0,1,0.55],"duration":5,"transform":{}},{"duration":5,"transform":{"skX":9.76,"skY":9.76}},{"curve":[0.25,0,0.75,1],"duration":20,"transform":{"skX":9.76,"skY":9.76}},{"duration":0,"transform":{}}],"name":"chest"},{"frame":[{"curve":[0.25,0,1,0.55],"duration":5,"transform":{}},{"curve":[0.25,0,0.75,1],"duration":5,"transform":{"skX":-12.77,"skY":-12.77}},{"curve":[0.25,0,0.75,1],"duration":20,"transform":{"skX":-34.35,"skY":-34.35}},{"duration":0,"transform":{}}],"name":"chest upper"},{"frame":[{"curve":[0.25,0,1,0.55],"duration":5,"transform":{}},{"curve":[0.25,0,0.75,1],"duration":5,"transform":{"skX":8.57,"skY":8.57}},{"curve":[0.25,0,0.75,1],"duration":20,"transform":{"skX":17.14,"skY":17.14}},{"duration":0,"transform":{}}],"name":"head"},{"frame":[{"curve":[0.25,0,1,0.55],"duration":5,"transform":{}},{"curve":[0.25,0,0.75,1],"duration":5,"transform":{"skX":-36.51,"skY":-36.51}},{"curve":[0.25,0,0.75,1],"duration":20,"transform":{"skX":-20.96,"skY":-20.96}},{"duration":0,"transform":{}}],"name":"Right Arm"},{"frame":[{"curve":[0.25,0,1,0.55],"duration":5,"transform":{}},{"duration":5,"transform":{"skX":16.28,"skY":16.28}},{"curve":[0.25,0,0.75,1],"duration":20,"transform":{"skX":16.28,"skY":16.28}},{"duration":0,"transform":{}}],"name":"bone5"},{"frame":[{"curve":[0.25,0,1,0.55],"duration":5,"transform":{}},{"curve":[0.25,0,0.75,1],"duration":5,"transform":{"skX":-5.59,"skY":-5.59}},{"curve":[0.25,0,0.75,1],"duration":20,"transform":{"skX":-20.46,"skY":-20.46}},{"duration":0,"transform":{}}],"name":"Right Leg"},{"frame":[{"duration":5,"transform":{}},{"duration":5,"transform":{}},{"duration":20,"transform":{}},{"duration":0,"transform":{}}],"name":"bone2"},{"frame":[{"curve":[0.25,0,1,0.55],"duration":5,"transform":{}},{"curve":[0.25,0,0.75,1],"duration":5,"transform":{"skX":21.24,"skY":21.24}},{"curve":[0.25,0,0.75,1],"duration":20,"transform":{"skX":71.56,"skY":71.56}},{"duration":0,"transform":{}}],"name":"Left Leg"},{"frame":[{"curve":[0.25,0,1,0.55],"duration":5,"transform":{}},{"curve":[0.25,0,0.75,1],"duration":5,"transform":{"skX":-21.75,"skY":-21.75}},{"curve":[0.25,0,0.75,1],"duration":20,"transform":{"skX":-71.27,"skY":-71.27}},{"duration":0,"transform":{}}],"name":"bone3"},{"frame":[{"curve":[0.25,0,1,0.55],"duration":5,"transform":{}},{"curve":[0.25,0,0.75,1],"duration":5,"transform":{"y":-0.61,"skX":105.77,"skY":105.77,"x":-4.13}},{"curve":[0.25,0,0.75,1],"duration":20,"transform":{"y":0.85,"skX":14.4,"skY":14.4,"x":-9.45}},{"duration":0,"transform":{}}],"name":"Left Arm"},{"frame":[{"curve":[0.25,0,1,0.55],"duration":5,"transform":{}},{"curve":[0.25,0,0.75,1],"duration":5,"transform":{"skX":64.73,"skY":64.73}},{"curve":[0.25,0,0.75,1],"duration":20,"transform":{"skX":-7.84,"skY":-7.84}},{"duration":0,"transform":{}}],"name":"bone4"},{"frame":[{"curve":[0.25,0,1,0.55],"duration":5,"transform":{}},{"duration":5,"transform":{"skX":38.15,"skY":38.15}},{"curve":[0.25,0,1,0.47],"duration":20,"transform":{"skX":38.15,"skY":38.15}},{"duration":0,"transform":{}}],"name":"Sword"},{"frame":[{"curve":[0.25,0,1,0.55],"duration":5,"transform":{}},{"curve":[0.25,0,0.75,1],"duration":5,"transform":{"skX":-2.43,"skY":-2.43}},{"curve":[0.25,0,0.75,1],"duration":20,"transform":{"skX":-4.86,"skY":-4.86}},{"duration":0,"transform":{}}],"name":"cape"},{"frame":[{"curve":[0.25,0,1,0.55],"duration":5,"transform":{}},{"curve":[0.25,0,0.75,1],"duration":5,"transform":{"skX":31.34,"skY":31.34}},{"curve":[0.25,0,0.75,1],"duration":20,"transform":{"skX":89.9,"skY":89.9}},{"duration":0,"transform":{}}],"name":"bone"},{"frame":[{"curve":[0.25,0,1,0.55],"duration":5,"transform":{}},{"curve":[0.25,0,0.75,1],"duration":5,"transform":{"skX":-15.51,"skY":-15.51}},{"curve":[0.25,0,0.75,1],"duration":20,"transform":{"skX":-41.65,"skY":-41.65}},{"duration":0,"transform":{}}],"name":"bone6"},{"frame":[{"duration":5,"transform":{}},{"duration":5,"transform":{}},{"duration":20,"transform":{}},{"duration":0,"transform":{}}],"name":"flame eye"},{"frame":[{"duration":5,"transform":{}},{"duration":5,"transform":{}},{"duration":20,"transform":{}},{"duration":0,"transform":{}}],"name":"bone8"},{"frame":[{"duration":5,"transform":{}},{"duration":5,"transform":{}},{"duration":20,"transform":{}},{"duration":0,"transform":{}}],"name":"bone9"},{"frame":[{"curve":[0.25,0,1,0.55],"duration":5,"transform":{}},{"duration":5,"transform":{}},{"curve":[0.25,0,0.75,1],"duration":20,"transform":{"scX":1.67}},{"duration":0,"transform":{}}],"name":"shadow"}],"name":"Attack"},{"slot":[],"frame":[],"duration":30,"ffd":[],"bone":[{"frame":[{"duration":30,"transform":{}},{"duration":0,"transform":{}}],"name":"root"},{"frame":[{"curve":[0.25,0,0.75,1],"duration":5,"transform":{}},{"curve":[0.25,0,0.75,1],"duration":25,"transform":{"x":7.88}},{"duration":0,"transform":{}}],"name":"Mid"},{"frame":[{"curve":[0.25,0,0.75,1],"duration":5,"transform":{}},{"curve":[0.25,0,0.75,1],"duration":25,"transform":{"skX":7.2,"skY":7.2}},{"duration":0,"transform":{}}],"name":"chest"},{"frame":[{"curve":[0.25,0,0.75,1],"duration":5,"transform":{}},{"curve":[0.25,0,0.75,1],"duration":25,"transform":{"skX":-15.42,"skY":-15.42}},{"duration":0,"transform":{}}],"name":"chest upper"},{"frame":[{"duration":30,"transform":{}},{"duration":0,"transform":{}}],"name":"head"},{"frame":[{"curve":[0.25,0,0.75,1],"duration":5,"transform":{}},{"curve":[0.25,0,0.75,1],"duration":25,"transform":{"skX":-15.82,"skY":-15.82}},{"duration":0,"transform":{}}],"name":"Right Arm"},{"frame":[{"duration":30,"transform":{}},{"duration":0,"transform":{}}],"name":"bone5"},{"frame":[{"duration":30,"transform":{}},{"duration":0,"transform":{}}],"name":"Right Leg"},{"frame":[{"duration":30,"transform":{}},{"duration":0,"transform":{}}],"name":"bone2"},{"frame":[{"duration":30,"transform":{}},{"duration":0,"transform":{}}],"name":"Left Leg"},{"frame":[{"duration":30,"transform":{}},{"duration":0,"transform":{}}],"name":"bone3"},{"frame":[{"curve":[0.25,0,0,1],"duration":5,"transform":{}},{"curve":[0.25,0,0.483,0.99],"duration":25,"transform":{"skX":17.58,"skY":17.58}},{"duration":0,"transform":{}}],"name":"Left Arm"},{"frame":[{"curve":[0.25,0,0.75,1],"duration":5,"transform":{}},{"curve":[0.25,0,0.75,1],"duration":25,"transform":{"skX":2.29,"skY":2.29}},{"duration":0,"transform":{}}],"name":"bone4"},{"frame":[{"duration":30,"transform":{}},{"duration":0,"transform":{}}],"name":"Sword"},{"frame":[{"duration":30,"transform":{}},{"duration":0,"transform":{}}],"name":"cape"},{"frame":[{"curve":[0.25,0,0.75,1],"duration":5,"transform":{}},{"curve":[0.25,0,0.75,1],"duration":25,"transform":{"skX":28.82,"skY":28.82}},{"duration":0,"transform":{}}],"name":"bone"},{"frame":[{"curve":[0.25,0,0.75,1],"duration":5,"transform":{}},{"curve":[0.25,0,0.75,1],"duration":25,"transform":{"skX":-20.99,"skY":-20.99}},{"duration":0,"transform":{}}],"name":"bone6"},{"frame":[{"duration":30,"transform":{}},{"duration":0,"transform":{}}],"name":"flame eye"},{"frame":[{"duration":30,"transform":{}},{"duration":0,"transform":{}}],"name":"bone8"},{"frame":[{"duration":30,"transform":{}},{"duration":0,"transform":{}}],"name":"bone9"},{"frame":[{"curve":[0.29,0,0.629,0.38],"duration":5,"transform":{}},{"curve":[0.311,0.25,0.757,1],"duration":25,"transform":{"scX":1.16}},{"duration":0,"transform":{}}],"name":"shadow"}],"name":"Damage"},{"slot":[],"frame":[],"duration":60,"ffd":[{"slot":"Chest","frame":[{"duration":30,"offset":0,"vertices":[],"curve":[0.25,0,0.75,1]},{"duration":30,"offset":56,"vertices":[-1.55,0,0,0,-1.33,-0.15,0,0,0,0,0,0,0,0,0,0,0,0,0,0,0,0,0,0,0,0],"curve":[0.25,0,0.233,0.99]},{"tweenEasing":null,"duration":0,"offset":0,"vertices":[]}],"scale":1,"skin":"","offset":0,"name":"Chest"}],"bone":[{"frame":[{"curve":[0.25,0,0.75,1],"duration":30,"transform":{}},{"curve":[0.25,0,0.233,0.99],"duration":30,"transform":{"y":-3.5}},{"duration":0,"transform":{}}],"name":"chest"},{"frame":[{"curve":[0.25,0,0.75,1],"duration":30,"transform":{}},{"curve":[0.25,0,0.233,0.99],"duration":30,"transform":{"skX":-14.62,"skY":-14.62}},{"duration":0,"transform":{}}],"name":"bone"},{"frame":[{"curve":[0.25,0,0.472,1],"duration":30,"transform":{}},{"curve":[0.25,0,0.233,0.99],"duration":30,"transform":{"y":11.49,"skX":12.34,"skY":12.34,"x":-16.17}},{"duration":0,"transform":{}}],"name":"bone6"},{"frame":[{"curve":[0.25,0,0.75,1],"duration":30,"transform":{}},{"curve":[0.25,0,0.233,0.99],"duration":30,"transform":{"skX":-13.48,"skY":-13.48}},{"duration":0,"transform":{}}],"name":"Right Arm"},{"frame":[{"curve":[0.25,0,0.75,1],"duration":30,"transform":{}},{"curve":[0.25,0,0.233,0.99],"duration":30,"transform":{"skX":5.73,"skY":5.73}},{"duration":0,"transform":{}}],"name":"bone5"},{"frame":[{"curve":[0.25,0,0.75,1],"duration":30,"transform":{}},{"curve":[0.25,0,0.233,0.99],"duration":30,"transform":{"skX":5.83,"skY":5.83}},{"duration":0,"transform":{}}],"name":"Left Arm"},{"frame":[{"curve":[0.25,0,0.75,1],"duration":30,"transform":{}},{"curve":[0.25,0,0.233,0.99],"duration":30,"transform":{"skX":3.72,"skY":3.72}},{"duration":0,"transform":{}}],"name":"flame eye"},{"frame":[{"curve":[0.25,0,0.75,1],"duration":30,"transform":{}},{"curve":[0.25,0,0.233,0.99],"duration":30,"transform":{"skX":-21.03,"skY":-21.03}},{"duration":0,"transform":{}}],"name":"bone8"},{"frame":[{"curve":[0.25,0,0.75,1],"duration":30,"transform":{}},{"curve":[0.25,0,0.233,0.99],"duration":30,"transform":{"skX":27.78,"skY":27.78}},{"duration":0,"transform":{}}],"name":"bone9"},{"frame":[{"curve":[0.25,0,0.75,1],"duration":30,"transform":{}},{"curve":[0.25,0,0.233,0.99],"duration":30,"transform":{"scX":1.1}},{"duration":0,"transform":{}}],"name":"shadow"},{"frame":[{"duration":60,"transform":{}}],"name":"root"},{"frame":[{"duration":60,"transform":{}}],"name":"Mid"},{"frame":[{"duration":60,"transform":{}}],"name":"Left Leg"},{"frame":[{"duration":60,"transform":{}}],"name":"Right Leg"},{"frame":[{"duration":60,"transform":{}}],"name":"bone2"},{"frame":[{"duration":60,"transform":{}}],"name":"chest upper"},{"frame":[{"duration":60,"transform":{}}],"name":"bone3"},{"frame":[{"duration":60,"transform":{}}],"name":"cape"},{"frame":[{"duration":60,"transform":{}}],"name":"head"},{"frame":[{"duration":60,"transform":{}}],"name":"bone4"},{"frame":[{"duration":60,"transform":{}}],"name":"Sword"}],"name":"Idle"},{"slot":[],"frame":[],"duration":30,"ffd":[],"bone":[{"frame":[{"curve":[0.25,0,0.75,1],"duration":5,"transform":{}},{"curve":[0.25,0,0,1],"duration":5,"transform":{"x":12.12}},{"curve":[0.25,0,1,0.6],"duration":20,"transform":{"y":-7.69,"x":-108.71}},{"duration":0,"transform":{}}],"name":"Mid"},{"frame":[{"curve":[0.25,0,0.75,1],"duration":5,"transform":{}},{"curve":[0.25,0,0,1],"duration":25,"transform":{"skX":-18.04,"skY":-18.04}},{"duration":0,"transform":{}}],"name":"chest upper"},{"frame":[{"curve":[0.25,0,0.75,1],"duration":5,"transform":{}},{"curve":[0.25,0,0,1],"duration":5,"transform":{"skX":4.82,"skY":4.82}},{"curve":[0.25,0,1,0.6],"duration":20,"transform":{"skX":7.41,"skY":7.41}},{"duration":0,"transform":{}}],"name":"head"},{"frame":[{"curve":[0.25,0,0.75,1],"duration":5,"transform":{}},{"curve":[0.25,0,0,1],"duration":5,"transform":{"skX":-19.05,"skY":-19.05}},{"curve":[0.25,0,1,0.6],"duration":20,"transform":{"skX":-38.09,"skY":-38.09}},{"duration":0,"transform":{}}],"name":"Right Arm"},{"frame":[{"curve":[0.25,0,0.75,1],"duration":5,"transform":{}},{"curve":[0.25,0,0,1],"duration":5,"transform":{"skX":-4.53,"skY":-4.53}},{"curve":[0.25,0,1,0.6],"duration":20,"transform":{"skX":-9.06,"skY":-9.06}},{"duration":0,"transform":{}}],"name":"Right Leg"},{"frame":[{"curve":[0.25,0,0.75,1],"duration":5,"transform":{}},{"curve":[0.25,0,0,1],"duration":5,"transform":{"y":6.1,"skX":23.77,"skY":23.77,"x":-3.88}},{"curve":[0.25,0,1,0.6],"duration":20,"transform":{"y":12.21,"skX":65.93,"skY":65.93,"x":-7.77}},{"duration":0,"transform":{}}],"name":"Left Leg"},{"frame":[{"curve":[0.25,0,0.75,1],"duration":5,"transform":{}},{"curve":[0.25,0,0,1],"duration":5,"transform":{"skX":-61.69,"skY":-61.69}},{"curve":[0.25,0,1,0.6],"duration":20,"transform":{"skX":-136.26,"skY":-136.26}},{"duration":0,"transform":{}}],"name":"bone3"},{"frame":[{"curve":[0.25,0,0.75,1],"duration":5,"transform":{}},{"curve":[0.25,0,0,1],"duration":5,"transform":{"skX":-4.94,"skY":-4.94}},{"curve":[0.25,0,1,0.6],"duration":20,"transform":{"skX":94.89,"skY":94.89}},{"duration":0,"transform":{}}],"name":"Left Arm"},{"frame":[{"curve":[0.25,0,0.75,1],"duration":5,"transform":{}},{"curve":[0.25,0,0,1],"duration":5,"transform":{"skX":26.31,"skY":26.31}},{"curve":[0.25,0,1,0.6],"duration":20,"transform":{"skX":-19.27,"skY":-19.27}},{"duration":0,"transform":{}}],"name":"bone4"},{"frame":[{"curve":[0.25,0,0.75,1],"duration":5,"transform":{}},{"curve":[0.25,0,0,1],"duration":5,"transform":{"skX":42.14,"skY":42.14}},{"curve":[0.25,0,1,0.6],"duration":20,"transform":{"skX":-37.09,"skY":-37.09}},{"duration":0,"transform":{}}],"name":"Sword"},{"frame":[{"curve":[0.25,0,0.75,1],"duration":5,"transform":{}},{"curve":[0.25,0,0,1],"duration":5,"transform":{"skX":15.01,"skY":15.01}},{"curve":[0.25,0,1,0.6],"duration":20,"transform":{"skX":-24.92,"skY":-24.92}},{"duration":0,"transform":{}}],"name":"cape"},{"frame":[{"curve":[0.25,0,0.75,1],"duration":5,"transform":{}},{"curve":[0.25,0,0,1],"duration":5,"transform":{"skX":-9.09,"skY":-9.09}},{"curve":[0.25,0,1,0.6],"duration":20,"transform":{"skX":-18.19,"skY":-18.19}},{"duration":0,"transform":{}}],"name":"bone"},{"frame":[{"curve":[0.25,0,0.75,1],"duration":5,"transform":{}},{"curve":[0.25,0,0,1],"duration":5,"transform":{"skX":6.42,"skY":6.42}},{"curve":[0.25,0,1,0.6],"duration":20,"transform":{"skX":12.85,"skY":12.85}},{"duration":0,"transform":{}}],"name":"bone6"},{"frame":[{"duration":30,"transform":{}}],"name":"root"},{"frame":[{"duration":30,"transform":{}}],"name":"shadow"},{"frame":[{"duration":30,"transform":{}}],"name":"chest"},{"frame":[{"duration":30,"transform":{}}],"name":"bone2"},{"frame":[{"duration":30,"transform":{}}],"name":"flame eye"},{"frame":[{"duration":30,"transform":{}}],"name":"bone5"},{"frame":[{"duration":30,"transform":{}}],"name":"bone8"},{"frame":[{"duration":30,"transform":{}}],"name":"bone9"}],"name":"Skill"}],"skin":[{"name":"","slot":[{"display":[{"path":"Shadow","type":"image","name":"Shadow","transform":{"y":1.32,"x":29.46}}],"name":"Shadow"},{"display":[{"edges":[9,10,10,11,11,12,12,13,13,14,14,15,15,16,16,17,17,18,18,19,19,20,20,21,21,22,22,23,23,24,24,25,25,26,26,27,27,28,28,29,29,30,30,31,31,32,32,33,33,34,34,35,35,36,36,37,37,38,38,39,39,40,40,41,41,42,42,43,43,44,44,45,45,46,46,47,47,0,0,1,1,2,2,3,3,4,4,5,5,6,6,7,7,8,8,9],"triangles":[87,29,30,33,79,32,87,30,31,79,87,31,32,79,31,87,26,28,87,28,29,34,79,33,59,79,34,35,59,34,25,26,87,36,76,35,76,59,35,26,27,28,49,87,79,59,49,79,91,49,59,24,25,87,49,24,87,37,76,36,38,76,37,76,89,59,49,68,24,68,23,24,89,91,59,91,68,49,38,77,76,77,50,76,50,89,76,39,77,38,89,70,91,70,68,91,68,61,23,61,22,23,69,77,39,50,88,89,88,70,89,70,52,68,52,78,68,40,69,39,78,61,68,77,72,50,72,88,50,61,21,22,69,72,77,88,52,70,53,72,69,41,69,40,41,53,69,71,53,41,72,52,88,20,21,61,78,20,61,60,52,72,42,71,41,52,62,78,53,86,72,86,60,72,90,71,42,62,20,78,60,75,52,75,62,52,71,66,53,66,86,53,43,90,42,62,19,20,85,75,60,85,60,86,90,58,71,58,66,71,66,85,86,44,54,43,55,19,62,43,54,90,54,58,90,85,57,75,75,55,62,57,63,55,66,48,85,57,55,75,55,18,19,58,64,66,48,57,85,64,48,66,55,17,18,45,54,44,64,84,48,54,64,58,45,81,54,81,64,54,48,80,57,16,17,55,63,16,55,74,16,63,73,63,57,80,73,57,46,81,45,84,80,48,1,2,81,47,81,46,2,84,64,81,2,64,2,67,84,73,51,63,51,74,63,47,0,81,67,80,84,0,1,81,74,15,16,67,56,80,80,56,73,56,65,73,65,51,73,82,56,67,51,15,74,14,15,51,2,3,67,3,82,67,83,14,51,82,65,56,65,83,51,3,4,82,4,5,82,6,65,82,5,6,82,6,7,65,8,83,65,7,8,65,83,9,14,9,10,14,10,13,14,13,11,12,10,11,13,8,9,83],"vertices":[-26.08,-183.01,-28.67,-172.43,-36.88,-153.85,-53.51,-138.74,-64.09,-130.52,-74.67,-122.32,-81.59,-108.81,-88.5,-95.31,-89.01,-76.1,-89.52,-56.87,-88.37,-41.42,-87.21,-25.98,-64.67,-16,-65.74,-33.31,-59.05,-46.28,-45.01,-38.71,-16.28,-38.5,-6.13,-35.27,14.4,-33.53,24.55,-39.58,48.31,-40.02,72.72,-31.17,83.3,-29.87,104.9,-44.56,120.46,-49.1,124.78,-43.05,129.74,-30.95,123.48,-16.01,145.73,-21.45,162.36,-35.27,163.49,-56.01,163.49,-66.8,163.49,-77.61,159.03,-89.38,154.58,-101.15,146.7,-111.42,138.81,-121.67,128.55,-130.53,118.29,-139.38,97.34,-154.29,82.43,-160.66,67.53,-167.03,49.17,-179.34,31.89,-191.86,19.36,-194,-0.08,-193.99,-14.77,-194,-21.04,-189.91,4.81,-119.79,121.33,-68.94,93.95,-114.07,-42.87,-69.77,62.97,-82.84,56.67,-134.53,13.75,-168.99,11.18,-57.48,-40.89,-106.79,8.76,-95.14,18.09,-156.49,122.52,-94.38,43.44,-102.48,75.29,-52.27,33.37,-67.95,-7.77,-72.7,-5.59,-147.83,-57.28,-90.5,23.56,-132.2,-34.4,-131.47,95.79,-64.3,79.65,-143.97,89.96,-87.87,44.07,-154.64,64.32,-114.03,-22.47,-92.43,-26.6,-53.96,28.15,-84.26,119.66,-116.86,89.96,-130.95,63.14,-61.49,145.07,-79.62,-22.57,-110.93,-14.91,-172.84,-51.27,-119.86,-67.55,-67.9,-11.85,-132.68,25.19,-108.67,42.6,-118.35,139.57,-55.33,76.16,-100.07,102.48,-99.24,37.41,-169.72,112.83,-82.38],"path":"CApe","userEdges":[],"bonePose":[11,0.21030113323969063,0.9776366571268194,-0.9776366571268194,0.21030113323969063,11.845998966982284,-169.05717058852574,16,-0.47731213551267454,0.8787338193630255,-0.8787338193630255,-0.47731213551267454,0.5634685792167531,-158.54945399313036,15,0.5941210629020384,0.8043756352700847,-0.8043756352700847,0.5941210629020384,26.62903330669555,-166.33518680627088],"slotPose":[1,0,0,1,0,0],"uvs":[0.25077,0.0617,0.24053,0.12116,0.20808,0.22552,0.14235,0.31046,0.10051,0.35658,0.05868,0.40269,0.03136,0.47853,0.00404,0.55437,0.00202,0.66237,0,0.77037,0.00458,0.85714,0.00916,0.9439,0.09825,1,0.09398,0.90268,0.12044,0.82987,0.17594,0.87234,0.28949,0.87356,0.32961,0.89176,0.41072,0.90147,0.45085,0.86749,0.54476,0.86506,0.64123,0.91482,0.68307,0.9221,0.76844,0.83958,0.82991,0.8141,0.84699,0.84807,0.86663,0.91603,0.84187,1,0.9298,0.96942,0.99554,0.89176,1,0.77527,1,0.71459,1,0.65392,0.9824,0.58778,0.96481,0.52165,0.93364,0.46401,0.90248,0.40637,0.86193,0.35661,0.82138,0.30686,0.73856,0.22313,0.67965,0.18733,0.62074,0.15154,0.54817,0.08237,0.47987,0.01199,0.43036,0,0.35352,0,0.29546,0,0.27071,0.02291,0.37284,0.41687,0.83336,0.70262,0.72517,0.44906,0.18441,0.6979,0.6027,0.62448,0.57782,0.33408,0.40819,0.14053,0.39804,0.76696,0.19222,0.48994,0.38843,0.55537,0.42532,0.21071,0.83809,0.55968,0.52551,0.51413,0.65138,0.79622,0.48569,0.70811,0.32311,0.68144,0.33173,0.25937,0.12741,0.58145,0.44695,0.34719,0.21787,0.3512,0.73241,0.72867,0.66865,0.28107,0.70942,0.59624,0.52801,0.22116,0.60804,0.44933,0.26503,0.57053,0.24871,0.78672,0.4651,0.61651,0.82681,0.43339,0.70942,0.35422,0.60335,0.74445,0.92719,0.64262,0.26461,0.46667,0.29492,0.11884,0.15119,0.41651,0.08686,0.70839,0.30702,0.34446,0.45339,0.47933,0.52221,0.42499,0.90547,0.77905,0.65484,0.52774,0.75888,0.53236,0.50171,0.1364,0.7998,0.62711],"type":"mesh","transform":{},"width":253,"weights":[2,11,0.27732,16,0.72268,2,11,0.13339,16,0.86661,2,11,0.00169,16,0.99831,1,16,1,1,16,1,1,16,1,1,16,1,1,16,1,1,16,1,1,16,1,1,16,1,1,16,1,1,16,1,1,16,1,2,11,0.00083,16,0.99917,2,11,0.0601,16,0.9399,2,11,0.4098,16,0.5902,2,11,0.57618,16,0.42382,2,11,0.79884,16,0.20116,3,11,0.89665,16,0.10102,15,0.00233,3,11,0.78563,16,0.00084,15,0.21352,2,11,0.35352,15,0.64648,2,11,0.25938,15,0.74062,2,11,0.03418,15,0.96582,1,15,1,1,15,1,1,15,1,1,15,1,1,15,1,1,15,1,1,15,1,1,15,1,1,15,1,1,15,1,1,15,1,1,15,1,1,15,1,1,15,1,1,15,1,1,15,1,1,15,1,1,15,1,2,11,0.00709,15,0.99291,2,11,0.29116,15,0.70884,3,11,0.56776,16,0.02237,15,0.40987,3,11,0.64865,16,0.29957,15,0.05178,3,11,0.45376,16,0.54503,15,0.00121,2,11,0.37491,16,0.62509,2,11,0.61999,16,0.38001,1,15,1,1,15,1,2,11,0.01269,16,0.98731,2,11,0.34015,15,0.65985,1,15,1,2,11,0.92751,15,0.07249,2,11,0.79025,16,0.20975,1,16,1,2,11,0.75714,16,0.24286,2,11,0.85411,15,0.14589,1,15,1,2,11,0.63154,15,0.36846,2,11,0.30747,15,0.69253,2,11,0.99952,16,0.00048,2,11,0.46141,16,0.53859,1,16,1,1,16,1,2,11,0.91675,15,0.08325,1,16,1,2,11,0.01896,15,0.98104,1,15,1,1,15,1,1,15,1,2,11,0.00459,15,0.99541,2,11,0.10716,16,0.89284,2,11,0.21574,16,0.78426,2,11,0.99308,16,0.00692,1,15,1,1,15,1,2,11,0.5014,15,0.4986,1,15,1,2,11,0.01595,16,0.98405,2,11,0.22176,16,0.77824,1,16,1,1,16,1,2,11,0.01635,16,0.98365,2,11,0.99949,15,0.00051,2,11,0.43188,15,0.56812,1,15,1,1,15,1,1,15,1,2,11,0.0036,15,0.9964,1,15,1],"height":178,"name":"CApe"}],"name":"CApe"},{"display":[{"edges":[0,1,1,2,2,3,3,4,4,5,5,6,6,7,7,8,8,9,9,10,10,11,11,12,12,13,13,14,14,15,15,16,16,17,17,18,18,19,19,20,20,21,21,22,22,23,23,24,24,25,25,26,26,27,27,28,28,29,29,30,30,31,31,32,32,33,33,34,34,35,35,36,36,37,37,38,38,39,39,40,40,41,41,0],"triangles":[61,22,23,24,25,23,25,61,23,64,19,20,67,61,25,26,67,25,32,46,31,46,30,31,48,21,22,61,48,22,43,20,21,48,43,21,43,64,20,68,29,30,27,67,26,33,52,32,52,46,32,67,48,61,46,68,30,47,18,19,64,62,19,67,53,48,28,67,27,28,65,67,50,28,29,68,50,29,34,52,33,62,47,19,51,43,48,53,51,48,65,53,67,43,62,64,65,44,53,43,63,62,42,68,46,52,42,46,69,51,53,47,54,18,50,65,28,54,56,17,35,59,52,35,52,34,9,63,43,54,17,18,63,47,62,51,9,43,42,50,68,11,56,54,56,16,17,59,42,52,44,69,53,57,65,50,42,57,50,59,66,42,58,44,65,36,59,35,63,10,47,10,54,47,12,13,56,56,13,15,66,49,42,49,57,42,57,4,65,4,58,65,9,10,63,69,8,51,8,9,51,56,15,16,10,11,54,7,69,44,58,7,44,4,5,58,66,60,49,11,12,56,45,59,36,37,45,36,49,4,57,13,14,15,45,66,59,7,8,69,6,7,58,3,4,49,55,45,37,38,55,37,60,3,49,5,6,58,39,55,38,45,60,66,1,2,55,55,2,60,55,60,45,0,55,39,2,3,60,40,0,39,0,1,55,41,0,40],"vertices":[-47.51,-118.35,-45.55,-108.47,-43.58,-98.57,-38.15,-91.17,-32.71,-83.77,-34.67,-78.64,-37.09,-69.13,-33.16,-64.52,-29.24,-59.92,-26.97,-47.68,-28.19,-32.74,-29.31,-23.98,-30.44,-15.22,-30.75,-7.52,-29.54,-4,-25.99,-4.93,-22.45,-5.86,-18.37,-16.43,-14.29,-27,-9.76,-38.93,-5.23,-50.85,-3.04,-58.03,-0.85,-65.2,2.49,-72.91,2.49,-76.83,-1.15,-78.49,-4.77,-80.15,-8.7,-81.35,-12.63,-82.56,-9.61,-89.06,-5.84,-97.67,-0.7,-100.69,-5.68,-110.95,-10.67,-118.36,-17.77,-119.86,-21.62,-119.79,-25.47,-119.71,-30.3,-122.89,-34.98,-125.01,-40.34,-124.55,-45.7,-124.09,-47.52,-123.19,-22.2,-96.52,-15.37,-52.97,-23.23,-70.6,-33.61,-110.07,-12.07,-102.13,-18.82,-35.99,-10.26,-63.04,-29.23,-95.31,-17.42,-87.93,-21.73,-55.97,-17.6,-107.37,-16.78,-68.79,-21.96,-29.49,-40.26,-111.72,-25.15,-17.26,-24.96,-86.83,-29.66,-74.05,-25.72,-110.22,-34.8,-98.41,-5.96,-68.12,-15.1,-41.16,-21.17,-42.32,-11.15,-49.43,-20.92,-82.14,-30.73,-107.37,-10.87,-72.77,-15.26,-94.27,-26.17,-61.64],"path":"Left Leg","userEdges":[],"bonePose":[4,0.026002474792936197,0.9996618784892434,-0.9996618784892434,0.026002474792936197,-17.71,-108.38,6,-0.1047020384902862,0.9945036365624704,-0.9945036365624704,-0.1047020384902862,-16.540260312307485,-76.86976183741169],"slotPose":[1,0,0,1,0,0],"uvs":[0,0.05496,0.03928,0.1367,0.07857,0.21844,0.18729,0.27959,0.29601,0.34074,0.25675,0.38317,0.20843,0.46179,0.28695,0.49985,0.36547,0.53791,0.41077,0.63899,0.38661,0.76254,0.36396,0.83492,0.34131,0.9073,0.33527,0.97094,0.35943,1,0.4304,0.99234,0.50137,0.98467,0.58291,0.89732,0.66445,0.80996,0.75505,0.71137,0.84565,0.61279,0.88944,0.55351,0.93323,0.49423,1,0.43059,1,0.39814,0.92735,0.38441,0.85471,0.37069,0.77619,0.3607,0.69767,0.35072,0.75807,0.29706,0.83357,0.22593,0.93625,0.20097,0.83659,0.11611,0.73693,0.05496,0.59499,0.04248,0.51798,0.0431,0.44097,0.04373,0.34433,0.01752,0.25071,0,0.1435,0.00377,0.03629,0.00754,0,0.01503,0.50611,0.2354,0.6428,0.59537,0.48555,0.44964,0.27804,0.12347,0.70885,0.18903,0.57368,0.73558,0.74492,0.51213,0.36565,0.24541,0.60179,0.30636,0.51558,0.57057,0.59819,0.14569,0.61475,0.46457,0.51108,0.78939,0.14488,0.10975,0.44725,0.89045,0.45104,0.31547,0.357,0.42116,0.4359,0.12213,0.25441,0.21979,0.83096,0.47009,0.64816,0.69291,0.52683,0.68333,0.72719,0.62456,0.53182,0.35429,0.3357,0.14569,0.73282,0.43166,0.6451,0.25398,0.42692,0.52365],"type":"mesh","transform":{},"width":50,"weights":[1,4,1,1,4,1,1,4,1,2,4,0.99904,6,0.00096,2,4,0.89305,6,0.10695,2,4,0.65489,6,0.34511,2,4,0.33896,6,0.66104,2,4,0.20561,6,0.79439,2,4,0.05707,6,0.94293,1,6,1,1,6,1,1,6,1,1,6,1,1,6,1,1,6,1,1,6,1,1,6,1,1,6,1,1,6,1,1,6,1,1,6,1,1,6,1,1,6,1,2,4,0.00027,6,0.99973,2,4,0.00364,6,0.99636,2,4,0.02512,6,0.97488,2,4,0.10034,6,0.89966,2,4,0.30178,6,0.69822,2,4,0.80166,6,0.19834,1,4,1,1,4,1,1,4,1,1,4,1,1,4,1,1,4,1,1,4,1,1,4,1,1,4,1,1,4,1,1,4,1,1,4,1,1,4,1,1,4,1,1,6,1,2,4,0.17124,6,0.82876,1,4,1,1,4,1,1,6,1,1,6,1,1,4,1,1,4,1,2,4,0.00155,6,0.99845,1,4,1,1,6,1,1,6,1,1,4,1,1,6,1,2,4,0.98687,6,0.01313,2,4,0.47208,6,0.52792,1,4,1,1,4,1,1,6,1,1,6,1,1,6,1,1,6,1,2,4,0.97587,6,0.02413,1,4,1,2,4,0.0092,6,0.9908,1,4,1,2,4,0.05144,6,0.94856],"height":121,"name":"Left Leg"}],"name":"Left Leg"},{"display":[{"uvs":[0.00025,0.92722,0.17669,0.5796,0.66112,0.20073,0.66634,0.26713,0.68304,0.29057,0.71854,0.30619,0.76135,0.27299,0.74673,0.23393,0.78014,0.20854,0.78849,0.14019,0.76657,0.08551,0.72167,0.00739,0.83652,0,0.89498,0.15191,0.95345,0.17534,1,0.16363,1,0.25541,0.94614,0.34916,0.92943,0.36283,0.92317,0.4136,0.94405,0.59913,0.91168,0.66358,0.87201,0.69092,0.86157,0.50344,0.77387,0.50734,0.75613,0.6792,0.4116,0.90379,0.22159,1,0,1],"edges":[28,27,27,26,26,25,25,24,24,23,23,22,22,21,21,20,20,19,19,18,18,17,17,16,16,15,15,14,14,13,13,12,12,11,11,10,10,9,9,8,8,7,7,6,6,5,5,4,4,3,3,2,2,1,1,0,0,28],"type":"mesh","vertices":[153.66,3.81,116.56,20.37,33.08,20.99,34.45,15.46,32.75,12.61,28.03,9.24,20.66,9.27,21.55,13.23,15.82,13.21,12.39,18.08,13.85,23.71,17.94,32.56,0.81,26.22,-2.91,10.75,-10.75,5.38,-17.98,3.5,-15.03,-3.72,-4.08,-7.85,-1.18,-7.92,1.37,-11.54,4.28,-27.39,11.11,-30.51,17.83,-30.27,13.33,-14.89,26.36,-9.92,34.51,-22.37,92.44,-19.28,123.49,-15.4,156.1,-2.05],"transform":{},"height":85,"path":"sWORD","width":159,"userEdges":[],"triangles":[14,17,16,14,16,15,19,23,20,18,17,14,13,18,14,23,21,20,6,23,18,8,6,18,13,8,18,18,23,19,23,22,21,6,24,23,12,9,13,9,8,13,11,10,12,10,9,12,6,5,24,7,6,8,4,25,24,5,4,24,3,26,4,4,26,25,1,26,3,1,3,2,1,27,26,1,0,27,0,28,27],"name":"sWORD"}],"name":"sWORD"},{"display":[{"edges":[14,15,15,16,16,17,17,18,18,19,19,20,20,21,21,22,22,23,23,24,24,25,25,26,26,27,27,28,28,29,29,30,30,31,31,32,32,33,33,34,34,35,35,36,36,37,37,38,38,39,39,40,40,41,41,42,42,0,0,1,1,2,2,3,3,4,4,5,5,6,6,7,7,8,8,9,9,10,10,11,11,12,12,13,13,14],"triangles":[53,31,32,53,32,33,34,53,33,31,58,30,35,53,34,54,53,35,58,29,30,59,29,58,53,43,31,43,58,31,36,37,35,37,54,35,59,28,29,48,43,53,54,48,53,43,59,58,28,26,27,26,24,25,43,47,59,38,54,37,59,60,28,60,26,28,51,24,26,47,60,59,60,51,26,38,39,54,39,57,54,57,48,54,48,63,43,63,47,43,24,49,23,49,22,23,51,49,24,4,5,63,45,65,49,63,5,47,5,6,47,40,57,39,45,49,51,60,45,51,49,61,22,61,21,22,6,60,47,2,63,48,57,2,48,55,45,60,6,7,60,41,57,40,2,4,63,65,46,49,46,61,49,2,3,4,7,55,60,41,1,57,61,20,21,1,2,57,9,55,7,46,66,61,55,65,45,42,1,41,52,20,61,55,62,65,62,46,65,66,52,61,52,19,20,8,9,7,10,62,55,52,64,19,17,18,19,64,17,19,9,10,55,50,44,62,0,1,42,44,66,46,62,44,46,56,17,64,44,64,66,66,64,52,10,50,62,44,56,64,56,16,17,11,50,10,11,13,50,50,14,44,14,56,44,15,16,56,13,14,50,14,15,56,12,13,11],"vertices":[-41.23,-183.02,-36.46,-176.25,-31.68,-169.47,-32.31,-161.49,-29.06,-161.08,-30.11,-156.56,-29.58,-154.66,-31.89,-151.21,-37.98,-154.78,-38.29,-144.8,-39.97,-140.71,-44.12,-142.33,-48.26,-143.96,-49.32,-132.31,-50.36,-120.65,-49.2,-112.73,-48.05,-104.79,-40.86,-103.43,-33.67,-102.07,-33.35,-109.1,-30.2,-113.2,-27.05,-117.29,-22.49,-122.07,-17.92,-126.85,-19.08,-131.26,-14.88,-133.36,-17.08,-139.66,-12.25,-141.86,-14.35,-144.59,-11.1,-148.69,-7.74,-154.88,-8.37,-162.44,-3.52,-167.16,-3.52,-169.16,-6.84,-173.94,-10.16,-178.72,-10.26,-181.45,-15.62,-184.99,-19.69,-184.99,-23.75,-184.99,-27.82,-184.99,-31.89,-185,-36.56,-184,-17.69,-162.21,-42.24,-121.59,-28.25,-138.18,-34.84,-128.57,-22.75,-152.8,-23.41,-169.25,-25.42,-128.44,-44.16,-131.3,-22.51,-138.1,-35.67,-116.01,-11.37,-169.46,-17.01,-174.91,-34.64,-140.67,-44.39,-113.19,-27.94,-173.96,-11.78,-157.05,-15.79,-150.84,-27,-146.99,-31.27,-119.88,-39.17,-132.57,-25.07,-162.33,-38.93,-114.22,-30.88,-131.15,-37.03,-122.12],"path":"LEft Arm","userEdges":[],"bonePose":[10,-0.2201867167473016,0.9754577437121732,-0.9754577437121732,-0.2201867167473016,-15.769428511407089,-174.11018604326335,13,-0.443540529264781,0.8962543159726027,-0.8962543159726027,-0.443540529264781,-21.208323904830262,-149.60637987158054],"slotPose":[1,0,0,1,0,0],"uvs":[0.26043,0.02035,0.3541,0.09017,0.44778,0.15999,0.43542,0.24226,0.49925,0.24659,0.47866,0.29314,0.48895,0.31262,0.44366,0.34834,0.32425,0.31154,0.31807,0.41437,0.28513,0.45659,0.20381,0.43981,0.12248,0.42303,0.1019,0.54319,0.08131,0.66334,0.10396,0.74507,0.1266,0.82679,0.26763,0.84087,0.40866,0.85494,0.41484,0.78241,0.4766,0.7402,0.53837,0.69798,0.62792,0.64873,0.71748,0.59948,0.69484,0.55401,0.77719,0.53236,0.73395,0.46741,0.82866,0.44468,0.78748,0.41654,0.85131,0.37432,0.91719,0.31046,0.90483,0.23252,1,0.18381,1,0.16324,0.93492,0.11399,0.86983,0.06474,0.86778,0.03659,0.76278,0,0.683,0,0.60322,0,0.52344,0,0.44366,0,0.35204,0.01018,0.72216,0.23491,0.24063,0.65375,0.51495,0.4826,0.38556,0.58165,0.62276,0.33193,0.61003,0.16231,0.57034,0.5831,0.20289,0.55357,0.62738,0.4835,0.36937,0.71127,0.84612,0.16016,0.73539,0.10395,0.38961,0.457,0.1983,0.74023,0.52105,0.11373,0.83809,0.28809,0.75921,0.35216,0.53954,0.39177,0.45565,0.67127,0.30075,0.54049,0.57737,0.2337,0.30538,0.72964,0.46327,0.55511,0.34269,0.64819],"type":"mesh","transform":{},"width":51,"weights":[1,10,1,1,10,1,1,10,1,1,10,1,1,10,1,2,10,0.96115,13,0.03885,2,10,0.87838,13,0.12162,2,10,0.4631,13,0.5369,2,10,0.32579,13,0.67421,2,10,0.14774,13,0.85226,2,10,0.03379,13,0.96621,2,10,0.00403,13,0.99597,1,13,1,1,13,1,1,13,1,1,13,1,1,13,1,1,13,1,1,13,1,1,13,1,1,13,1,1,13,1,1,13,1,1,13,1,1,13,1,1,13,1,1,13,1,2,10,0.00675,13,0.99325,2,10,0.11523,13,0.88477,2,10,0.65278,13,0.34722,2,10,0.96178,13,0.03822,1,10,1,1,10,1,1,10,1,1,10,1,1,10,1,1,10,1,1,10,1,1,10,1,1,10,1,1,10,1,1,10,1,1,10,1,1,10,1,1,13,1,2,10,0.0038,13,0.9962,1,13,1,1,10,1,1,10,1,1,13,1,2,10,0.00009,13,0.99991,1,13,1,1,13,1,1,10,1,1,10,1,2,10,0.05955,13,0.94045,1,13,1,1,10,1,2,10,0.98647,13,0.01353,2,10,0.75798,13,0.24202,2,10,0.25319,13,0.74681,1,13,1,2,10,0.0018,13,0.9982,1,10,1,1,13,1,2,10,0.00002,13,0.99998,1,13,1],"height":97,"name":"LEft Arm"}],"name":"LEft Arm"},{"display":[{"edges":[0,1,1,2,2,3,3,4,4,5,5,6,6,7,7,8,8,9,9,10,10,11,11,12,12,13,13,14,14,15,15,16,16,17,17,18,18,19,19,20,20,21,21,22,22,23,23,0],"triangles":[13,37,12,37,24,12,12,28,11,28,34,11,11,34,10,34,9,10,24,28,12,24,35,28,28,8,34,37,13,14,15,37,14,15,39,37,34,8,9,7,8,28,39,24,37,29,35,24,35,7,28,16,39,15,16,38,39,38,29,39,39,29,24,38,31,29,17,27,16,27,36,16,36,38,16,18,33,17,29,6,35,6,7,35,36,25,38,5,6,29,33,27,17,25,31,38,31,5,29,19,33,18,3,25,36,33,32,27,27,32,36,32,3,36,4,31,25,3,4,25,32,2,3,26,32,33,4,5,31,26,33,19,20,26,19,21,30,26,21,26,20,22,30,21,26,1,32,1,2,32,30,1,26,0,1,30,22,23,30,23,0,30],"vertices":[-7.52,-115.04,-2.34,-101.75,2.85,-88.46,16.89,-77.13,12.2,-63.84,19.15,-50.86,26.09,-37.87,32.7,-29.53,39.3,-21.18,52.52,-4.5,60.47,-3.15,60.47,-28.66,58.23,-48.66,55.99,-68.67,55.39,-77.28,45.65,-80.82,35.91,-84.38,34.7,-102.5,33.5,-120.62,22.78,-127.87,15.69,-137.16,6.62,-137.16,-1.38,-131.65,-7.53,-126.05,42.81,-55.35,26.44,-69.51,10.1,-114.09,24.36,-98.84,47.97,-35.06,34.52,-51.93,0.53,-118.72,23.21,-60.07,14.83,-98.9,20.17,-116.2,52.15,-18.51,38.14,-40.28,28.31,-83.66,49.66,-66.51,31.43,-69.61,39.99,-68.12],"path":"Right Leg","userEdges":[],"bonePose":[5,0.3189593092980698,0.9477684100095858,-0.9477684100095858,0.3189593092980698,13.41,-122.38,8,0.3695845874174794,0.9291970903653604,-0.9291970903653604,0.3695845874174794,27.795608896749304,-77.25127902687947],"slotPose":[1,0,0,1,0,0],"uvs":[0,0.1651,0.07625,0.26426,0.1525,0.36343,0.35902,0.44794,0.29018,0.54711,0.39232,0.64402,0.49447,0.74093,0.59162,0.80319,0.68877,0.86545,0.88307,0.98996,1,1,1,0.80967,0.96707,0.66036,0.93415,0.51105,0.92527,0.44681,0.78204,0.42033,0.63881,0.39385,0.62105,0.25863,0.60328,0.1234,0.44562,0.06931,0.34125,0,0.20802,0,0.09032,0.04114,0,0.08284,0.74043,0.61045,0.49949,0.50478,0.25911,0.17212,0.46885,0.28593,0.81614,0.76188,0.61839,0.63598,0.11849,0.1376,0.45212,0.57526,0.32883,0.28554,0.40734,0.1564,0.87763,0.88534,0.6717,0.72299,0.52703,0.39923,0.84113,0.52718,0.57281,0.50403,0.69894,0.51516],"type":"mesh","transform":{},"width":68,"weights":[1,5,1,1,5,1,2,5,0.99903,8,0.00097,2,5,0.45278,8,0.54722,2,5,0.0017,8,0.9983,1,8,1,1,8,1,1,8,1,1,8,1,1,8,1,1,8,1,1,8,1,1,8,1,1,8,1,2,5,0.00463,8,0.99537,2,5,0.07561,8,0.92439,2,5,0.59943,8,0.40057,1,5,1,1,5,1,1,5,1,1,5,1,1,5,1,1,5,1,1,5,1,1,8,1,1,8,1,1,5,1,1,5,1,1,8,1,1,8,1,1,5,1,1,8,1,1,5,1,1,5,1,1,8,1,1,8,1,2,5,0.95657,8,0.04343,2,5,0.00032,8,0.99968,2,5,0.00029,8,0.99971,2,5,0.00361,8,0.99639],"height":134,"name":"Right Leg"}],"name":"Right Leg"},{"display":[{"edges":[29,28,28,27,27,26,26,25,25,24,24,23,23,22,22,21,21,20,20,19,19,18,18,17,17,16,16,15,15,14,14,13,13,12,12,11,11,10,10,9,9,8,8,7,7,6,6,5,5,4,4,3,3,2,2,1,1,0,0,33,33,32,32,31,31,30,30,29],"triangles":[65,68,11,10,65,11,11,68,12,68,13,12,48,72,68,48,68,65,68,72,13,62,14,13,72,62,13,9,48,65,10,9,65,62,15,14,36,62,72,69,72,48,9,69,48,75,16,15,62,75,15,69,36,72,8,69,9,36,51,62,62,51,75,51,16,75,52,51,36,8,7,69,7,52,69,52,36,69,41,71,51,51,71,16,41,51,52,71,17,16,66,41,52,7,66,52,6,66,7,66,47,41,63,71,41,47,63,41,63,17,71,63,49,17,5,47,66,5,66,6,17,49,18,49,19,18,39,49,63,39,63,47,76,39,47,5,76,47,49,40,19,50,20,19,40,50,19,59,39,76,78,21,20,50,78,20,4,76,5,35,40,49,39,35,49,78,22,21,4,59,76,35,50,40,78,58,22,58,23,22,44,35,39,35,53,50,70,78,50,53,70,50,3,44,59,4,3,59,44,39,59,70,58,78,55,53,35,55,35,44,74,55,44,57,23,58,38,57,58,70,38,58,3,74,44,57,24,23,53,38,70,3,2,74,2,55,74,73,34,38,2,77,55,55,73,53,73,38,53,61,24,57,38,46,57,46,61,57,61,25,24,34,46,38,42,73,55,77,42,55,42,34,73,67,61,46,34,67,46,64,26,25,56,67,34,67,37,61,64,25,61,77,1,42,1,56,42,56,34,42,37,64,61,1,77,2,45,37,67,56,45,67,45,56,80,56,1,79,27,26,64,43,27,64,37,43,64,60,45,80,45,54,37,43,28,27,80,56,79,0,80,79,1,0,79,54,43,37,0,60,80,60,54,45,30,28,43,31,30,43,60,33,54,33,32,54,31,43,54,32,31,54,0,33,60,30,29,28],"vertices":[-12.72,-205.4,-10.46,-207.17,-8.21,-208.93,-5.96,-210.69,-3.71,-212.46,-1.49,-212.55,0.73,-212.65,2.51,-213.63,4.28,-214.62,6.05,-215.59,7.83,-216.58,9.86,-214.12,9.15,-212.69,8.43,-211.26,7.73,-209.83,7.01,-208.4,4.17,-207.79,1.32,-207.18,0.47,-205.77,-0.38,-204.34,-1.23,-202.92,-2.07,-201.49,-3.46,-200.52,-4.86,-199.55,-6.25,-198.57,-7.65,-197.59,-9.37,-197.19,-11.08,-196.8,-12.8,-196.4,-14.51,-196.01,-14.4,-197.65,-14.28,-199.29,-14.17,-200.95,-14.04,-202.59,-8.12,-203.77,-4.15,-206.74,5.35,-211.78,-10.74,-200.28,-5.89,-202.52,-2.77,-208.87,-2.7,-205.35,2.33,-209.78,-8.31,-206.21,-11.79,-198.3,-4.71,-209.26,-10.72,-202.62,-8,-201.05,-0.43,-210.19,7.15,-213.67,-1.52,-207.12,-3.04,-204.08,4.65,-210.03,3.48,-211.78,-5.49,-205.13,-12.32,-200.61,-6.18,-207.25,-10.07,-205.03,-6.17,-200.47,-4.41,-201.62,-3.18,-210.67,-11.98,-203.25,-8.49,-199.58,6.36,-210.37,-0.21,-208.63,-9.95,-198.51,7.85,-214.68,0.93,-211.39,-8.93,-202.55,8.33,-213.44,5.09,-213.34,-5.39,-203.43,2.45,-208.69,6.79,-212.31,-7.26,-205.14,-6.27,-209.03,5.55,-209.15,-1.77,-211.02,-7.89,-207.72,-3.27,-202.35,-11.14,-205.49,-11.33,-204.36],"path":"eye","userEdges":[],"bonePose":[17,0.6795693539319416,-0.7336112684497995,0.7336112684497995,0.6795693539319416,-10.960962694485874,-199.29873977652392,18,0.6382305196754355,-0.7698453115755293,0.7698453115755293,0.6382305196754355,-3.7815487105426726,-206.59291655304645,20,0.8689771981327377,-0.4948521285448584,0.4948521285448584,0.8689771981327377,2.3724959212010366,-209.89526945219373],"slotPose":[1,0,0,1,0,0],"uvs":[0.07199,0.57304,0.16208,0.49282,0.25217,0.41261,0.34225,0.33239,0.43234,0.25218,0.52126,0.24774,0.61018,0.24331,0.68116,0.19855,0.75214,0.15379,0.82312,0.10903,0.8941,0.06427,0.97522,0.17595,0.94675,0.2411,0.91828,0.30624,0.88981,0.37139,0.86134,0.43654,0.74746,0.46401,0.63358,0.49149,0.59965,0.5562,0.56572,0.6209,0.53179,0.6856,0.49786,0.75031,0.44209,0.79462,0.38632,0.83894,0.33055,0.88326,0.27479,0.92758,0.20609,0.94568,0.13739,0.96379,0.0687,0.98189,0,1,0.00474,0.92517,0.00947,0.85034,0.01421,0.7755,0.01895,0.70067,0.25549,0.6468,0.41473,0.51159,0.79492,0.28232,0.15095,0.80534,0.34506,0.7036,0.46978,0.41479,0.47295,0.57516,0.674,0.37341,0.24815,0.53607,0.10907,0.89594,0.3922,0.39749,0.15168,0.6993,0.26077,0.77032,0.56371,0.35504,0.86692,0.19652,0.52009,0.49483,0.45915,0.6326,0.76698,0.36193,0.71966,0.28273,0.36102,0.58512,0.08798,0.79031,0.33336,0.48879,0.1779,0.5896,0.33402,0.7972,0.40427,0.7447,0.4536,0.33327,0.10169,0.67058,0.24078,0.83745,0.8354,0.34679,0.57223,0.42595,0.18273,0.88615,0.89486,0.15074,0.61776,0.30049,0.22364,0.7025,0.91403,0.20747,0.78447,0.21164,0.36515,0.66243,0.67886,0.42339,0.85247,0.25851,0.29016,0.58484,0.32996,0.40802,0.80271,0.40247,0.50977,0.31721,0.26501,0.46778,0.45005,0.71171,0.13489,0.5689,0.12762,0.62025],"type":"mesh","transform":{},"width":25,"weights":[1,17,1,2,17,0.99558,18,0.00442,2,17,0.82282,18,0.17718,2,17,0.3111,18,0.6889,3,17,0.04161,18,0.9541,20,0.00429,3,17,0.00176,18,0.84858,20,0.14966,2,18,0.33516,20,0.66484,2,18,0.03966,20,0.96034,2,18,0.00017,20,0.99983,1,20,1,1,20,1,1,20,1,1,20,1,1,20,1,1,20,1,1,20,1,2,18,0.00686,20,0.99314,2,18,0.51181,20,0.48819,3,17,0.01806,18,0.83833,20,0.14362,3,17,0.14849,18,0.81733,20,0.03418,3,17,0.41709,18,0.57894,20,0.00397,2,17,0.65708,18,0.34292,2,17,0.83675,18,0.16325,2,17,0.94978,18,0.05022,2,17,0.99183,18,0.00817,2,17,0.99985,18,0.00015,1,17,1,1,17,1,1,17,1,1,17,1,1,17,1,1,17,1,1,17,1,1,17,1,1,17,1,2,17,0.21503,18,0.78497,1,20,1,1,17,1,2,17,0.96621,18,0.03379,2,17,0.01703,18,0.98297,3,17,0.19867,18,0.79573,20,0.0056,2,18,0.00805,20,0.99195,2,17,0.98898,18,0.01102,1,17,1,2,17,0.24168,18,0.75832,1,17,1,2,17,0.99921,18,0.00079,2,18,0.75369,20,0.24631,1,20,1,3,17,0.00051,18,0.95208,20,0.04741,3,17,0.50314,18,0.49579,20,0.00106,1,20,1,2,18,0.00841,20,0.99159,2,17,0.99842,18,0.00158,1,17,1,2,17,0.82638,18,0.17362,1,17,1,2,17,0.97706,18,0.02294,2,17,0.86827,18,0.13173,3,17,0.04308,18,0.95523,20,0.00169,1,17,1,2,17,0.99992,18,0.00008,1,20,1,2,18,0.75557,20,0.24443,1,17,1,1,20,1,2,18,0.3309,20,0.6691,1,17,1,1,20,1,1,20,1,2,17,0.94525,18,0.05475,2,18,0.09024,20,0.90976,1,20,1,1,17,1,2,17,0.54893,18,0.45107,1,20,1,3,17,0.00428,18,0.93008,20,0.06564,2,17,0.89802,18,0.10198,2,17,0.71035,18,0.28965,1,17,1,1,17,1],"height":22,"name":"eye"}],"name":"eye"},{"display":[{"edges":[33,0,0,1,1,2,2,3,3,4,4,5,5,6,6,7,7,8,8,9,9,10,10,11,11,12,12,13,13,14,14,15,15,16,16,17,17,18,18,19,19,20,20,21,21,22,22,23,23,24,24,25,25,26,26,27,27,28,28,29,29,30,30,31,31,32,32,33],"triangles":[17,42,16,42,15,16,41,43,42,43,44,15,42,43,15,45,13,14,15,45,14,19,42,17,18,19,17,44,45,15,45,12,13,41,5,43,27,25,26,44,11,12,44,12,45,4,5,41,44,9,11,40,42,19,9,10,11,39,41,42,21,36,40,36,39,40,39,42,40,8,9,44,43,8,44,28,25,27,22,36,21,6,8,43,38,41,39,23,36,22,25,23,24,36,35,39,35,36,23,37,38,39,35,37,39,25,35,23,30,34,29,6,7,8,28,29,25,34,35,25,29,34,25,5,6,43,30,33,34,38,3,41,3,4,41,37,3,38,34,37,35,2,3,37,34,2,37,32,33,30,33,0,34,1,2,34,0,1,34,31,32,30,20,21,19,21,40,19],"vertices":[-2.36,-171.38,5.13,-163.22,18.05,-167.12,23.83,-160.67,20.25,-152.17,29.09,-129.21,28.24,-126.16,24.16,-117.65,30.11,-113.92,34.53,-111.19,36.74,-108.01,46.6,-111.37,51.36,-117.99,54.94,-118.17,57.83,-127.85,55.78,-130.23,65.48,-149.95,57.31,-163.39,50.34,-170.01,47.8,-168.14,45.75,-179.7,42.53,-176.65,39.64,-180.9,35.9,-186,38.28,-188.89,34.37,-195.86,47.8,-211,39.46,-211,25.7,-205.03,19.07,-205.89,15.16,-205.54,5.13,-209.79,-2.18,-200.78,-3.52,-186.17,18.31,-172.47,27.65,-174.52,34.57,-175.54,25.74,-168.89,28.68,-164.92,36.62,-169.53,42.37,-171.96,29.95,-160.06,43.01,-164.41,34.17,-128.06,41.99,-125.75,51.07,-125.75],"path":"right Arm","userEdges":[],"bonePose":[9,0.6101451639012678,0.7922896433551907,-0.7922896433551907,0.6101451639012678,11.848241643739922,-201.34963712439753,14,0.015358293574953163,0.9998820544536569,-0.9998820544536569,0.015358293574953163,41.40789455680566,-167.50554872392374],"slotPose":[1,0,0,1,0,0],"uvs":[0.01693,0.38473,0.12534,0.46395,0.31258,0.42599,0.39635,0.48871,0.34461,0.57124,0.47273,0.79405,0.46041,0.82376,0.40128,0.90628,0.48751,0.94259,0.55157,0.969,0.58359,1,0.72649,0.96735,0.79548,0.90298,0.84722,0.90133,0.8891,0.80725,0.85953,0.78415,1,0.59269,0.88171,0.4623,0.78069,0.39794,0.74374,0.41609,0.71417,0.30386,0.66736,0.33357,0.62548,0.29231,0.57128,0.24279,0.60577,0.21473,0.5491,0.14706,0.74374,0,0.62301,0,0.42345,0.05794,0.32736,0.04969,0.2707,0.05299,0.12534,0.01172,0.01939,0.0992,0,0.24114,0.31637,0.37407,0.45179,0.35419,0.55196,0.34425,0.42396,0.40887,0.46663,0.44739,0.58164,0.40266,0.66512,0.37904,0.48518,0.49462,0.6744,0.45236,0.5464,0.80529,0.65955,0.82766,0.79126,0.82766],"type":"mesh","transform":{},"width":69,"weights":[1,9,1,1,9,1,2,9,0.99093,14,0.00907,2,9,0.74723,14,0.25277,2,9,0.37233,14,0.62767,2,9,0.00509,14,0.99491,2,9,0.00091,14,0.99909,1,14,1,1,14,1,1,14,1,1,14,1,1,14,1,1,14,1,1,14,1,1,14,1,1,14,1,1,14,1,1,14,1,1,14,1,2,9,0.00283,14,0.99717,2,9,0.26574,14,0.73426,2,9,0.44153,14,0.55847,2,9,0.8541,14,0.1459,2,9,0.98801,14,0.01199,2,9,0.99901,14,0.00099,1,9,1,1,9,1,1,9,1,1,9,1,1,9,1,1,9,1,1,9,1,1,9,1,1,9,1,2,9,0.99966,14,0.00034,1,9,1,2,9,0.96253,14,0.03747,2,9,0.98308,14,0.01692,2,9,0.90283,14,0.09717,2,9,0.98875,14,0.01125,2,9,0.26908,14,0.73092,2,9,0.64712,14,0.35288,1,14,1,2,9,0.00131,14,0.99869,1,14,1,1,14,1],"height":103,"name":"right Arm"}],"name":"right Arm"},{"display":[{"path":"Head","type":"image","name":"Head","transform":{"y":7.5,"skX":118.55,"skY":118.55,"x":22.91}}],"name":"Head"},{"display":[{"edges":[22,0,0,1,1,2,2,3,3,4,4,5,5,6,6,7,7,8,8,9,9,10,10,11,11,12,12,13,13,14,14,15,15,16,16,17,17,18,18,19,19,20,20,21,21,22],"triangles":[33,11,12,13,33,12,8,37,7,37,39,7,5,6,7,39,5,7,33,10,11,38,39,37,30,32,10,33,30,10,32,9,10,9,37,8,32,37,9,30,31,32,32,31,37,35,40,5,3,4,5,40,3,5,39,35,5,30,28,31,31,26,37,26,25,37,25,38,37,38,35,39,14,33,13,14,30,33,29,28,30,1,3,40,23,40,38,25,24,38,38,40,35,24,23,38,36,1,40,27,26,31,28,27,31,0,1,36,34,29,30,15,34,30,14,15,30,23,36,40,26,19,25,19,24,25,27,19,26,19,23,24,34,16,29,18,19,27,16,17,28,18,27,28,17,18,28,29,16,28,19,20,23,1,2,3,20,36,23,21,0,36,15,16,34,22,0,21,20,21,36],"vertices":[-35.84,-121.06,-25.56,-108.68,-19.83,-100.23,-15.14,-104.16,-2.61,-101.28,7.2,-123.03,22,-116.68,26.49,-146.59,11.87,-157.16,9.92,-159.57,12.78,-170.29,20.93,-176.33,26.48,-202.31,3.72,-204,-11.83,-196.57,-24.21,-192.49,-25.12,-174.82,-26.93,-166.96,-24.52,-162.59,-24.51,-150.81,-27.83,-142.2,-31,-131.03,-37.95,-126.96,-16.2,-139.79,-12.58,-147.64,-11.23,-152.47,-11.83,-158.06,-13.65,-161.38,-13.95,-170.44,-14.85,-179.95,-11.08,-183.58,-5.34,-165.01,2.52,-166.36,-0.96,-197.32,-21.65,-180.86,-2.16,-134.5,-22.85,-134.2,4.33,-152.47,-2.17,-143.72,2.06,-135.41,-10.62,-132.09],"path":"Chest","userEdges":[],"bonePose":[3,0.24987304883695463,-0.9682786063240916,0.9682786063240916,0.24987304883695463,-6.04,-137.55,7,-0.09376079090836636,-0.9955947539477285,0.9955947539477285,-0.09376079090836636,-2.542718654052761,-151.94267949991558],"slotPose":[1,0,0,1,0,0],"uvs":[0.16904,0.60098,0.30595,0.6907,0.38245,0.75198,0.44487,0.72353,0.61197,0.74432,0.74284,0.58675,0.94015,0.63271,1,0.41606,0.80525,0.33946,0.77908,0.32196,0.81733,0.24427,0.92605,0.2005,1,0.0123,0.69653,0,0.48916,0.05388,0.32407,0.08342,0.31199,0.21144,0.28783,0.26834,0.32004,0.30007,0.32004,0.38542,0.27575,0.44779,0.20931,0.50688,0.14085,0.5583,0.43077,0.4653,0.47909,0.4084,0.49721,0.37338,0.48916,0.3329,0.465,0.30883,0.46097,0.24317,0.44889,0.17424,0.49923,0.14798,0.57573,0.28256,0.68043,0.27272,0.63412,0.0484,0.35829,0.16767,0.61801,0.50359,0.34219,0.50578,0.70459,0.37338,0.61801,0.43685,0.67439,0.49703,0.50527,0.5211],"type":"mesh","transform":{},"width":75,"weights":[1,3,1,1,3,1,1,3,1,1,3,1,1,3,1,2,3,0.99986,7,0.00014,1,3,1,2,3,0.78399,7,0.21601,2,3,0.28368,7,0.71632,2,3,0.11416,7,0.88584,1,7,1,1,7,1,1,7,1,1,7,1,1,7,1,1,7,1,2,3,0.03004,7,0.96996,2,3,0.10018,7,0.89982,2,3,0.18752,7,0.81248,2,3,0.657,7,0.343,2,3,0.91481,7,0.08519,2,3,0.99668,7,0.00332,1,3,1,2,3,0.95351,7,0.04649,2,3,0.79291,7,0.20709,2,3,0.51348,7,0.48652,2,3,0.22067,7,0.77933,2,3,0.15463,7,0.84537,2,3,0.03061,7,0.96939,2,3,0.0023,7,0.9977,1,7,1,2,3,0.00554,7,0.99446,2,3,0.0001,7,0.9999,1,7,1,2,3,0.00472,7,0.99528,1,3,1,2,3,0.98414,7,0.01586,2,3,0.30332,7,0.69668,1,3,1,2,3,0.99384,7,0.00616,2,3,0.99999,7,0.00001],"height":138,"name":"Chest"}],"name":"Chest"}]}],"bone":[{"name":"root","transform":{}},{"transform":{"y":-134.44,"x":5.63},"name":"Mid","parent":"root"},{"transform":{"y":-9.82,"x":45.03},"name":"shadow","parent":"root"},{"length":12,"transform":{"y":-3.11,"skX":-75.53,"skY":-75.53,"x":-11.67},"parent":"Mid","name":"chest"},{"length":29,"transform":{"y":26.06,"skX":88.51,"skY":88.51,"x":-23.34},"parent":"Mid","name":"Left Leg"},{"length":41,"transform":{"y":12.06,"skX":71.4,"skY":71.4,"x":7.78},"parent":"Mid","name":"Right Leg"},{"length":66,"transform":{"y":-0.35,"skX":7.5,"skY":7.5,"x":31.53},"parent":"Left Leg","name":"bone3"},{"length":33,"transform":{"y":-0.21,"skX":-19.85,"skY":-19.85,"x":14.81},"parent":"chest","name":"chest upper"},{"length":77,"transform":{"y":0.76,"skX":-3.09,"skY":-3.09,"x":47.36},"parent":"Right Leg","name":"bone2"},{"length":42,"transform":{"y":18.96,"skX":147.78,"skY":147.78,"x":47.84},"parent":"chest upper","name":"Right Arm"},{"length":24,"transform":{"y":-11.09,"skX":-161.9,"skY":-161.9,"x":23.31},"parent":"chest upper","name":"Left Arm"},{"length":111,"transform":{"y":15.93,"skX":173.24,"skY":173.24,"x":15.69},"parent":"chest upper","name":"cape"},{"length":30,"transform":{"y":0.07,"skX":-23.17,"skY":-23.17,"x":33.99},"parent":"chest upper","name":"head"},{"length":42,"transform":{"y":-0.09,"skX":13.61,"skY":13.61,"x":25.1},"parent":"Left Arm","name":"bone4"},{"length":50,"transform":{"y":-2.77,"skX":36.72,"skY":36.72,"x":44.85},"parent":"Right Arm","name":"bone5"},{"length":136,"transform":{"y":-13.88,"skX":-24.31,"skY":-24.31,"x":5.77},"parent":"cape","name":"bone6"},{"length":123,"transform":{"y":13.24,"skX":40.65,"skY":40.65,"x":7.9},"parent":"cape","name":"bone"},{"length":9,"transform":{"y":1.8,"skX":71.36,"skY":71.36,"x":14.4},"parent":"head","name":"flame eye"},{"length":3,"transform":{"y":0.31,"skX":-3.15,"skY":-3.15,"x":10.23},"parent":"flame eye","name":"bone8"},{"length":134,"transform":{"y":-1.37,"skX":41.4,"skY":41.4,"x":49.24},"parent":"bone4","name":"Sword"},{"length":6,"transform":{"y":2.63,"skX":20.68,"skY":20.68,"x":6.47},"parent":"bone8","name":"bone9"}],"ik":[],"name":"TheFallen"}],"name":"TheFallen","version":"5.0"}