{"SubTexture":[{"frameY":-1,"y":483,"frameWidth":210,"frameX":-1,"frameHeight":9,"width":208,"height":7,"name":"Shadow","x":1},{"width":253,"y":1,"height":178,"name":"CApe","x":1},{"width":50,"y":321,"height":121,"name":"Left Leg","x":142},{"width":159,"y":181,"height":85,"name":"sWORD","x":1},{"width":68,"y":268,"height":134,"name":"Right Leg","x":1},{"width":51,"y":373,"height":97,"name":"LEft Arm","x":71},{"width":75,"y":181,"height":138,"name":"Chest","x":162},{"frameY":-1,"y":404,"frameWidth":55,"frameX":-1,"frameHeight":79,"width":53,"height":77,"name":"Head","x":1},{"width":69,"y":268,"height":103,"name":"right Arm","x":71},{"width":25,"y":472,"height":22,"name":"eye","x":211}],"width":256,"height":512,"name":"TheFallen","imagePath":"TheFallen_tex.png"}