{"frameRate":30,"isGlobal":0,"armature":[{"bone":[{"name":"root","transform":{}},{"transform":{"y":-459.78,"x":254.37},"name":"IKARmRight","parent":"root"},{"transform":{"y":-399.19,"x":-240.19},"name":"IKArmLeft","parent":"root"},{"transform":{"y":-74.27,"x":-571.91},"name":"IKLEFT","parent":"root"},{"transform":{"y":-124.54,"x":395.38},"name":"IKRight","parent":"root"},{"transform":{"y":-579.85,"x":14.73},"name":"mid","parent":"root"},{"transform":{"y":-86.31,"x":16.76},"name":"shadow","parent":"root"},{"length":227,"transform":{"y":56.33,"skX":103.92,"skY":103.92,"x":4.77},"parent":"mid","name":"mid2"},{"transform":{"y":-77.82,"x":-23.35},"name":"chest","parent":"mid"},{"transform":{"y":-474.73,"x":29.94},"name":"Tree TRunk","parent":"chest"},{"length":106,"transform":{"y":15.2,"skX":136.29,"skY":136.29,"x":-65.32},"parent":"chest","name":"left arm"},{"length":76,"transform":{"y":-7.34,"skX":36.03,"skY":36.03,"x":45.26},"parent":"chest","name":"right arm"},{"length":82,"transform":{"y":-14.27,"skX":-164.43,"skY":-164.43,"x":-41.5},"parent":"chest","name":"head"},{"length":348,"transform":{"y":-115.42,"skX":-76.56,"skY":-76.56,"x":215.55},"parent":"mid2","name":"mid4"},{"length":450,"transform":{"y":35.45,"skX":54.7,"skY":54.7,"x":266.1},"parent":"mid2","name":"mid3"},{"length":118,"transform":{"y":-3.48,"skX":21.04,"skY":21.04,"x":100.59},"parent":"right arm","name":"chest3"},{"transform":{"y":167.5,"x":371.1},"name":"right trunk transform","parent":"Tree TRunk"},{"length":126,"transform":{"y":-4.15,"skX":-21.55,"skY":-21.55,"x":113.1},"parent":"left arm","name":"chest4"},{"transform":{"y":162.62,"x":-198.7},"name":"trunk Transform","parent":"Tree TRunk"}],"type":"Armature","name":"Jubokko","defaultActions":[{"gotoAndPlay":"Attack"}],"ik":[{"bone":"mid4","name":"IKRight","bendPositive":"false","target":"IKRight"},{"bone":"mid3","name":"IKLEFT","bendPositive":"false","target":"IKLEFT"},{"bone":"chest3","name":"IKARmRight","bendPositive":"false","target":"IKARmRight"},{"bone":"chest4","name":"IKArmLeft","bendPositive":"false","target":"IKArmLeft"}],"aabb":{"width":1427.3278913092308,"y":-1656.1223897999998,"height":1639.0051108603607,"x":-630.5078913092308},"animation":[{"bone":[{"frame":[{"curve":[0.25,0,1,0.77],"transform":{},"duration":10},{"curve":[0.553,0.42,0.331,0.95],"transform":{"x":-19.02},"duration":5},{"curve":[0.25,0,0.997,0.71],"transform":{"x":-36.92},"duration":15},{"transform":{},"duration":0}],"name":"root"},{"frame":[{"curve":[0.25,0,1,0.77],"transform":{},"duration":10},{"curve":[0.25,0,0.331,0.95],"transform":{"x":19.97},"duration":5},{"curve":[0.25,0,0.997,0.71],"transform":{"y":25.07,"x":19.97},"duration":15},{"transform":{},"duration":0}],"name":"mid"},{"frame":[{"curve":[0.25,0,1,0.77],"transform":{},"duration":10},{"curve":[0.25,0,0.331,0.95],"transform":{"y":-28.29,"x":-3.33},"duration":5},{"curve":[0.25,0,0.997,0.71],"transform":{"y":-28.29,"x":-38.64},"duration":15},{"transform":{},"duration":0}],"name":"chest"},{"frame":[{"curve":[0.25,0,1,0.77],"transform":{},"duration":10},{"curve":[0.368,0,0.331,0.95],"transform":{"y":-6.66,"x":-1.66},"duration":5},{"curve":[0.25,0,0.997,0.71],"transform":{"y":-4.65,"x":-1.16},"duration":15},{"transform":{},"duration":0}],"name":"head"},{"frame":[{"curve":[0.25,0,1,0.77],"transform":{},"duration":10},{"curve":[0.4605,0.21,0.331,0.95],"transform":{"y":10.75,"skX":-0.25,"skY":-0.25,"x":18.2},"duration":5},{"curve":[0.25,0,0.997,0.71],"transform":{"y":20.86,"skX":-0.17,"skY":-0.17,"x":35.31},"duration":15},{"transform":{},"duration":0}],"name":"Tree TRunk"},{"frame":[{"transform":{},"duration":10},{"transform":{},"duration":5},{"transform":{},"duration":15},{"transform":{},"duration":0}],"name":"mid2"},{"frame":[{"curve":[0.25,0,1,0.77],"transform":{},"duration":10},{"curve":[0.4605,0.21,0.331,0.95],"transform":{"y":-15.07,"skX":38.34,"skY":38.34,"x":1.08},"duration":5},{"curve":[0.25,0,0.997,0.71],"transform":{"y":-29.25,"skX":26.77,"skY":26.77,"x":2.09},"duration":15},{"transform":{},"duration":0}],"name":"IKLEFT"},{"frame":[{"curve":[0.25,0,1,0.77],"transform":{"skX":-0.66,"skY":-0.66},"duration":10},{"curve":[0.331,0.3,0.331,0.95],"transform":{"skX":1.56,"skY":1.56},"duration":5},{"curve":[0.25,0,0.997,0.71],"transform":{"skX":5.51,"skY":5.51},"duration":15},{"transform":{"skX":-0.66,"skY":-0.66},"duration":0}],"name":"mid3"},{"frame":[{"curve":[0.25,0,1,0.77],"transform":{},"duration":10},{"curve":[0.368,0,0.331,0.95],"transform":{"y":18.3,"x":56.58},"duration":5},{"curve":[0.25,0,0.997,0.71],"transform":{"y":12.78,"x":39.51},"duration":15},{"transform":{},"duration":0}],"name":"IKRight"},{"frame":[{"curve":[0.25,0,1,0.77],"transform":{"skX":-0.21,"skY":-0.21},"duration":10},{"curve":[0.331,0.3,0.331,0.95],"transform":{"skX":-0.27,"skY":-0.27},"duration":5},{"curve":[0.25,0,0.997,0.71],"transform":{"skX":-3.31,"skY":-3.31},"duration":15},{"transform":{"skX":-0.21,"skY":-0.21},"duration":0}],"name":"mid4"},{"frame":[{"curve":[0.25,0,1,0.77],"transform":{},"duration":10},{"curve":[0.4605,0.21,0.331,0.95],"transform":{"y":0.13,"skX":30.2,"skY":30.2,"x":30.6},"duration":5},{"curve":[0.25,0,0.997,0.71],"transform":{"y":0.26,"skX":21.09,"skY":21.09,"x":59.38},"duration":15},{"transform":{},"duration":0}],"name":"trunk Transform"},{"frame":[{"curve":[0.25,0,1,0.77],"transform":{},"duration":10},{"curve":[0.4605,0.21,0.331,0.95],"transform":{"y":0.14,"skX":19.87,"skY":19.87,"x":32.26},"duration":5},{"curve":[0.25,0,0.997,0.71],"transform":{"y":0.27,"skX":13.88,"skY":13.88,"x":62.59},"duration":15},{"transform":{},"duration":0}],"name":"right trunk transform"},{"frame":[{"curve":[0.25,0,1,0.77],"transform":{},"duration":10},{"curve":[0.25,0,0.331,0.95],"transform":{"skX":-24.82,"skY":-24.82},"duration":5},{"curve":[0.25,0,0.997,0.71],"transform":{"skX":-42.82,"skY":-42.82},"duration":15},{"transform":{},"duration":0}],"name":"right arm"},{"frame":[{"curve":[0.25,0,1,0.77],"transform":{},"duration":10},{"curve":[0.25,0,0.331,0.95],"transform":{"y":-128.25,"x":172.42},"duration":5},{"curve":[0.25,0,0.997,0.71],"transform":{"y":-234.18,"x":172.42},"duration":15},{"transform":{},"duration":0}],"name":"IKARmRight"},{"frame":[{"curve":[0.25,0,1,0.77],"transform":{"skX":-9.13,"skY":-9.13},"duration":10},{"curve":[0.331,0.3,0.331,0.95],"transform":{"skX":-14.24,"skY":-14.24},"duration":5},{"curve":[0.25,0,0.997,0.71],"transform":{"skX":-16.17,"skY":-16.17},"duration":15},{"transform":{"skX":-9.13,"skY":-9.13},"duration":0}],"name":"chest3"},{"frame":[{"curve":[0.25,0,1,0.77],"transform":{},"duration":10},{"curve":[0.4605,0.21,0.331,0.95],"transform":{"y":-9.98,"skX":19.17,"skY":19.17,"x":-29.93},"duration":5},{"curve":[0.25,0,0.997,0.71],"transform":{"y":-6.97,"skX":37.2,"skY":37.2,"x":-20.9},"duration":15},{"transform":{},"duration":0}],"name":"left arm"},{"frame":[{"curve":[0.25,0,1,0.77],"transform":{},"duration":10},{"curve":[0.25,0,0.331,0.95],"transform":{"y":-99.75,"x":-86.92},"duration":5},{"curve":[0.25,0,0.997,0.71],"transform":{"y":-221.73,"x":-802.75},"duration":15},{"transform":{},"duration":0}],"name":"IKArmLeft"},{"frame":[{"curve":[0.25,0,1,0.77],"transform":{"skX":3.58,"skY":3.58},"duration":10},{"curve":[0.331,0.3,0.331,0.95],"transform":{"skX":2.72,"skY":2.72},"duration":5},{"curve":[0.25,0,0.997,0.71],"transform":{"skX":27.03,"skY":27.03},"duration":15},{"transform":{"skX":3.58,"skY":3.58},"duration":0}],"name":"chest4"},{"frame":[{"curve":[0.25,0,1,0.77],"transform":{},"duration":10},{"curve":[0.368,0,0.331,0.95],"transform":{"scX":1.12,"scY":0.92},"duration":5},{"curve":[0.25,0,0.997,0.71],"transform":{"scX":1.084,"scY":0.944},"duration":15},{"transform":{},"duration":0}],"name":"shadow"}],"frame":[],"duration":30,"ffd":[],"name":"Attack","slot":[],"ik":[]},{"bone":[{"frame":[{"curve":[0.25,0,0.259,0.93],"transform":{},"duration":10},{"curve":[0.25,0,0.966,0.81],"transform":{"x":45.8},"duration":20},{"transform":{},"duration":0}],"name":"root"},{"frame":[{"curve":[0.25,0,0.259,0.93],"transform":{},"duration":10},{"curve":[0.25,0,0.966,0.81],"transform":{"y":54.96,"x":43.97},"duration":20},{"transform":{},"duration":0}],"name":"mid"},{"frame":[{"transform":{},"duration":30},{"transform":{},"duration":0}],"name":"chest"},{"frame":[{"transform":{},"duration":30},{"transform":{},"duration":0}],"name":"head"},{"frame":[{"transform":{},"duration":30},{"transform":{},"duration":0}],"name":"Tree TRunk"},{"frame":[{"transform":{},"duration":30},{"transform":{},"duration":0}],"name":"mid2"},{"frame":[{"transform":{},"duration":30},{"transform":{},"duration":0}],"name":"IKLEFT"},{"frame":[{"transform":{"skX":-0.66,"skY":-0.66},"duration":30},{"transform":{"skX":-0.66,"skY":-0.66},"duration":0}],"name":"mid3"},{"frame":[{"transform":{},"duration":30},{"transform":{},"duration":0}],"name":"IKRight"},{"frame":[{"transform":{"skX":-0.21,"skY":-0.21},"duration":30},{"transform":{"skX":-0.21,"skY":-0.21},"duration":0}],"name":"mid4"},{"frame":[{"curve":[0.25,0,0.259,0.93],"transform":{},"duration":10},{"curve":[0.25,0,0.966,0.81],"transform":{"x":76.33},"duration":20},{"transform":{},"duration":0}],"name":"trunk Transform"},{"frame":[{"curve":[0.25,0,0.259,0.93],"transform":{},"duration":10},{"curve":[0.25,0,0.966,0.81],"transform":{"y":56.71,"x":-30.53},"duration":20},{"transform":{},"duration":0}],"name":"right trunk transform"},{"frame":[{"curve":[0.25,0,0.259,0.93],"transform":{},"duration":10},{"curve":[0.25,0,0.966,0.81],"transform":{"y":-5.5,"x":23.82},"duration":20},{"transform":{},"duration":0}],"name":"right arm"},{"frame":[{"curve":[0.25,0,0.259,0.93],"transform":{},"duration":10},{"curve":[0.25,0,0.966,0.81],"transform":{"y":-7.33,"x":64.12},"duration":20},{"transform":{},"duration":0}],"name":"IKARmRight"},{"frame":[{"transform":{"skX":-9.13,"skY":-9.13},"duration":30},{"transform":{"skX":-9.13,"skY":-9.13},"duration":0}],"name":"chest3"},{"frame":[{"curve":[0.25,0,0.259,0.93],"transform":{},"duration":10},{"curve":[0.25,0,0.966,0.81],"transform":{"y":12.82,"x":40.3},"duration":20},{"transform":{},"duration":0}],"name":"left arm"},{"frame":[{"curve":[0.25,0,0.259,0.93],"transform":{},"duration":10},{"curve":[0.25,0,0.966,0.81],"transform":{"y":12.82,"x":31.14},"duration":20},{"transform":{},"duration":0}],"name":"IKArmLeft"},{"frame":[{"transform":{"skX":3.58,"skY":3.58},"duration":30},{"transform":{"skX":3.58,"skY":3.58},"duration":0}],"name":"chest4"},{"frame":[{"transform":{},"duration":30},{"transform":{},"duration":0}],"name":"shadow"}],"frame":[],"duration":30,"ffd":[],"name":"Damage","slot":[],"ik":[]},{"bone":[{"frame":[{"curve":[0.25,0,0.526,0.97],"transform":{},"duration":30},{"curve":[0.25,0,0.75,1],"transform":{"y":13.07,"x":5.23},"duration":30},{"transform":{},"duration":0}],"name":"mid"},{"frame":[{"curve":[0.25,0,0.526,0.97],"transform":{},"duration":30},{"curve":[0.25,0,0.75,1],"transform":{"skX":-1.2,"skY":-1.2},"duration":30},{"transform":{},"duration":0}],"name":"left arm"},{"frame":[{"curve":[0.25,0,0.526,0.97],"transform":{},"duration":30},{"curve":[0.25,0,0.75,1],"transform":{"skX":4.8,"skY":4.8},"duration":30},{"transform":{},"duration":0}],"name":"right arm"},{"frame":[{"curve":[0.25,0,0.526,0.97],"transform":{},"duration":30},{"curve":[0.25,0,0.75,1],"transform":{"x":6.46},"duration":30},{"transform":{},"duration":0}],"name":"trunk Transform"},{"frame":[{"curve":[0.25,0,0.526,0.97],"transform":{},"duration":30},{"curve":[0.25,0,0.75,1],"transform":{"y":0.03,"x":-5.85},"duration":30},{"transform":{},"duration":0}],"name":"right trunk transform"},{"frame":[{"curve":[0.25,0,0.526,0.97],"transform":{},"duration":30},{"curve":[0.25,0,0.75,1],"transform":{"y":-33.29},"duration":30},{"transform":{},"duration":0}],"name":"IKArmLeft"},{"frame":[{"curve":[0.25,0,0.526,0.97],"transform":{},"duration":30},{"curve":[0.25,0,0.75,1],"transform":{"y":-28.36},"duration":30},{"transform":{},"duration":0}],"name":"IKARmRight"},{"frame":[{"transform":{},"duration":60}],"name":"root"},{"frame":[{"transform":{},"duration":60}],"name":"IKLEFT"},{"frame":[{"transform":{},"duration":60}],"name":"IKRight"},{"frame":[{"transform":{},"duration":60}],"name":"shadow"},{"frame":[{"transform":{},"duration":60}],"name":"mid2"},{"frame":[{"transform":{},"duration":60}],"name":"chest"},{"frame":[{"transform":{},"duration":60}],"name":"Tree TRunk"},{"frame":[{"transform":{},"duration":60}],"name":"head"},{"frame":[{"transform":{},"duration":60}],"name":"mid4"},{"frame":[{"transform":{},"duration":60}],"name":"mid3"},{"frame":[{"transform":{},"duration":60}],"name":"chest4"},{"frame":[{"transform":{},"duration":60}],"name":"chest3"}],"frame":[],"duration":60,"ffd":[],"name":"Idle","slot":[],"ik":[]},{"bone":[{"frame":[{"curve":[0.25,0,1,0.77],"transform":{},"duration":10},{"curve":[0.553,0.42,0.331,0.95],"transform":{"x":-19.02},"duration":5},{"curve":[0.25,0,0.997,0.71],"transform":{"x":-36.92},"duration":15},{"transform":{},"duration":0}],"name":"root"},{"frame":[{"curve":[0.25,0,1,0.77],"transform":{},"duration":10},{"curve":[0.25,0,0.331,0.95],"transform":{"x":19.97},"duration":5},{"curve":[0.25,0,0.997,0.71],"transform":{"y":25.07,"x":19.97},"duration":15},{"transform":{},"duration":0}],"name":"mid"},{"frame":[{"curve":[0.25,0,1,0.77],"transform":{},"duration":10},{"curve":[0.25,0,0.331,0.95],"transform":{"y":-28.29,"x":-3.33},"duration":5},{"curve":[0.25,0,0.997,0.71],"transform":{"y":-28.29,"x":-38.64},"duration":15},{"transform":{},"duration":0}],"name":"chest"},{"frame":[{"curve":[0.25,0,1,0.77],"transform":{},"duration":10},{"curve":[0.368,0,0.331,0.95],"transform":{"y":-6.66,"x":-1.66},"duration":5},{"curve":[0.25,0,0.997,0.71],"transform":{"y":-4.65,"x":-1.16},"duration":15},{"transform":{},"duration":0}],"name":"head"},{"frame":[{"curve":[0.25,0,1,0.77],"transform":{},"duration":10},{"curve":[0.4605,0.21,0.331,0.95],"transform":{"y":10.75,"skX":-0.25,"skY":-0.25,"x":18.2},"duration":5},{"curve":[0.25,0,0.997,0.71],"transform":{"y":20.86,"skX":-0.17,"skY":-0.17,"x":35.31},"duration":15},{"transform":{},"duration":0}],"name":"Tree TRunk"},{"frame":[{"transform":{},"duration":10},{"transform":{},"duration":5},{"transform":{},"duration":15},{"transform":{},"duration":0}],"name":"mid2"},{"frame":[{"curve":[0.25,0,1,0.77],"transform":{},"duration":10},{"curve":[0.4605,0.21,0.331,0.95],"transform":{"y":-15.07,"skX":38.34,"skY":38.34,"x":1.08},"duration":5},{"curve":[0.25,0,0.997,0.71],"transform":{"y":-29.25,"skX":26.77,"skY":26.77,"x":2.09},"duration":15},{"transform":{},"duration":0}],"name":"IKLEFT"},{"frame":[{"curve":[0.25,0,1,0.77],"transform":{"skX":-0.66,"skY":-0.66},"duration":10},{"curve":[0.331,0.3,0.331,0.95],"transform":{"skX":1.56,"skY":1.56},"duration":5},{"curve":[0.25,0,0.997,0.71],"transform":{"skX":5.51,"skY":5.51},"duration":15},{"transform":{"skX":-0.66,"skY":-0.66},"duration":0}],"name":"mid3"},{"frame":[{"curve":[0.25,0,1,0.77],"transform":{},"duration":10},{"curve":[0.368,0,0.331,0.95],"transform":{"y":18.3,"x":56.58},"duration":5},{"curve":[0.25,0,0.997,0.71],"transform":{"y":12.78,"x":39.51},"duration":15},{"transform":{},"duration":0}],"name":"IKRight"},{"frame":[{"curve":[0.25,0,1,0.77],"transform":{"skX":-0.21,"skY":-0.21},"duration":10},{"curve":[0.331,0.3,0.331,0.95],"transform":{"skX":-0.27,"skY":-0.27},"duration":5},{"curve":[0.25,0,0.997,0.71],"transform":{"skX":-3.31,"skY":-3.31},"duration":15},{"transform":{"skX":-0.21,"skY":-0.21},"duration":0}],"name":"mid4"},{"frame":[{"curve":[0.25,0,1,0.77],"transform":{},"duration":10},{"curve":[0.4605,0.21,0.331,0.95],"transform":{"y":0.13,"skX":30.2,"skY":30.2,"x":30.6},"duration":5},{"curve":[0.25,0,0.997,0.71],"transform":{"y":0.26,"skX":21.09,"skY":21.09,"x":59.38},"duration":15},{"transform":{},"duration":0}],"name":"trunk Transform"},{"frame":[{"curve":[0.25,0,1,0.77],"transform":{},"duration":10},{"curve":[0.4605,0.21,0.331,0.95],"transform":{"y":0.14,"skX":19.87,"skY":19.87,"x":32.26},"duration":5},{"curve":[0.25,0,0.997,0.71],"transform":{"y":0.27,"skX":13.88,"skY":13.88,"x":62.59},"duration":15},{"transform":{},"duration":0}],"name":"right trunk transform"},{"frame":[{"curve":[0.25,0,1,0.77],"transform":{},"duration":10},{"curve":[0.25,0,0.331,0.95],"transform":{"skX":-24.82,"skY":-24.82},"duration":5},{"curve":[0.25,0,0.997,0.71],"transform":{"skX":75.32,"skY":75.32},"duration":15},{"transform":{},"duration":0}],"name":"right arm"},{"frame":[{"curve":[0.25,0,1,0.77],"transform":{},"duration":10},{"curve":[0.2905,0.15,0.331,0.95],"transform":{"y":-128.25,"x":172.42},"duration":5},{"curve":[0.25,0,0.997,0.71],"transform":{"y":-43.74,"skX":-5.93,"skY":-5.93,"x":-306.8},"duration":15},{"transform":{},"duration":0}],"name":"IKARmRight"},{"frame":[{"curve":[0.25,0,1,0.77],"transform":{"skX":-9.13,"skY":-9.13},"duration":10},{"curve":[0.331,0.3,0.331,0.95],"transform":{"skX":-14.24,"skY":-14.24},"duration":5},{"curve":[0.25,0,0.997,0.71],"transform":{"skX":-16.17,"skY":-16.17},"duration":15},{"transform":{"skX":-9.13,"skY":-9.13},"duration":0}],"name":"chest3"},{"frame":[{"curve":[0.25,0,1,0.77],"transform":{},"duration":10},{"curve":[0.4605,0.21,0.331,0.95],"transform":{"y":-9.98,"skX":19.17,"skY":19.17,"x":-29.93},"duration":5},{"curve":[0.25,0,0.997,0.71],"transform":{"y":-6.97,"skX":37.2,"skY":37.2,"x":-20.9},"duration":15},{"transform":{},"duration":0}],"name":"left arm"},{"frame":[{"curve":[0.25,0,1,0.77],"transform":{},"duration":10},{"curve":[0.25,0,0.331,0.95],"transform":{"y":-99.75,"x":-86.92},"duration":5},{"curve":[0.25,0,0.997,0.71],"transform":{"y":-252.95,"x":-211.14},"duration":15},{"transform":{},"duration":0}],"name":"IKArmLeft"},{"frame":[{"curve":[0.25,0,1,0.77],"transform":{"skX":3.58,"skY":3.58},"duration":10},{"curve":[0.331,0.3,0.331,0.95],"transform":{"skX":2.72,"skY":2.72},"duration":5},{"curve":[0.25,0,0.997,0.71],"transform":{"skX":27.03,"skY":27.03},"duration":15},{"transform":{"skX":3.58,"skY":3.58},"duration":0}],"name":"chest4"},{"frame":[{"curve":[0.25,0,1,0.77],"transform":{},"duration":10},{"curve":[0.368,0,0.331,0.95],"transform":{"scX":1.12,"scY":0.92},"duration":5},{"curve":[0.25,0,0.997,0.71],"transform":{"scX":1.084,"scY":0.944},"duration":15},{"transform":{},"duration":0}],"name":"shadow"}],"frame":[],"duration":30,"ffd":[],"name":"Skill","slot":[],"ik":[]},{"bone":[{"frame":[{"curve":[0.25,0,1,0.77],"transform":{},"duration":10},{"curve":[0.553,0.42,0.331,0.95],"transform":{"x":-19.02},"duration":5},{"curve":[0.25,0,0.997,0.71],"transform":{"x":-36.92},"duration":15},{"transform":{},"duration":0}],"name":"root"},{"frame":[{"curve":[0.25,0,1,0.77],"transform":{},"duration":10},{"curve":[0.25,0,0.331,0.95],"transform":{"x":19.97},"duration":5},{"curve":[0.25,0,0.997,0.71],"transform":{"y":25.07,"x":19.97},"duration":15},{"transform":{},"duration":0}],"name":"mid"},{"frame":[{"curve":[0.25,0,1,0.77],"transform":{},"duration":10},{"curve":[0.25,0,0.331,0.95],"transform":{"y":-28.29,"x":-3.33},"duration":5},{"curve":[0.25,0,0.997,0.71],"transform":{"y":-28.29,"x":-38.64},"duration":15},{"transform":{},"duration":0}],"name":"chest"},{"frame":[{"curve":[0.25,0,1,0.77],"transform":{},"duration":10},{"curve":[0.368,0,0.331,0.95],"transform":{"y":-6.66,"x":-1.66},"duration":5},{"curve":[0.25,0,0.997,0.71],"transform":{"y":-4.65,"x":-1.16},"duration":15},{"transform":{},"duration":0}],"name":"head"},{"frame":[{"curve":[0.25,0,1,0.77],"transform":{},"duration":10},{"curve":[0.4605,0.21,0.331,0.95],"transform":{"y":10.75,"skX":-0.25,"skY":-0.25,"x":18.2},"duration":5},{"curve":[0.25,0,0.997,0.71],"transform":{"y":71.18,"skX":-0.17,"skY":-0.17,"x":83.23},"duration":15},{"transform":{},"duration":0}],"name":"Tree TRunk"},{"frame":[{"transform":{},"duration":10},{"transform":{},"duration":5},{"transform":{},"duration":15},{"transform":{},"duration":0}],"name":"mid2"},{"frame":[{"curve":[0.25,0,1,0.77],"transform":{},"duration":10},{"curve":[0.4605,0.21,0.331,0.95],"transform":{"y":-15.07,"skX":38.34,"skY":38.34,"x":1.08},"duration":5},{"curve":[0.25,0,0.997,0.71],"transform":{"y":-237.07,"skX":26.77,"skY":26.77,"x":-512.44},"duration":15},{"transform":{},"duration":0}],"name":"IKLEFT"},{"frame":[{"curve":[0.25,0,1,0.77],"transform":{"skX":-0.66,"skY":-0.66},"duration":10},{"curve":[0.331,0.3,0.331,0.95],"transform":{"skX":1.56,"skY":1.56},"duration":5},{"curve":[0.25,0,0.997,0.71],"transform":{"y":416.45,"skX":5.51,"skY":5.51,"x":103.25},"duration":15},{"transform":{"skX":-0.66,"skY":-0.66},"duration":0}],"name":"mid3"},{"frame":[{"curve":[0.25,0,1,0.77],"transform":{},"duration":10},{"curve":[0.368,0,0.331,0.95],"transform":{"y":18.3,"x":56.58},"duration":5},{"curve":[0.25,0,0.997,0.71],"transform":{"y":-42.05,"x":134.87},"duration":15},{"transform":{},"duration":0}],"name":"IKRight"},{"frame":[{"curve":[0.25,0,1,0.77],"transform":{"skX":-0.21,"skY":-0.21},"duration":10},{"curve":[0.331,0.3,0.331,0.95],"transform":{"skX":-0.27,"skY":-0.27},"duration":5},{"curve":[0.25,0,0.997,0.71],"transform":{"skX":-3.31,"skY":-3.31},"duration":15},{"transform":{"skX":-0.21,"skY":-0.21},"duration":0}],"name":"mid4"},{"frame":[{"curve":[0.25,0,1,0.77],"transform":{},"duration":10},{"curve":[0.4605,0.21,0.331,0.95],"transform":{"y":0.13,"skX":30.2,"skY":30.2,"x":30.6},"duration":5},{"curve":[0.25,0,0.997,0.71],"transform":{"y":0.26,"skX":21.09,"skY":21.09,"x":59.38},"duration":15},{"transform":{},"duration":0}],"name":"trunk Transform"},{"frame":[{"curve":[0.25,0,1,0.77],"transform":{},"duration":10},{"curve":[0.4605,0.21,0.331,0.95],"transform":{"y":0.14,"skX":19.87,"skY":19.87,"x":32.26},"duration":5},{"curve":[0.25,0,0.997,0.71],"transform":{"y":0.27,"skX":13.88,"skY":13.88,"x":62.59},"duration":15},{"transform":{},"duration":0}],"name":"right trunk transform"},{"frame":[{"curve":[0.25,0,1,0.77],"transform":{},"duration":10},{"curve":[0.25,0,0.331,0.95],"transform":{"skX":-24.82,"skY":-24.82},"duration":5},{"curve":[0.25,0,0.997,0.71],"transform":{"skX":75.32,"skY":75.32},"duration":15},{"transform":{},"duration":0}],"name":"right arm"},{"frame":[{"curve":[0.25,0,1,0.77],"transform":{},"duration":10},{"curve":[0.2905,0.15,0.331,0.95],"transform":{"y":-128.25,"x":172.42},"duration":5},{"curve":[0.25,0,0.997,0.71],"transform":{"y":-43.74,"skX":-5.93,"skY":-5.93,"x":-306.8},"duration":15},{"transform":{},"duration":0}],"name":"IKARmRight"},{"frame":[{"curve":[0.25,0,1,0.77],"transform":{"skX":-9.13,"skY":-9.13},"duration":10},{"curve":[0.331,0.3,0.331,0.95],"transform":{"skX":-14.24,"skY":-14.24},"duration":5},{"curve":[0.25,0,0.997,0.71],"transform":{"skX":-16.17,"skY":-16.17},"duration":15},{"transform":{"skX":-9.13,"skY":-9.13},"duration":0}],"name":"chest3"},{"frame":[{"curve":[0.25,0,1,0.77],"transform":{},"duration":10},{"curve":[0.4605,0.21,0.331,0.95],"transform":{"y":-9.98,"skX":19.17,"skY":19.17,"x":-29.93},"duration":5},{"curve":[0.25,0,0.997,0.71],"transform":{"y":-6.97,"skX":37.2,"skY":37.2,"x":-20.9},"duration":15},{"transform":{},"duration":0}],"name":"left arm"},{"frame":[{"curve":[0.25,0,1,0.77],"transform":{},"duration":10},{"curve":[0.25,0,0.331,0.95],"transform":{"y":-99.75,"x":-86.92},"duration":5},{"curve":[0.25,0,0.997,0.71],"transform":{"y":-252.95,"x":-211.14},"duration":15},{"transform":{},"duration":0}],"name":"IKArmLeft"},{"frame":[{"curve":[0.25,0,1,0.77],"transform":{"skX":3.58,"skY":3.58},"duration":10},{"curve":[0.331,0.3,0.331,0.95],"transform":{"skX":2.72,"skY":2.72},"duration":5},{"curve":[0.25,0,0.997,0.71],"transform":{"skX":27.03,"skY":27.03},"duration":15},{"transform":{"skX":3.58,"skY":3.58},"duration":0}],"name":"chest4"},{"frame":[{"curve":[0.25,0,1,0.77],"transform":{},"duration":10},{"curve":[0.368,0,0.331,0.95],"transform":{"scX":1.12,"scY":0.92},"duration":5},{"curve":[0.25,0,0.997,0.71],"transform":{"scX":1.084,"scY":0.944},"duration":15},{"transform":{},"duration":0}],"name":"shadow"}],"frame":[],"duration":30,"ffd":[],"name":"Skill B","slot":[],"ik":[]},{"bone":[{"frame":[{"transform":{},"duration":30},{"transform":{},"duration":0}],"name":"root"},{"frame":[{"curve":[0.25,0,0.776,0.54],"transform":{},"duration":10},{"transform":{"y":23.94,"x":47.88},"duration":10},{"curve":[0.25,0,0.931,0.49],"transform":{"y":23.94,"x":47.88},"duration":10},{"transform":{},"duration":0}],"name":"mid"},{"frame":[{"transform":{},"duration":10},{"curve":[0.25,0,0.185,0.86],"transform":{},"duration":5},{"curve":[0.25,0,0.928,0.43],"transform":{"x":-57.2},"duration":5},{"transform":{},"duration":10},{"transform":{},"duration":0}],"name":"chest"},{"frame":[{"transform":{},"duration":30},{"transform":{},"duration":0}],"name":"head"},{"frame":[{"transform":{},"duration":10},{"curve":[0.25,0,0.75,1],"transform":{},"duration":5},{"curve":[0.25,0,0.75,1],"transform":{"x":-14.39},"duration":15},{"transform":{},"duration":0}],"name":"Tree TRunk"},{"frame":[{"transform":{},"duration":30},{"transform":{},"duration":0}],"name":"mid2"},{"frame":[{"transform":{},"duration":30},{"transform":{},"duration":0}],"name":"IKLEFT"},{"frame":[{"transform":{"skX":-0.66,"skY":-0.66},"duration":30},{"transform":{"skX":-0.66,"skY":-0.66},"duration":0}],"name":"mid3"},{"frame":[{"transform":{},"duration":30},{"transform":{},"duration":0}],"name":"IKRight"},{"frame":[{"transform":{"skX":-0.21,"skY":-0.21},"duration":30},{"transform":{"skX":-0.21,"skY":-0.21},"duration":0}],"name":"mid4"},{"frame":[{"tweenEasing":0,"transform":{},"duration":15},{"tweenEasing":0,"transform":{"x":7.25},"duration":15},{"transform":{},"duration":0}],"name":"trunk Transform"},{"frame":[{"transform":{},"duration":30},{"transform":{},"duration":0}],"name":"right trunk transform"},{"frame":[{"curve":[0.25,0,0.999,0.69],"transform":{},"duration":10},{"transform":{"skX":100.82,"skY":100.82},"duration":10},{"curve":[0.25,0,0.931,0.49],"transform":{"skX":100.82,"skY":100.82},"duration":10},{"transform":{},"duration":0}],"name":"right arm"},{"frame":[{"curve":[0.25,0,0.887,0.68],"transform":{},"duration":10},{"transform":{"y":27.22,"x":-473.04},"duration":10},{"curve":[0.25,0,0.931,0.49],"transform":{"y":27.22,"x":-473.04},"duration":10},{"transform":{},"duration":0}],"name":"IKARmRight"},{"frame":[{"transform":{"skX":-9.13,"skY":-9.13},"duration":30},{"transform":{"skX":-9.13,"skY":-9.13},"duration":0}],"name":"chest3"},{"frame":[{"curve":[0.25,0,1,0.77],"transform":{},"duration":5},{"curve":[0.25,0,0.75,1],"transform":{"skX":19.2,"skY":19.2},"duration":5},{"transform":{"skX":20.4,"skY":20.4,"x":-40.99},"duration":10},{"curve":[0.25,0,0.931,0.49],"transform":{"skX":20.4,"skY":20.4,"x":-40.99},"duration":10},{"transform":{},"duration":0}],"name":"left arm"},{"frame":[{"curve":[0.25,0,0.941,0.79],"transform":{},"duration":5},{"curve":[0.25,0,0.75,1],"transform":{"y":-185.06,"x":-72.04},"duration":2},{"curve":[0.25,0,0.75,1],"transform":{"y":-223.56,"x":-72.04},"duration":2},{"curve":[0.25,0,0.75,1],"transform":{"y":-67.07,"x":-72.04},"duration":1},{"curve":[0.25,0,0.167,0.89],"transform":{"y":-161.46,"skX":-4.95,"skY":-4.95,"x":-72.04},"duration":5},{"curve":[0.25,0,0.928,0.43],"transform":{"y":-161.46,"skX":-4.95,"skY":-4.95,"x":-1247.39},"duration":5},{"curve":[0.25,0,0.931,0.49],"transform":{"y":-161.46,"skX":-4.95,"skY":-4.95,"x":-72.04},"duration":10},{"transform":{},"duration":0}],"name":"IKArmLeft"},{"frame":[{"transform":{"skX":3.58,"skY":3.58},"duration":10},{"curve":[0.25,0,0.432,0.99],"transform":{"skX":3.58,"skY":3.58},"duration":5},{"curve":[0.25,0,0.928,0.43],"transform":{"y":377.55,"skX":3.58,"skY":3.58,"x":876.23},"duration":5},{"transform":{"skX":3.58,"skY":3.58},"duration":10},{"transform":{"skX":3.58,"skY":3.58},"duration":0}],"name":"chest4"},{"frame":[{"transform":{},"duration":30},{"transform":{},"duration":0}],"name":"shadow"}],"frame":[],"duration":30,"ffd":[],"name":"Skill C","slot":[],"ik":[]},{"bone":[{"frame":[{"transform":{},"duration":10},{"transform":{},"duration":10},{"transform":{},"duration":5},{"transform":{},"duration":5},{"curve":[0.25,0,0.384,0.81],"transform":{},"duration":5},{"curve":[0.25,0,0.885,0.5],"transform":{"x":-2.29},"duration":5},{"transform":{},"duration":5},{"transform":{},"duration":0}],"name":"root"},{"frame":[{"transform":{},"duration":10},{"curve":[0.324,0.06,0.167,0.92],"transform":{},"duration":5},{"curve":[0.32,0.29,0.898,0.61],"transform":{"y":31},"duration":5},{"curve":[0.25,0,0.177,0.94],"transform":{},"duration":5},{"curve":[0.301,0,1,0.3],"transform":{"y":48.71},"duration":5},{"curve":[0.25,0,0.384,0.81],"transform":{},"duration":5},{"curve":[0.25,0,0.885,0.5],"transform":{"y":59.04},"duration":5},{"transform":{},"duration":5},{"transform":{},"duration":0}],"name":"mid"},{"frame":[{"curve":[0.25,0,0.875,0.38],"transform":{},"duration":10},{"curve":[0.324,0.06,0.167,0.92],"transform":{"y":-21.36,"x":72.09},"duration":5},{"curve":[0.25,0,0.898,0.61],"transform":{"y":-21.36,"x":-8.51},"duration":5},{"curve":[0.25,0,0.177,0.94],"transform":{"y":-21.36,"x":72.09},"duration":5},{"curve":[0.301,0,1,0.3],"transform":{"y":-21.36,"x":-23.2},"duration":5},{"curve":[0.25,0,0.384,0.81],"transform":{"y":-21.36,"x":72.09},"duration":5},{"curve":[0.25,0,0.885,0.5],"transform":{"y":-21.36,"x":-148.53},"duration":5},{"curve":[0.25,0,0.877,0.44],"transform":{"y":-21.36,"x":72.09},"duration":5},{"transform":{},"duration":0}],"name":"chest"},{"frame":[{"transform":{},"duration":10},{"transform":{},"duration":5},{"transform":{},"duration":5},{"transform":{},"duration":5},{"transform":{},"duration":5},{"transform":{},"duration":5},{"transform":{},"duration":5},{"transform":{},"duration":5},{"transform":{},"duration":0}],"name":"head"},{"frame":[{"transform":{},"duration":10},{"transform":{},"duration":5},{"transform":{},"duration":5},{"transform":{},"duration":5},{"transform":{},"duration":5},{"transform":{},"duration":5},{"transform":{},"duration":5},{"transform":{},"duration":5},{"transform":{},"duration":0}],"name":"Tree TRunk"},{"frame":[{"transform":{},"duration":10},{"transform":{},"duration":5},{"transform":{},"duration":5},{"transform":{},"duration":5},{"transform":{},"duration":5},{"transform":{},"duration":5},{"transform":{},"duration":5},{"transform":{},"duration":5},{"transform":{},"duration":0}],"name":"mid2"},{"frame":[{"transform":{},"duration":10},{"transform":{},"duration":5},{"transform":{},"duration":5},{"transform":{},"duration":5},{"transform":{},"duration":5},{"transform":{},"duration":5},{"transform":{},"duration":5},{"transform":{},"duration":5},{"transform":{},"duration":0}],"name":"IKLEFT"},{"frame":[{"transform":{"skX":-0.66,"skY":-0.66},"duration":10},{"transform":{"skX":-0.66,"skY":-0.66},"duration":5},{"transform":{"skX":-0.66,"skY":-0.66},"duration":5},{"transform":{"skX":-0.66,"skY":-0.66},"duration":5},{"transform":{"skX":-0.66,"skY":-0.66},"duration":5},{"transform":{"skX":-0.66,"skY":-0.66},"duration":5},{"transform":{"skX":-0.66,"skY":-0.66},"duration":5},{"transform":{"skX":-0.66,"skY":-0.66},"duration":5},{"transform":{"skX":-0.66,"skY":-0.66},"duration":0}],"name":"mid3"},{"frame":[{"transform":{},"duration":10},{"transform":{},"duration":5},{"transform":{},"duration":5},{"transform":{},"duration":5},{"transform":{},"duration":5},{"transform":{},"duration":5},{"transform":{},"duration":5},{"transform":{},"duration":5},{"transform":{},"duration":0}],"name":"IKRight"},{"frame":[{"transform":{"skX":-0.21,"skY":-0.21},"duration":10},{"transform":{"skX":-0.21,"skY":-0.21},"duration":5},{"transform":{"skX":-0.21,"skY":-0.21},"duration":5},{"transform":{"skX":-0.21,"skY":-0.21},"duration":5},{"transform":{"skX":-0.21,"skY":-0.21},"duration":5},{"transform":{"skX":-0.21,"skY":-0.21},"duration":5},{"transform":{"skX":-0.21,"skY":-0.21},"duration":5},{"transform":{"skX":-0.21,"skY":-0.21},"duration":5},{"transform":{"skX":-0.21,"skY":-0.21},"duration":0}],"name":"mid4"},{"frame":[{"transform":{},"duration":10},{"transform":{},"duration":5},{"transform":{},"duration":5},{"transform":{},"duration":5},{"transform":{},"duration":5},{"transform":{},"duration":5},{"transform":{},"duration":5},{"transform":{},"duration":5},{"transform":{},"duration":0}],"name":"trunk Transform"},{"frame":[{"transform":{},"duration":10},{"transform":{},"duration":5},{"transform":{},"duration":5},{"transform":{},"duration":5},{"transform":{},"duration":5},{"transform":{},"duration":5},{"transform":{},"duration":5},{"transform":{},"duration":5},{"transform":{},"duration":0}],"name":"right trunk transform"},{"frame":[{"transform":{},"duration":10},{"transform":{},"duration":5},{"curve":[0.25,0,0.898,0.61],"transform":{},"duration":5},{"transform":{"y":35.97,"skX":135.6,"skY":135.6,"x":-37.69},"duration":5},{"transform":{"y":35.97,"skX":135.6,"skY":135.6,"x":-37.69},"duration":5},{"transform":{"y":35.97,"skX":135.6,"skY":135.6,"x":-37.69},"duration":5},{"transform":{"y":35.97,"skX":135.6,"skY":135.6,"x":-37.69},"duration":5},{"curve":[0.25,0,0.877,0.44],"transform":{"y":35.97,"skX":135.6,"skY":135.6,"x":-37.69},"duration":5},{"transform":{},"duration":0}],"name":"right arm"},{"frame":[{"transform":{},"duration":10},{"transform":{},"duration":5},{"curve":[0.25,0,0.898,0.61],"transform":{},"duration":5},{"transform":{"y":-131.9,"skX":15.6,"skY":15.6,"x":-1320.72},"duration":5},{"transform":{"y":-131.9,"skX":15.6,"skY":15.6,"x":-1320.72},"duration":5},{"curve":[0.25,0,0.384,0.81],"transform":{"y":-131.9,"skX":15.6,"skY":15.6,"x":-1320.72},"duration":5},{"curve":[0.25,0,0.885,0.5],"transform":{"y":-164.64,"skX":15.6,"skY":15.6,"x":-1529.42},"duration":5},{"curve":[0.25,0,0.877,0.44],"transform":{"y":-131.9,"skX":15.6,"skY":15.6,"x":-1320.72},"duration":5},{"transform":{},"duration":0}],"name":"IKARmRight"},{"frame":[{"curve":[0.25,0,0.875,0.38],"transform":{"skX":-9.13,"skY":-9.13},"duration":10},{"curve":[0.324,0.06,0.167,0.92],"transform":{"skX":12.85,"skY":12.85},"duration":5},{"curve":[0.25,0,0.898,0.61],"transform":{"skX":-7.07,"skY":-7.07},"duration":5},{"curve":[0.25,0,0.177,0.94],"transform":{"skX":12.85,"skY":12.85},"duration":5},{"curve":[0.301,0,1,0.3],"transform":{"y":113.95,"skX":-26.9,"skY":-26.9,"x":774.5},"duration":5},{"curve":[0.25,0,0.384,0.81],"transform":{"skX":12.85,"skY":12.85},"duration":5},{"curve":[0.25,0,0.885,0.5],"transform":{"y":132.83,"skX":-15.58,"skY":-15.58,"x":902.8},"duration":5},{"curve":[0.25,0,0.877,0.44],"transform":{"skX":12.85,"skY":12.85},"duration":5},{"transform":{"skX":-9.13,"skY":-9.13},"duration":0}],"name":"chest3"},{"frame":[{"curve":[0.25,0,0.875,0.38],"transform":{},"duration":10},{"curve":[0.324,0.06,0.167,0.92],"transform":{"skX":31.2,"skY":31.2},"duration":5},{"curve":[0.25,0,0.898,0.61],"transform":{"skX":21.6,"skY":21.6},"duration":5},{"transform":{"skX":31.2,"skY":31.2},"duration":5},{"transform":{"skX":31.2,"skY":31.2},"duration":5},{"transform":{"skX":31.2,"skY":31.2},"duration":5},{"transform":{"skX":31.2,"skY":31.2},"duration":5},{"curve":[0.25,0,0.877,0.44],"transform":{"skX":31.2,"skY":31.2},"duration":5},{"transform":{},"duration":0}],"name":"left arm"},{"frame":[{"curve":[0.25,0,0.875,0.38],"transform":{},"duration":10},{"curve":[0.324,0.06,0.167,0.92],"transform":{"y":-172.79,"x":-592.65},"duration":5},{"curve":[0.25,0,0.898,0.61],"transform":{"y":-215.31,"x":-1003.09},"duration":5},{"transform":{"y":-172.79,"x":-592.65},"duration":5},{"transform":{"y":-172.79,"x":-592.65},"duration":5},{"curve":[0.25,0,0.384,0.81],"transform":{"y":-172.79,"x":-592.65},"duration":5},{"curve":[0.25,0,0.885,0.5],"transform":{"y":-243.72,"x":-1026.4},"duration":5},{"curve":[0.25,0,0.877,0.44],"transform":{"y":-172.79,"x":-592.65},"duration":5},{"transform":{},"duration":0}],"name":"IKArmLeft"},{"frame":[{"curve":[0.25,0,0.875,0.38],"transform":{"skX":3.58,"skY":3.58},"duration":10},{"curve":[0.324,0.06,0.167,0.92],"transform":{"skX":64.44,"skY":64.44},"duration":5},{"curve":[0.25,0,0.898,0.61],"transform":{"y":323.86,"skX":42.81,"skY":42.81,"x":797.18},"duration":5},{"curve":[0.25,0,0.177,0.94],"transform":{"skX":64.44,"skY":64.44},"duration":5},{"curve":[0.301,0,1,0.3],"transform":{"skX":28.29,"skY":28.29},"duration":5},{"curve":[0.25,0,0.384,0.81],"transform":{"skX":64.44,"skY":64.44},"duration":5},{"curve":[0.25,0,0.885,0.5],"transform":{"y":168.11,"skX":36.24,"skY":36.24,"x":757.69},"duration":5},{"curve":[0.25,0,0.877,0.44],"transform":{"skX":64.44,"skY":64.44},"duration":5},{"transform":{"skX":3.58,"skY":3.58},"duration":0}],"name":"chest4"},{"frame":[{"transform":{},"duration":10},{"transform":{},"duration":5},{"transform":{},"duration":5},{"transform":{},"duration":5},{"transform":{},"duration":5},{"transform":{},"duration":5},{"transform":{},"duration":5},{"transform":{},"duration":5},{"transform":{},"duration":0}],"name":"shadow"}],"frame":[],"duration":45,"ffd":[],"name":"Skill D","slot":[],"ik":[]}],"skin":[{"name":"","slot":[{"display":[{"weights":[1,11,1,1,11,1,1,11,1,2,11,0.99455,15,0.00545,2,11,0.64147,15,0.35853,2,11,0.33944,15,0.66056,1,15,1,1,15,1,1,15,1,1,15,1,1,15,1,1,15,1,1,15,1,1,15,1,1,15,1,1,15,1,1,15,1,1,15,1,1,15,1,1,15,1,1,15,1,1,15,1,2,11,0.06772,15,0.93228,2,11,0.92625,15,0.07375,2,11,0.89017,15,0.10983,1,11,1,1,11,1,1,11,1,1,11,1,1,11,1,1,11,1,1,11,1],"bonePose":[11,0.8087091198522961,0.5882087720084804,-0.5882087720084804,0.8087091198522961,36.64,-665.0100000000001,15,0.5436139994064433,0.8393353439772041,-0.8393353439772041,0.5436139994064433,120.03501689253198,-608.656387360753],"slotPose":[1,0,0,1,0,0],"vertices":[0.5,-626.15,20.3,-613.12,33.89,-623.31,66.15,-612.04,84.16,-586.34,97.36,-583.18,125.02,-547.6,138.85,-519.57,131.07,-513.95,127.71,-500.16,114.49,-485.66,132.57,-480.45,142.81,-479.96,146.91,-462.67,148.02,-448.16,158.05,-442.86,167,-441.42,173.25,-462.46,184.34,-468.13,186.67,-482.65,183.51,-504.95,184.83,-548.88,152.52,-627.75,91.25,-671.71,101.2,-637.19,79.17,-652.74,68.99,-671.98,65.02,-686.99,16.35,-686.99,-1.2,-679.91,-5.18,-669.72,-5.18,-638.59],"path":"arm right","userEdges":[],"name":"arm right","triangles":[21,7,20,20,12,19,12,17,19,17,18,19,22,6,21,15,16,17,7,12,20,13,14,15,13,15,17,12,13,17,6,7,21,7,9,12,5,6,22,8,9,7,23,24,22,9,11,12,24,5,22,9,10,11,4,5,24,3,4,24,25,3,24,26,2,25,2,3,25,27,28,26,28,2,26,28,30,2,30,31,2,0,1,2,31,0,2,29,30,28],"type":"mesh","transform":{},"width":211,"height":236,"uvs":[0.02692,0.25786,0.1208,0.31302,0.18518,0.26985,0.33808,0.31782,0.42929,0.43534,0.49903,0.44973,0.66266,0.58403,0.7485,0.69195,0.71631,0.72073,0.71095,0.78069,0.65998,0.85024,0.7485,0.85984,0.79678,0.85504,0.82897,0.92459,0.84507,0.98455,0.89604,1,0.93896,1,0.95237,0.9078,1,0.87662,1,0.81427,0.96846,0.72313,0.94164,0.53846,0.73241,0.23148,0.45343,0.066,0.50171,0.21229,0.39978,0.14514,0.3515,0.0636,0.33272,0,0.10203,0,0.01887,0.03002,0,0.07319,0,0.2051],"edges":[30,31,31,0,0,1,1,2,2,3,3,4,4,5,5,6,6,7,7,8,8,9,9,10,10,11,11,12,12,13,13,14,14,15,15,16,16,17,17,18,18,19,19,20,20,21,21,22,22,23,23,24,24,25,25,26,26,27,27,28,28,29,29,30]}],"name":"arm right"},{"display":[{"path":"head","type":"image","name":"head","transform":{"y":-79.76,"skX":164.43,"skY":164.43,"x":21.95}}],"name":"head"},{"display":[{"weights":[2,7,0.20163,8,0.79837,2,7,0.45912,8,0.54088,2,7,0.73781,8,0.26219,2,7,0.87718,8,0.12282,3,7,0.94061,8,0.05775,14,0.00164,3,7,0.97174,8,0.00298,14,0.02528,2,7,0.86796,14,0.13204,2,7,0.65283,14,0.34717,2,7,0.34836,14,0.65164,2,7,0.10883,14,0.89117,2,7,0.03222,14,0.96778,2,7,0.0001,14,0.9999,1,14,1,1,14,1,1,14,1,1,14,1,1,14,1,1,14,1,1,14,1,1,14,1,1,14,1,1,14,1,1,14,1,1,14,1,1,14,1,1,14,1,1,14,1,1,14,1,1,14,1,1,14,1,1,14,1,1,14,1,1,14,1,1,14,1,1,14,1,2,13,0.00448,14,0.99552,2,13,0.03871,14,0.96129,3,7,0.00675,13,0.18533,14,0.80792,3,7,0.0015,13,0.30049,14,0.69801,3,7,0.0028,13,0.34976,14,0.64744,2,13,0.44207,14,0.55793,3,7,0.0024,13,0.53657,14,0.46104,3,7,0.00225,13,0.68173,14,0.31602,2,13,0.75902,14,0.24098,2,13,0.84077,14,0.15923,2,13,0.93531,14,0.06469,2,13,0.97298,14,0.02702,2,13,0.98774,14,0.01226,2,13,0.99659,14,0.00341,2,13,0.99959,14,0.00041,1,13,1,1,13,1,1,13,1,1,13,1,1,13,1,1,13,1,1,13,1,1,13,1,1,13,1,1,13,1,1,13,1,1,13,1,1,13,1,1,13,1,1,13,1,1,13,1,1,13,1,1,13,1,1,13,1,1,13,1,1,13,1,1,13,1,1,13,1,2,7,0.00682,13,0.99318,2,7,0.06373,13,0.93627,2,7,0.26287,13,0.73713,2,7,0.54348,13,0.45652,2,7,0.72238,13,0.27762,3,7,0.83242,8,0.0027,13,0.16488,3,7,0.90444,8,0.03104,13,0.06452,3,7,0.85035,8,0.1304,13,0.01925,3,7,0.74472,8,0.2497,13,0.00558,3,7,0.62512,8,0.3735,13,0.00138,2,7,0.53868,8,0.46132,2,7,0.41518,8,0.58482,2,7,0.16187,8,0.83813,2,7,0.02566,8,0.97434,2,7,0.00132,8,0.99868,1,8,1,1,8,1,1,8,1,1,8,1,1,8,1,1,8,1,1,8,1,1,8,1,1,8,1,1,8,1,1,8,1,1,8,1,1,8,1,1,8,1,2,7,0.00002,8,0.99998,1,8,1,1,8,1,1,8,1,1,8,1,1,8,1,1,8,1,1,8,1,1,8,1,1,8,1,1,8,1,1,8,1,1,8,1,1,8,1,1,8,1,1,8,1,1,8,1,1,8,1,1,8,1,1,8,1,1,8,1,1,8,1,1,8,1,1,8,1,1,8,1,1,8,1,1,8,1,1,8,1,1,8,1,1,8,1,1,8,1,1,8,1,1,8,1,1,8,1,1,8,1,1,8,1,1,8,1,1,8,1,1,8,1,1,8,1,1,8,1,1,8,1,1,8,1,1,8,1,1,8,1,1,8,1,1,8,1,1,8,1,1,8,1,1,8,1,1,8,1,1,8,1,1,8,1,1,8,1,1,8,1,1,8,1,1,8,1,1,8,1,1,8,1,1,8,1,1,8,1,1,8,1,1,8,1,1,8,1,1,8,1,1,8,1,1,8,1,1,8,1,1,8,1,1,8,1,1,8,1,1,8,1,2,7,0.00699,8,0.99301,2,7,0.51186,14,0.48814,3,7,0.01297,13,0.74133,14,0.2457,3,7,0.00125,13,0.99062,14,0.00813,2,13,0.99157,14,0.00843,2,7,0.73546,13,0.26454,2,7,0.00737,8,0.99263,2,7,0.99999,14,0.00001,1,13,1,1,14,1,3,7,0.3683,13,0.24267,14,0.38903,2,7,0.00145,14,0.99855,2,7,0.75158,13,0.24842,1,13,1,3,7,0.00234,13,0.92859,14,0.06907,1,8,1,1,14,1,2,7,0.34528,8,0.65472,3,7,0.05456,13,0.54637,14,0.39908,2,7,0.78155,8,0.21845,2,13,0.99333,14,0.00667,2,7,0.98996,14,0.01004,2,7,0.93704,14,0.06296,2,7,0.01415,8,0.98585,2,7,0.2687,13,0.7313,2,13,0.99986,14,0.00014,1,14,1,2,13,0.95921,14,0.04079,2,7,0.01421,8,0.98579,2,7,0.00157,13,0.99843,2,7,0.22092,14,0.77908,1,8,1,3,7,0.07801,13,0.73339,14,0.1886,3,7,0.04273,13,0.11893,14,0.83834,3,7,0.44587,13,0.53207,14,0.02206,2,7,0.00038,14,0.99962,1,8,1,2,7,0.8621,13,0.1379,1,14,1,2,7,0.00216,8,0.99784,1,14,1,3,7,0.94956,8,0.01283,13,0.03761,3,7,0.00088,13,0.83977,14,0.15935,1,8,1,1,14,1,1,14,1,1,13,1,2,13,0.0047,14,0.9953,2,7,0.38264,8,0.61736,1,13,1,1,13,1,2,13,0.0017,14,0.9983,1,14,1,2,7,0.00111,8,0.99889,3,7,0.95995,8,0.03913,14,0.00092,1,14,1,2,13,0.97192,14,0.02808,1,8,1,2,7,0.54516,14,0.45484,2,7,0.95479,13,0.04521,2,7,0.04601,14,0.95399,1,8,1,3,7,0.01067,13,0.53642,14,0.45291,1,8,1,2,7,0.08569,8,0.91431,2,7,0.9721,14,0.0279,2,13,0.99265,14,0.00735,2,13,0.999,14,0.001,2,7,0.06324,13,0.93676,3,7,0.64361,8,0.35521,13,0.00119,1,13,1,1,13,1,1,13,1,1,8,1,2,7,0.08236,13,0.91764,1,8,1,1,8,1,1,14,1,1,8,1,2,13,0.99359,14,0.00641,1,8,1,1,8,1,2,7,0.44267,13,0.55733,3,7,0.21202,13,0.62272,14,0.16526,1,8,1,1,8,1,3,7,0.02461,13,0.9113,14,0.06409,2,7,0.00229,13,0.99771,2,7,0.87414,13,0.12586,2,7,0.00285,8,0.99715,3,7,0.14586,13,0.37762,14,0.47652,2,13,0.99866,14,0.00134,3,7,0.91859,8,0.06562,13,0.01579,2,7,0.95758,13,0.04242,1,14,1,1,14,1,1,14,1,3,7,0.00041,13,0.88947,14,0.11012,1,8,1,2,7,0.94682,13,0.05318,1,14,1,2,7,0.99902,13,0.00098,1,13,1,1,14,1,2,7,0.0003,8,0.9997,1,8,1,1,8,1,2,7,0.90417,14,0.09583,1,14,1,1,8,1,3,7,0.02384,13,0.80886,14,0.16729,2,13,0.04,14,0.96,2,7,0.52393,13,0.47607,1,8,1,2,7,0.65381,8,0.34619,1,13,1,2,7,0.00047,14,0.99953,1,8,1,1,8,1,2,7,0.06389,8,0.93611,1,14,1],"bonePose":[7,-0.2405668718089916,0.9706325670345274,-0.9706325670345274,-0.2405668718089916,19.5,-523.52,8,1,0,0,1,-8.620000000000001,-657.6700000000001,14,-0.9311831251617938,0.3645517623245223,-0.3645517623245223,-0.9311831251617938,-78.92376908974666,-273.762769517741,13,0.8881364488135446,0.4595798606214877,-0.4595798606214877,0.8881364488135446,79.67622166869701,-286.5339218315138],"slotPose":[1,0,0,1,0,0],"vertices":[-66.52,-617.2,-62.42,-587.15,-58.33,-557.1,-74.72,-536.6,-70.62,-513.38,-84.96,-470.35,-99.29,-427.32,-124.57,-396.58,-149.84,-365.85,-209.94,-352.18,-218.13,-301.63,-265.93,-264.74,-313.74,-227.85,-372.47,-208.04,-431.21,-188.22,-450.34,-200.5,-498.14,-188.21,-529.55,-168.39,-560.97,-148.58,-599.55,-117.84,-638.13,-87.1,-638.12,-32.9,-583.83,-51.14,-529.54,-69.36,-472.17,-85.76,-501.54,-59.34,-530.9,-32.92,-466.7,-32.94,-402.5,-32.94,-373.82,-73.49,-328.74,-76.22,-283.66,-78.96,-265.91,-117.21,-218.1,-110.39,-170.28,-103.56,-147.76,-136.35,-125.22,-169.14,-88.34,-173.24,-89.7,-134.99,-67.85,-133.63,-52.81,-102.21,-13.88,-98.12,25.05,-94.03,49.65,-69.44,98.13,-78.32,146.62,-87.21,173.94,-53.06,216.64,-48.06,259.32,-43.05,302.01,-38.05,344.71,-33.05,337.18,-61.51,329.66,-89.97,363.82,-87.24,410.26,-58.56,458.07,-81.79,511.35,-62.67,564.63,-43.56,596.75,-59.95,628.87,-76.36,628.86,-105.72,628.86,-135.09,582.39,-133.72,535.93,-132.34,479.24,-145.31,422.55,-158.28,389.76,-178.77,356.97,-199.25,348.77,-234.08,340.57,-268.91,296.86,-247.06,290.03,-298.96,251.77,-310.57,213.52,-322.17,179.37,-348.8,145.22,-375.44,127.46,-408.21,127.46,-442.37,111.06,-465.59,110.38,-499.74,109.69,-533.88,121.99,-562.57,112.42,-584.42,132.91,-598.08,114.47,-630.87,96.04,-663.64,138.38,-689.6,188.24,-708.72,238.1,-727.85,279.76,-751.07,321.43,-774.29,354.89,-805.03,388.36,-835.76,402.7,-869.91,417.05,-904.06,384.6,-885.28,352.16,-866.5,319.72,-847.71,287.28,-828.93,252.78,-815.95,218.29,-802.98,183.8,-790,149.31,-777.02,176.63,-819.37,218.98,-839.86,234,-887.67,259.27,-910.89,284.54,-934.11,261.32,-977.82,258.59,-1018.12,255.86,-1058.42,255.86,-1093.21,255.86,-1128,229.9,-1128,208.73,-1078.87,187.56,-1029.73,186.87,-986.02,186.19,-942.31,158.87,-927.28,142.48,-889.03,115.16,-873.33,87.84,-857.62,64.62,-834.39,55.06,-800.24,38.66,-831.66,55.06,-879.47,78.28,-908.16,55.06,-945.04,50.96,-979.19,65.98,-1011.29,81.01,-1043.39,97.4,-1080.27,65.3,-1067.3,33.2,-1054.32,4.51,-1027.68,-24.17,-1001.05,-38.52,-962.8,-52.86,-924.55,-31,-904.06,-24.17,-854.88,-32.37,-823.47,-50.13,-801.61,-82.91,-798.88,-95.2,-820.73,-130.72,-831.66,-178.53,-858.98,-194.92,-901.33,-194.24,-930.7,-193.56,-960.07,-196.29,-1013.34,-223.61,-1044.76,-250.93,-1076.18,-293.27,-1087.1,-335.62,-1098.03,-314.45,-1067.3,-293.27,-1036.56,-283.71,-1008.56,-274.15,-980.56,-273.47,-949.14,-272.78,-917.72,-268.69,-867.18,-251.61,-837.81,-234.54,-808.44,-273.47,-828.93,-312.4,-849.42,-339.72,-864.45,-330.84,-833.71,-321.96,-802.98,-294.64,-752.43,-262.54,-746.97,-230.44,-741.51,-196.29,-729.21,-181.26,-697.79,-129.35,-690.96,-92.47,-669.11,-66.82,-302.32,52.08,-141.54,85.31,-269.57,212.86,-161.67,54.91,-396.27,32.81,-716.92,8.04,-481.89,191.77,-240.16,-214.11,-189.03,-24.02,-245.6,-143.92,-251.46,16.08,-335.96,320.26,-140.95,110.77,-191,-44.51,-746.14,-322.27,-154.61,53.26,-623.13,4.98,-168.89,12.47,-558.68,240.49,-96.02,-30.48,-439.13,-45.83,-377.65,-1.26,-656.4,107.01,-351.16,269.87,-180.85,-411.7,-149.67,159.1,-152.93,109.97,-726.03,141.71,-274.81,-139.05,-325.15,-169.04,-780.06,45.76,-203.5,-73.98,-218.48,27.21,-284.67,-230.98,-246.85,-128.65,-761.89,72.47,-452.44,-470.67,-160,-50.18,-682.85,-268.94,-199.97,62.81,-498.62,91.64,-116.36,-0.06,-786.64,-331.47,-114.79,-410.46,-102.78,409.08,-112,-157.66,-214.9,-12.12,-602.57,229.1,-267.25,240.18,-219.54,-177.07,-157.4,-506.3,-130.39,69.41,-761.35,-42.53,-508.23,-89.57,-268.59,186.6,-110.18,-88.03,-724.98,-105.06,-353.46,12.5,-413.88,-171.92,-290.98,214.64,-753.65,-7.71,-128.01,15.87,-909.07,58.04,-677.24,-34.88,-330.82,176.03,-206.67,274.64,-133.9,145.36,-323.66,87.27,-582.29,367.06,-131.3,305.48,-203.62,575.34,-97.29,264.26,-782.28,87,-306.6,-25.17,-718.96,-226.5,-954.59,-379.87,-153.11,-219.18,-858.96,141.12,-236.42,230.66,-945.48,-186.4,-827.62,66.25,-347.51,27.85,-234.45,106.55,-819.95,160.96,-852.19,82.16,-226.98,195.54,-289.77,11.41,-367.05,160.02,-731.05,-18.06,-207.39,281.19,-80.17,65.08,-525.88,-28.66,-294.63,-450.09,-117.12,-270.22,-147.73,-429.29,-74.16,112.06,-137.83,-218.55,-773.22,30.04,-447.05,-235.72,-153.61,21.23,-514.72,511.9,-103.79,-331.49,-188.78,98.14,-776.99,-3.5,-946.52,-247.68,-1030.26,-76.9,-422.18,-556.05,-103.48,14.62,-755.04,67.97,-178.29,-113.16,-215.88,95.56,-388.5,-229.39,-905.08,41.19,-578.52,456.16,-120.24,-183.74,-238.63,-148.75,-730.71,7.39,-977.04,-44.47,-645.68,-371.61,-124.73],"path":"body","userEdges":[],"name":"body","triangles":[62,246,60,62,60,61,60,246,59,246,58,59,246,57,58,56,57,246,63,246,62,63,276,246,276,56,246,64,276,63,64,289,276,55,56,276,289,55,276,65,289,64,65,220,289,289,220,55,220,54,55,220,53,54,95,93,94,244,220,65,66,244,65,244,53,220,95,96,92,95,92,93,67,244,66,96,91,92,67,187,244,96,97,91,52,53,244,187,52,244,245,187,67,68,245,67,98,90,91,97,98,91,69,70,68,70,245,68,51,49,50,52,265,51,265,49,51,245,199,187,187,241,52,241,265,52,199,241,187,98,247,90,247,89,90,265,48,49,70,224,245,224,199,245,99,247,98,71,223,70,72,223,71,223,224,70,241,194,265,108,254,107,254,106,107,199,178,241,194,48,265,247,88,89,235,88,247,178,194,241,194,47,48,224,178,199,113,111,112,109,116,108,99,100,247,100,235,247,111,114,110,110,115,109,116,254,108,254,105,106,115,116,109,178,230,194,113,114,111,114,115,110,73,223,72,73,261,223,254,117,105,240,178,224,182,240,224,223,182,224,230,47,194,235,87,88,116,117,254,119,259,105,118,119,105,117,118,105,259,104,105,230,46,47,101,235,100,261,182,223,201,230,178,259,103,104,263,87,235,240,201,178,101,263,235,74,261,73,74,242,261,102,263,101,45,46,230,203,253,182,242,203,261,203,182,261,253,240,182,263,86,87,201,45,230,188,201,240,75,242,74,271,45,201,259,258,103,258,102,103,253,188,240,198,242,75,188,271,201,119,120,259,120,258,259,102,202,263,202,86,263,248,203,242,271,216,45,216,44,45,278,202,102,258,278,102,203,177,253,198,248,242,76,286,75,286,198,75,248,177,203,260,188,253,177,260,253,121,258,120,202,85,86,84,82,83,78,211,77,77,211,76,211,286,76,238,85,202,278,227,202,188,284,271,243,82,84,82,243,81,243,80,81,80,266,79,79,215,78,191,243,84,211,179,286,243,266,80,284,176,271,85,191,84,256,248,198,123,278,258,266,215,79,215,211,78,176,216,271,121,122,258,260,284,188,180,238,202,286,256,198,227,180,202,122,123,258,288,266,243,238,191,85,179,256,286,216,43,44,123,227,278,132,130,131,206,284,260,208,177,248,176,42,216,42,43,216,257,260,177,191,288,243,256,208,248,208,257,177,186,208,256,273,179,211,257,206,260,133,129,130,132,133,130,215,273,211,237,125,126,127,237,126,288,193,266,179,262,256,283,180,227,181,273,215,123,283,227,273,233,179,197,191,238,193,275,266,275,215,266,133,134,129,192,176,284,206,192,284,262,186,256,134,128,129,275,181,215,134,292,128,128,292,127,217,283,123,180,197,238,236,42,176,222,288,191,233,262,179,279,237,127,292,279,127,124,217,123,139,124,125,237,139,125,197,222,191,192,236,176,257,264,206,264,192,206,222,193,288,208,184,257,249,197,180,140,217,124,139,140,124,186,267,208,283,249,180,236,41,42,195,233,273,181,195,273,138,139,237,267,184,208,184,264,257,134,135,292,239,267,186,193,228,275,228,181,275,249,213,197,196,262,233,2,228,193,279,138,237,262,239,186,217,189,283,189,249,283,195,196,233,222,2,193,293,222,197,196,239,262,136,279,292,228,195,181,135,136,292,39,236,192,264,39,192,37,39,264,1,2,222,137,138,279,213,293,197,140,141,217,141,189,217,136,137,279,40,41,236,39,40,236,228,5,195,207,37,264,293,0,222,0,1,222,281,196,195,184,207,264,175,229,267,267,229,184,2,3,228,239,175,267,229,207,184,189,231,249,231,213,249,3,4,228,5,281,195,196,232,239,141,142,189,4,5,228,232,175,239,213,174,293,142,231,189,174,0,293,281,232,196,231,174,213,7,232,281,210,231,142,37,38,39,5,6,281,6,7,281,285,37,207,229,285,207,232,204,175,204,229,175,173,174,231,185,285,229,285,36,37,143,210,142,144,210,143,204,185,229,210,291,231,291,173,231,234,185,204,7,8,232,144,205,210,8,204,232,221,36,285,185,221,285,255,205,144,225,35,36,221,225,36,291,172,173,205,291,210,145,255,144,290,221,185,8,9,204,9,234,204,205,171,291,234,290,185,183,225,221,225,34,35,171,172,291,9,10,234,290,183,221,10,209,290,10,290,234,225,33,34,255,272,205,272,171,205,162,272,255,252,255,145,146,252,145,183,274,225,274,33,225,209,183,290,272,170,171,149,250,148,252,162,255,280,250,149,147,287,146,287,252,146,250,147,148,250,287,147,150,280,149,280,157,250,161,162,252,11,209,10,209,214,183,287,160,252,274,32,33,214,274,183,159,287,250,169,170,272,162,169,272,158,159,250,160,161,252,151,280,150,157,158,250,156,157,280,269,32,274,214,269,274,163,169,162,11,214,209,159,160,287,163,168,169,167,168,163,12,214,11,152,155,151,151,155,280,155,156,280,190,269,214,277,190,214,152,154,155,190,218,269,269,218,32,218,31,32,12,277,214,164,167,163,166,167,164,218,30,31,153,154,152,13,277,12,165,166,164,277,251,190,294,218,190,251,294,190,294,29,218,218,29,30,13,251,277,14,200,251,14,251,13,251,200,294,200,219,294,219,29,294,270,28,29,219,270,29,200,268,219,270,27,28,14,212,200,268,270,219,212,268,200,15,212,14,268,24,270,24,27,270,24,25,27,16,212,15,212,226,268,226,24,268,25,26,27,16,226,212,226,23,24,282,23,226,17,226,16,17,18,226,18,282,226,282,22,23,18,19,282,19,22,282,19,20,22,20,21,22],"type":"mesh","transform":{},"width":1267,"height":1095,"uvs":[0.45119,0.46648,0.45443,0.49393,0.45766,0.52137,0.44472,0.54009,0.44796,0.56129,0.43664,0.60059,0.42532,0.63988,0.40537,0.66795,0.38543,0.69602,0.33799,0.7085,0.33152,0.75465,0.29379,0.78834,0.25605,0.82202,0.20969,0.84011,0.16333,0.85819,0.14824,0.84697,0.1105,0.85819,0.0857,0.87628,0.06091,0.89437,0.03045,0.92244,0,0.95051,0,1,0.04285,0.98336,0.0857,0.96673,0.13099,0.95176,0.10781,0.97588,0.08463,1,0.1353,1,0.18597,1,0.20861,0.96298,0.24419,0.96049,0.27977,0.95799,0.29379,0.92306,0.33152,0.9293,0.36925,0.93554,0.38704,0.9056,0.40483,0.87566,0.43394,0.87192,0.43286,0.90685,0.45011,0.90809,0.46197,0.93679,0.4927,0.94053,0.52343,0.94427,0.54283,0.96673,0.58111,0.95862,0.61938,0.95051,0.64095,0.9817,0.67464,0.98627,0.70833,0.99085,0.74202,0.99542,0.77571,1,0.76978,0.97401,0.76385,0.94801,0.79081,0.95051,0.82746,0.97671,0.8652,0.9555,0.90725,0.97296,0.94929,0.99043,0.97465,0.97546,1,0.96049,1,0.93367,1,0.90685,0.96333,0.90809,0.92665,0.90934,0.88191,0.89749,0.83717,0.88564,0.81129,0.86693,0.78542,0.84821,0.77895,0.8164,0.77248,0.78459,0.73798,0.80455,0.73259,0.75715,0.7024,0.74654,0.67221,0.73594,0.64526,0.71161,0.6183,0.68729,0.60429,0.65735,0.60429,0.62616,0.59135,0.60495,0.59081,0.57377,0.59027,0.54258,0.59998,0.51638,0.59243,0.49642,0.6086,0.48395,0.59405,0.45401,0.57949,0.42407,0.61291,0.40037,0.65227,0.3829,0.69162,0.36544,0.7245,0.34423,0.75738,0.32302,0.7838,0.29495,0.81021,0.26689,0.82153,0.2357,0.83285,0.20451,0.80725,0.22166,0.78164,0.23882,0.75604,0.25597,0.73043,0.27312,0.70321,0.28497,0.67598,0.29682,0.64876,0.30868,0.62154,0.32053,0.6431,0.28186,0.67652,0.26314,0.68838,0.21948,0.70833,0.19827,0.72827,0.17707,0.70995,0.13715,0.70779,0.10035,0.70563,0.06354,0.70563,0.03177,0.70563,0,0.68515,0,0.66844,0.04487,0.65173,0.08974,0.65119,0.12966,0.65065,0.16958,0.62909,0.1833,0.61615,0.21823,0.59459,0.23258,0.57302,0.24693,0.55469,0.26813,0.54715,0.29932,0.53421,0.27063,0.54715,0.22697,0.56548,0.20077,0.54715,0.16709,0.54391,0.1359,0.55577,0.10658,0.56763,0.07727,0.58057,0.04358,0.55523,0.05544,0.5299,0.06729,0.50726,0.09161,0.48462,0.11594,0.47329,0.15087,0.46197,0.1858,0.47922,0.20451,0.48462,0.24942,0.47815,0.27811,0.46413,0.29807,0.43826,0.30057,0.42855,0.28061,0.40052,0.27063,0.36279,0.24568,0.34985,0.20701,0.35039,0.18018,0.35093,0.15336,0.34877,0.10471,0.32721,0.07602,0.30564,0.04733,0.27222,0.03735,0.2388,0.02737,0.25551,0.05544,0.27222,0.0835,0.27977,0.10908,0.28732,0.13465,0.28786,0.16334,0.28839,0.19204,0.29163,0.23819,0.30511,0.26501,0.31858,0.29184,0.28786,0.27312,0.25713,0.25441,0.23557,0.24069,0.24257,0.26876,0.24958,0.29682,0.27114,0.34298,0.29648,0.34797,0.32182,0.35296,0.34877,0.36419,0.36063,0.39288,0.4016,0.39912,0.43071,0.41908,0.45094,0.75405,0.54477,0.90088,0.57101,0.78396,0.67167,0.88252,0.54702,0.66825,0.52959,0.37542,0.51003,0.59005,0.65504,0.81083,0.33468,0.85749,0.48472,0.80584,0.39009,0.80048,0.51638,0.72332,0.75643,0.90146,0.5911,0.85572,0.46857,0.34873,0.24931,0.8889,0.54573,0.46107,0.5076,0.87591,0.51354,0.51992,0.69347,0.94248,0.47963,0.6291,0.46751,0.68525,0.5027,0.43069,0.58815,0.70945,0.71667,0.86501,0.17873,0.8934,0.62924,0.89049,0.59049,0.3671,0.61553,0.77918,0.39394,0.73318,0.37028,0.31775,0.53979,0.8443,0.44528,0.83061,0.52515,0.77016,0.32137,0.80468,0.40216,0.33435,0.56089,0.61695,0.13218,0.88395,0.46409,0.40653,0.2914,0.84748,0.55326,0.57478,0.57599,0.92388,0.50365,0.31174,0.24204,0.92527,0.1797,0.93623,0.82653,0.92791,0.37923,0.83387,0.49413,0.47985,0.6845,0.7861,0.69324,0.82967,0.36391,0.88638,0.10406,0.911,0.55848,0.33484,0.47013,0.566,0.43299,0.78485,0.65093,0.92954,0.43421,0.36805,0.42077,0.70733,0.51355,0.65217,0.36799,0.76439,0.6731,0.34187,0.49758,0.91324,0.51622,0.19993,0.5495,0.41166,0.47615,0.72801,0.64261,0.84142,0.72042,0.90789,0.61841,0.73457,0.57257,0.49838,0.79338,0.91027,0.74478,0.84422,0.95776,0.94136,0.71226,0.31572,0.57235,0.75014,0.48383,0.37355,0.32492,0.15837,0.20384,0.89027,0.3307,0.2457,0.61506,0.81424,0.68575,0.16668,0.35657,0.27432,0.55597,0.71279,0.52565,0.81603,0.58779,0.28132,0.63073,0.25188,0.56852,0.82286,0.65801,0.76553,0.51269,0.69493,0.62999,0.36251,0.48941,0.84074,0.72559,0.95696,0.55506,0.54988,0.48106,0.76106,0.14841,0.92312,0.29038,0.89519,0.16483,0.96235,0.59211,0.90427,0.3312,0.324,0.5274,0.62188,0.31762,0.88982,0.52045,0.56007,0.90769,0.93542,0.24203,0.8577,0.58116,0.32056,0.50093,0.16573,0.30821,0.08926,0.44299,0.64457,0.06479,0.93557,0.51523,0.3406,0.55732,0.86732,0.41436,0.83298,0.57911,0.67535,0.32265,0.20358,0.53621,0.50182,0.8637,0.92039,0.35865,0.81219,0.38629,0.36283,0.50953,0.13787,0.46859,0.44048,0.21036,0.91618],"edges":[20,21,21,22,22,23,23,24,24,25,25,26,26,27,27,28,28,29,29,30,30,31,31,32,32,33,33,34,34,35,35,36,36,37,37,38,38,39,39,40,40,41,41,42,42,43,43,44,44,45,45,46,46,47,47,48,48,49,49,50,50,51,51,52,52,53,53,54,54,55,55,56,56,57,57,58,58,59,59,60,60,61,61,62,62,63,63,64,64,65,65,66,66,67,67,68,68,69,69,70,70,71,71,72,72,73,73,74,74,75,75,76,76,77,77,78,78,79,79,80,80,81,81,82,82,83,83,84,84,85,85,86,86,87,87,88,88,89,89,90,90,91,91,92,92,93,93,94,94,95,95,96,96,97,97,98,98,99,99,100,100,101,101,102,102,103,103,104,104,105,105,106,106,107,107,108,108,109,109,110,110,111,111,112,112,113,113,114,114,115,115,116,116,117,117,118,118,119,119,120,120,121,121,122,122,123,123,124,124,125,125,126,126,127,127,128,128,129,129,130,130,131,131,132,132,133,133,134,134,135,135,136,136,137,137,138,138,139,139,140,140,141,141,142,142,143,143,144,144,145,145,146,146,147,147,148,148,149,149,150,150,151,151,152,152,153,153,154,154,155,155,156,156,157,157,158,158,159,159,160,160,161,161,162,162,163,163,164,164,165,165,166,166,167,167,168,168,169,169,170,170,171,171,172,172,173,173,174,174,0,0,1,1,2,2,3,3,4,4,5,5,6,6,7,7,8,8,9,9,10,10,11,11,12,12,13,13,14,14,15,15,16,16,17,17,18,18,19,19,20]}],"name":"body"},{"display":[{"weights":[1,10,1,1,10,1,1,10,1,1,10,1,1,10,1,1,10,1,2,10,0.99931,17,0.00069,2,10,0.11263,17,0.88737,1,17,1,1,17,1,1,17,1,1,17,1,1,17,1,1,17,1,1,17,1,1,17,1,1,17,1,1,17,1,2,10,0.14663,17,0.85337,2,10,0.31762,17,0.68238,2,10,0.82373,17,0.17627,2,10,0.99461,17,0.00539,2,10,0.99989,17,0.00011,1,10,1,1,10,1,1,10,1,1,10,1,1,10,1,1,10,1],"bonePose":[10,-0.7228465531705869,0.6910085821242757,-0.6910085821242757,-0.7228465531705869,-73.94,-642.47,17,-0.41850123027705255,0.9082162299015546,-0.9082162299015546,-0.41850123027705255,-152.82625954777762,-561.3171161660865],"slotPose":[1,0,0,1,0,0],"vertices":[-106.28,-665.55,-132.52,-649.99,-122.8,-627.64,-118.43,-613.06,-125.72,-600.9,-140.78,-591.19,-155.85,-595.56,-194.72,-560.18,-208.06,-500.62,-210.78,-474.15,-210.88,-460.04,-216.12,-446.07,-211.94,-430.26,-213.67,-406.9,-200.79,-407.7,-169.65,-439.23,-151.91,-435.96,-160.89,-486.04,-127.18,-534.68,-112.02,-537.02,-101.98,-567.44,-79.55,-585.87,-68.36,-587.3,-72.74,-606.74,-66.91,-619.37,-54.18,-620.35,-54.18,-648.54,-61.57,-671.38,-83.92,-672],"path":"arm left","userEdges":[],"name":"arm left","triangles":[27,28,26,28,24,26,26,24,25,28,0,24,0,2,24,23,21,22,3,23,24,2,3,24,3,21,23,4,20,21,3,4,21,1,2,0,4,5,20,18,19,20,5,18,20,6,7,5,5,7,18,7,17,18,7,8,17,17,15,16,10,15,17,9,10,17,8,9,17,10,11,15,11,12,15,12,14,15,12,13,14],"type":"mesh","transform":{},"width":169,"height":261,"uvs":[0.69174,0.0247,0.53645,0.08429,0.59397,0.16994,0.61985,0.22581,0.57671,0.27236,0.48756,0.3096,0.39842,0.29284,0.16836,0.41946,0.0677,0.64291,0.04182,0.74346,0.03607,0.79746,0,0.8496,0.01882,0.91105,0,1,0.07633,1,0.27188,0.88684,0.37541,0.9036,0.3409,0.70994,0.55946,0.53119,0.65148,0.52374,0.71762,0.4027,0.84991,0.33008,0.91605,0.3245,0.89017,0.25001,0.92468,0.2016,1,0.19788,1,0.08988,0.95631,0.00236,0.82402,0],"edges":[11,12,12,13,13,14,14,15,15,16,16,17,17,18,18,19,19,20,20,21,21,22,22,23,23,24,24,25,25,26,26,27,27,28,28,0,0,1,1,2,2,3,3,4,4,5,5,6,6,7,7,8,8,9,9,10,10,11]}],"name":"arm left"},{"display":[{"weights":[3,18,0.18482,9,0.81401,16,0.00117,3,18,0.27368,9,0.72629,16,0.00003,2,18,0.29484,9,0.70516,2,18,0.37987,9,0.62013,2,18,0.43605,9,0.56395,2,18,0.49146,9,0.50854,2,18,0.59767,9,0.40233,2,18,0.65572,9,0.34428,2,18,0.75385,9,0.24615,2,18,0.8084,9,0.1916,2,18,0.86821,9,0.13179,2,18,0.89458,9,0.10542,2,18,0.93728,9,0.06272,2,18,0.95426,9,0.04574,2,18,0.9625,9,0.0375,2,18,0.96603,9,0.03397,2,18,0.9876,9,0.0124,2,18,0.99536,9,0.00464,1,18,1,2,18,0.99994,16,0.00006,2,18,0.99923,16,0.00077,2,18,0.9958,16,0.0042,2,18,0.98588,16,0.01412,2,18,0.96694,16,0.03306,2,18,0.89962,16,0.10038,3,18,0.81284,9,0.00106,16,0.18611,3,18,0.74837,9,0.00283,16,0.2488,3,18,0.70823,9,0.00599,16,0.28578,3,18,0.56766,9,0.01292,16,0.41943,3,18,0.53186,9,0.01572,16,0.45242,3,18,0.40742,9,0.01487,16,0.57771,3,18,0.3594,9,0.01371,16,0.62689,3,18,0.30023,9,0.00945,16,0.69032,3,18,0.2284,9,0.00402,16,0.76757,2,18,0.19159,16,0.80841,3,18,0.11542,9,0.00009,16,0.88449,2,18,0.06573,16,0.93427,2,18,0.05317,16,0.94683,2,18,0.03765,16,0.96235,2,18,0.02405,16,0.97595,2,18,0.00603,16,0.99397,1,16,1,1,16,1,2,9,0.00042,16,0.99958,2,9,0.00443,16,0.99557,2,9,0.00848,16,0.99152,2,9,0.02673,16,0.97327,2,9,0.04629,16,0.95371,2,9,0.13774,16,0.86226,2,9,0.1805,16,0.8195,2,9,0.25475,16,0.74525,2,9,0.27003,16,0.72997,2,9,0.28859,16,0.71141,2,9,0.31091,16,0.68909,2,9,0.35402,16,0.64598,2,9,0.53362,16,0.46638,2,9,0.61318,16,0.38682,2,9,0.72873,16,0.27127,2,9,0.82573,16,0.17427,2,9,0.8833,16,0.1167,3,18,0.0186,9,0.92408,16,0.05732,3,18,0.06127,9,0.91472,16,0.02401,3,18,0.08139,9,0.90374,16,0.01487,3,18,0.12378,9,0.86864,16,0.00758,3,18,0.15927,9,0.83876,16,0.00197,2,18,0.98021,9,0.01979,3,18,0.95018,9,0.01667,16,0.03315,3,18,0.13338,9,0.22895,16,0.63767,2,9,0.06039,16,0.93961,2,18,0.72644,9,0.27356,2,18,0.45718,9,0.54282,2,9,0.85781,16,0.14219,2,9,0.54325,16,0.45675,2,18,0.30265,9,0.69735,3,18,0.03761,9,0.91624,16,0.04615,3,18,0.00012,9,0.78998,16,0.2099,3,18,0.99836,9,0.00139,16,0.00025,2,18,0.99073,16,0.00927,3,18,0.85646,9,0.0062,16,0.13734,3,18,0.38333,9,0.03269,16,0.58398,3,18,0.09355,9,0.00223,16,0.90423,2,18,0.00909,16,0.99091,2,18,0.88632,9,0.11368,2,18,0.82963,9,0.17037,3,18,0.04824,9,0.62663,16,0.32513,2,9,0.24083,16,0.75917,2,9,0.25314,16,0.74686,3,18,0.9944,9,0.00548,16,0.00012,3,18,0.91032,9,0.01702,16,0.07266,3,18,0.28467,9,0.12703,16,0.5883,3,18,0.11335,9,0.0594,16,0.82724,3,18,0.00074,9,0.00242,16,0.99684,2,9,0.01742,16,0.98258,2,18,0.79601,9,0.20399,2,18,0.60165,9,0.39835,3,18,0.00781,9,0.74939,16,0.24281,2,9,0.37135,16,0.62865,2,9,0.65938,16,0.34062,3,18,0.01362,9,0.91697,16,0.06941,2,18,0.29825,9,0.70175,2,18,0.50742,9,0.49258,3,18,0.25535,9,0.74446,16,0.00019,3,18,0.05684,9,0.91054,16,0.03262,3,18,0.00142,9,0.85454,16,0.14404],"bonePose":[18,1,0,0,1,-177.38,-969.78,9,1,0,0,1,21.32,-1132.4,16,1,0,0,1,392.42,-964.9],"slotPose":[1,0,0,1,0,0],"vertices":[-248.48,-1588.51,-299.94,-1541.35,-321.38,-1590.66,-411.43,-1492.04,-488.61,-1451.3,-465.03,-1382.69,-512.2,-1318.37,-505.76,-1275.49,-552.93,-1219.74,-544.36,-1174.72,-593.67,-1136.13,-576.52,-1099.68,-615.11,-1061.09,-635.04,-1013.92,-635.04,-951.74,-587.24,-960.32,-563.65,-906.72,-589.38,-878.85,-602.24,-765.22,-555.08,-767.36,-514.34,-722.34,-456.45,-733.06,-405,-630.14,-329.96,-670.88,-227.04,-552.96,-104.84,-578.7,-42.66,-542.24,-8.36,-570.11,109.56,-561.55,107.42,-597.98,178.17,-576.55,203.9,-602.28,242.49,-585.12,298.23,-606.55,353.98,-567.97,409.72,-673.03,504.06,-658.02,493.34,-715.91,546.94,-705.19,542.65,-773.8,598.4,-795.24,706.96,-816.68,690.59,-881,706.96,-911.01,690.59,-956.04,706.96,-979.62,706.96,-1099.68,656.28,-1078.24,660.57,-1185.44,617.69,-1198.31,660.57,-1273.35,643.42,-1352.68,600.54,-1320.52,591.96,-1359.11,551.23,-1335.52,519.07,-1449.16,465.47,-1524.2,347.55,-1590.66,259.65,-1607.81,246.78,-1718,28.09,-1718,-83.39,-1665.7,-149.86,-1676.42,-164.87,-1601.38,-224.9,-1646.4,-445.23,-938.39,-157.35,-901.07,219.37,-924.18,503.69,-1046.79,-404.35,-1181.84,-168.01,-1165.85,119.86,-1194.28,352.65,-1304.45,-256.86,-1409.3,16.8,-1398.63,224.71,-1457.28,-486.15,-835.83,-386.44,-764.09,-129.86,-704.5,172.92,-685.05,394.23,-750.72,533.8,-852.05,-463.86,-1075.67,-176.97,-1034.46,152.65,-1057.36,413.59,-1133.66,570.77,-1245.06,-462.33,-878.81,-146.45,-833.03,180.11,-820.83,297.61,-852.86,534.14,-936.8,657.75,-1014.63,-422.66,-1139.76,-169.34,-1106.19,148.07,-1122.99,384.6,-1196.22,317.45,-1394.6,61.09,-1324.41,-180.02,-1295.41,-346.36,-1301.51,-250.22,-1470.9,-25.9,-1495.32,186.22,-1559.41],"path":"Tree","userEdges":[],"name":"Tree","triangles":[47,92,46,46,92,45,92,44,45,42,40,41,44,42,43,92,91,44,81,40,42,44,91,42,91,81,42,49,68,47,47,68,92,49,47,48,86,49,50,52,86,50,51,52,50,68,91,92,85,68,86,86,68,49,81,39,40,53,54,52,54,86,52,54,96,86,96,85,86,39,37,38,55,72,54,72,96,54,81,80,39,80,37,39,97,72,55,68,90,91,91,90,81,90,80,81,56,97,55,67,90,85,85,90,68,37,35,36,80,35,37,57,97,56,75,97,57,33,34,35,84,67,85,96,95,85,95,84,85,80,33,35,79,33,80,90,79,80,72,71,96,71,95,96,89,79,90,58,75,57,97,71,72,103,75,58,79,31,33,75,98,97,98,71,97,31,32,33,67,89,90,59,103,58,60,103,59,103,74,75,74,98,75,84,89,67,84,66,89,102,74,103,29,30,31,79,29,31,66,88,89,78,79,89,60,102,103,88,78,89,78,29,79,78,27,29,83,66,84,95,94,84,94,83,84,71,94,95,61,102,60,98,70,71,70,94,71,29,27,28,74,99,98,99,70,98,78,25,27,102,99,74,73,99,102,101,73,102,61,63,102,25,26,27,63,101,102,62,63,61,78,24,25,0,101,63,88,23,78,23,24,78,66,77,88,77,23,88,83,65,66,99,100,70,65,77,66,100,69,70,64,0,63,93,83,94,69,94,70,69,93,94,73,100,99,93,82,83,82,65,83,65,87,77,1,101,0,3,73,101,1,3,101,3,100,73,3,5,100,2,3,1,77,22,23,21,22,77,7,69,100,5,7,100,6,7,5,4,5,3,76,21,77,87,76,77,9,93,69,7,9,69,8,9,7,82,15,65,9,82,93,19,20,76,76,20,21,16,87,65,15,16,65,11,15,82,9,11,82,12,15,11,16,76,87,17,19,76,16,17,76,10,11,9,12,13,15,17,18,19,13,14,15],"type":"mesh","transform":{},"width":1342,"height":1191,"uvs":[0.28964,0.10872,0.2497,0.14832,0.23373,0.10692,0.16663,0.18973,0.10911,0.22393,0.12669,0.28154,0.09154,0.33554,0.09633,0.37155,0.06118,0.41835,0.06757,0.45615,0.03083,0.48856,0.04361,0.51916,0.01485,0.55156,0,0.59117,0,0.64337,0.03562,0.63617,0.0532,0.68117,0.03402,0.70458,0.02444,0.79999,0.05959,0.79819,0.08994,0.83599,0.13308,0.82699,0.17142,0.9134,0.22734,0.87919,0.30402,0.9782,0.39509,0.9566,0.44142,0.9872,0.46698,0.9638,0.55485,0.971,0.55325,0.9404,0.60597,0.9584,0.62514,0.9368,0.6539,0.9512,0.69544,0.9332,0.73698,0.9656,0.77851,0.87739,0.84881,0.88999,0.84082,0.84139,0.88076,0.85039,0.87757,0.79278,0.9191,0.77478,1,0.75678,0.9878,0.70278,1,0.67757,0.9878,0.63977,1,0.61997,1,0.51916,0.96224,0.53716,0.96543,0.44715,0.93348,0.43635,0.96543,0.37335,0.95265,0.30674,0.9207,0.33374,0.91431,0.30134,0.88396,0.32114,0.85999,0.22573,0.82005,0.16273,0.73218,0.10692,0.66668,0.09252,0.65709,0,0.49414,0,0.41106,0.04392,0.36154,0.03491,0.35035,0.09792,0.30562,0.06012,0.14144,0.65458,0.35595,0.68592,0.63667,0.66652,0.84854,0.56357,0.1719,0.45018,0.34801,0.46361,0.56252,0.43973,0.73598,0.34723,0.2818,0.2592,0.48572,0.26815,0.64064,0.21891,0.11095,0.7407,0.18525,0.80093,0.37644,0.85096,0.60206,0.8673,0.76697,0.81217,0.87097,0.72708,0.12756,0.53932,0.34133,0.57392,0.58695,0.5547,0.78139,0.49063,0.89852,0.3971,0.12869,0.70461,0.36408,0.74304,0.60742,0.75329,0.69497,0.72639,0.87123,0.65592,0.96333,0.59057,0.15826,0.48551,0.34702,0.5137,0.58354,0.4996,0.75979,0.4381,0.70976,0.27154,0.51872,0.33047,0.33906,0.35482,0.21511,0.34969,0.28722,0.20747,0.45391,0.18697,0.61197,0.13316],"edges":[13,14,14,15,15,16,16,17,17,18,18,19,19,20,20,21,21,22,22,23,23,24,24,25,25,26,26,27,27,28,28,29,29,30,30,31,31,32,32,33,33,34,34,35,35,36,36,37,37,38,38,39,39,40,40,41,41,42,42,43,43,44,44,45,45,46,46,47,47,48,48,49,49,50,50,51,51,52,52,53,53,54,54,55,55,56,56,57,57,58,58,59,59,60,60,61,61,62,62,63,63,64,64,0,0,1,1,2,2,3,3,4,4,5,5,6,6,7,7,8,8,9,9,10,10,11,11,12,12,13]}],"name":"Tree"},{"display":[{"path":"shadow","type":"image","name":"shadow","transform":{"y":12.81,"x":66.56}}],"name":"shadow"}]}],"frameRate":30,"slot":[{"name":"shadow","parent":"shadow","color":{}},{"z":1,"name":"Tree","parent":"Tree TRunk","color":{}},{"z":2,"name":"arm left","parent":"left arm","color":{}},{"z":3,"name":"body","parent":"chest","color":{}},{"z":4,"name":"head","parent":"head","color":{}},{"z":5,"name":"arm right","parent":"right arm","color":{}}]}],"name":"Jubokko","version":"5.0"}