{"width":2048,"imagePath":"Jubokko_tex.png","height":4096,"name":"Jubokko","SubTexture":[{"frameWidth":1427,"y":2291,"frameX":-1,"frameHeight":93,"frameY":-1,"width":1425,"height":91,"name":"shadow","x":1},{"width":1342,"y":1,"height":1191,"name":"Tree","x":1},{"width":169,"y":1194,"height":261,"name":"arm left","x":1441},{"width":1267,"y":1194,"height":1095,"name":"body","x":1},{"frameWidth":171,"y":1194,"frameX":-1,"frameHeight":368,"frameY":-1,"width":169,"height":366,"name":"head","x":1270},{"width":211,"y":1562,"height":236,"name":"arm right","x":1270}]}