{"frameRate":30,"isGlobal":0,"name":"Tantalus","version":"5.0","armature":[{"animation":[{"ffd":[{"frame":[{"duration":55,"offset":0,"vertices":[],"tweenEasing":null},{"duration":0,"offset":0,"vertices":[],"tweenEasing":null}],"scale":1,"skin":"","slot":"right leg","offset":0,"name":"right leg"},{"frame":[{"duration":10,"offset":28,"vertices":[-9.06,-2.42,-9.65,-7.62,0,0,0,0,0,0,0,0,0,0,0,0,0,0,0,0,0,0,0,0,0,0,0,0,0,0,0,0,0,0,0,0,0,0,0,0,0,0,0,0,0,0,0,0,0,0,0,0,0,0,0,0,0,0,0,0,0,0,0,0,0,0,0,0,0,0,0,0,0,0,0,0,0,0,0,0],"tweenEasing":0},{"duration":10,"offset":28,"vertices":[-6.24,-13.05,-7.48,-16.95,0,0,0,0,0,0,0,0,0,0,0,0,0,0,0,0,0,0,0,0,0,0,0,0,0,0,0,0,0,0,0,0,0,0,0,0,0,0,0,0,0,0,0,0,0,0,0,0,0,0,0,0,0,0,0,0,0,0,0,0,0,0,0,0,0,0,0,0,0,0,0,0,0,0,0,0],"tweenEasing":0},{"duration":5,"offset":28,"vertices":[-9.78,-22.35,-13.44,-28.85,0,0,0,0,0,0,0,0,0,0,0,0,0,0,0,0,0,0,0,0,0,0,0,0,0,0,0,0,0,0,0,0,0,0,0,0,0,0,0,0,0,0,0,0,0,0,0,0,0,0,0,0,0,0,0,0,0,0,0,0,0,0,0,0,0,0,0,0,0,0,0,0,0,0,0,0],"tweenEasing":0},{"duration":5,"offset":26,"vertices":[-2.64,-13.95,3.04,-48.74,-5.15,-57.5,-0.78,19.6,0,0,0,0,0,0,0,0,0,0,0,0,0,0,0,0,0,0,0,0,0,0,0,0,0,0,0,0,0,0,0,0,0,0,0,0,0,0,0,0,0,0,0,0,0,0,0,0,0,0,0,0,0,0,0,0,0,0,1.96,0.39,0,0,0,0,0,0,-1.13,-9.8,0,0,0,0,0,0],"tweenEasing":null},{"duration":3,"offset":26,"vertices":[-2.64,-13.95,3.04,-48.74,-5.15,-57.5,-0.78,19.6,0,0,0,0,0,0,0,0,0,0,0,0,0,0,0,0,0,0,0,0,0,0,0,0,0,0,0,0,0,0,0,0,0,0,0,0,0,0,0,0,0,0,0,0,0,0,0,0,0,0,0,0,0,0,0,0,0,0,1.96,0.39,0,0,0,0,0,0,-1.13,-9.8,0,0,0,0,0,0],"tweenEasing":0},{"duration":22,"offset":28,"vertices":[-9.78,-22.35,-13.44,-28.85,0,0,0,0,0,0,0,0,0,0,0,0,0,0,0,0,0,0,0,0,0,0,0,0,0,0,0,0,0,0,0,0,0,0,0,0,0,0,0,0,0,0,0,0,0,0,0,0,0,0,0,0,0,0,0,0,0,0,0,0,0,0,0,0,0,0,0,0,0,0,0,0,0,0,0,0],"tweenEasing":0},{"duration":0,"offset":28,"vertices":[-9.06,-2.42,-9.65,-7.62,0,0,0,0,0,0,0,0,0,0,0,0,0,0,0,0,0,0,0,0,0,0,0,0,0,0,0,0,0,0,0,0,0,0,0,0,0,0,0,0,0,0,0,0,0,0,0,0,0,0,0,0,0,0,0,0,0,0,0,0,0,0,0,0,0,0,0,0,0,0,0,0,0,0,0,0],"tweenEasing":null}],"scale":1,"skin":"","slot":"torso","offset":0,"name":"torso"}],"frame":[],"slot":[],"duration":55,"ik":[],"name":"Attack Slash","bone":[{"frame":[{"duration":10,"transform":{}},{"curve":[0.25,0,0.268,0.97],"duration":10,"transform":{}},{"curve":[0.25,0,0.245,0.99],"duration":5,"transform":{"y":1.22,"x":-80.77}},{"duration":5,"transform":{"y":1.22,"x":-171.25}},{"curve":[0.25,0,1,0.76],"duration":3,"transform":{"y":1.22,"x":-171.25}},{"curve":[0.25,0,0.75,1],"duration":7,"transform":{"y":1.22,"x":-80.77}},{"duration":15,"transform":{}},{"duration":0,"transform":{}}],"name":"root"},{"frame":[{"curve":[0.25,0,0.903,0.68],"duration":10,"transform":{"skX":25.84,"skY":25.84}},{"curve":[0.25,0,0.268,0.97],"duration":10,"transform":{"skX":48.93,"skY":48.93}},{"curve":[0.413,0,0.663,0.45],"duration":5,"transform":{"skX":77.9,"skY":77.9}},{"duration":5,"transform":{"skX":54.6,"skY":54.6}},{"curve":[0.164,0.43,0.394,0.99],"duration":3,"transform":{"skX":54.6,"skY":54.6}},{"curve":[0.25,0,0.75,1],"duration":7,"transform":{"skX":77.9,"skY":77.9}},{"curve":[0.25,0,0.75,1],"duration":15,"transform":{"skX":48.93,"skY":48.93}},{"duration":0,"transform":{"skX":25.84,"skY":25.84}}],"name":"top chest5"},{"frame":[{"duration":10,"transform":{"x":-39.52}},{"curve":[0.25,0,0.268,0.97],"duration":10,"transform":{"x":-39.52}},{"curve":[0.25,0,0.245,0.99],"duration":5,"transform":{"y":-236.59,"x":-289.5}},{"duration":5,"transform":{"y":4.08,"x":-513.31}},{"curve":[0.25,0,1,0.76],"duration":3,"transform":{"y":4.08,"x":-513.31}},{"curve":[0.25,0,0.75,1],"duration":7,"transform":{"y":-236.59,"x":-289.5}},{"duration":15,"transform":{"x":-39.52}},{"duration":0,"transform":{"x":-39.52}}],"name":"Left Leg IK"},{"frame":[{"duration":10,"transform":{}},{"duration":10,"transform":{}},{"duration":5,"transform":{}},{"duration":5,"transform":{}},{"duration":3,"transform":{}},{"duration":7,"transform":{}},{"duration":15,"transform":{}},{"duration":0,"transform":{}}],"name":"chest"},{"frame":[{"duration":10,"transform":{}},{"duration":10,"transform":{}},{"curve":[0.25,0,0.245,0.99],"duration":5,"transform":{}},{"duration":5,"transform":{"y":-20.77,"x":-316.48}},{"curve":[0.25,0,1,0.76],"duration":3,"transform":{"y":-20.77,"x":-316.48}},{"curve":[0.25,0,0.75,1],"duration":7,"transform":{"y":5.71,"x":-688.52}},{"duration":15,"transform":{}},{"duration":0,"transform":{}}],"name":"Right Leg IK"},{"frame":[{"curve":[0.25,0,0.903,0.68],"duration":10,"transform":{"skX":-29.69,"skY":-29.69}},{"curve":[0.25,0,0.268,0.97],"duration":10,"transform":{"skX":-52.51,"skY":-52.51}},{"curve":[0.413,0,0.663,0.45],"duration":5,"transform":{"skX":-105.98,"skY":-105.98}},{"duration":5,"transform":{"skX":-94.94,"skY":-94.94}},{"curve":[0.164,0.43,0.394,0.99],"duration":3,"transform":{"skX":-94.94,"skY":-94.94}},{"curve":[0.25,0,0.75,1],"duration":7,"transform":{"skX":-105.98,"skY":-105.98}},{"curve":[0.25,0,0.75,1],"duration":15,"transform":{"skX":-52.51,"skY":-52.51}},{"duration":0,"transform":{"skX":-29.69,"skY":-29.69}}],"name":"Mid3"},{"frame":[{"duration":10,"transform":{}},{"duration":10,"transform":{}},{"curve":[0.25,0,0.245,0.99],"duration":5,"transform":{}},{"duration":5,"transform":{"x":-310.55}},{"curve":[0.25,0,1,0.76],"duration":3,"transform":{"x":-310.55}},{"curve":[0.25,0,0.75,1],"duration":7,"transform":{"x":-719.91}},{"duration":15,"transform":{}},{"duration":0,"transform":{}}],"name":"Right Foot IK"},{"frame":[{"curve":[0.25,0,0.903,0.68],"duration":10,"transform":{"skX":23.35,"skY":23.35}},{"curve":[0.25,0,0.268,0.97],"duration":10,"transform":{"skX":36.19,"skY":36.19}},{"curve":[0.413,0,0.663,0.45],"duration":5,"transform":{"skX":41.21,"skY":41.21}},{"duration":5,"transform":{"skX":74.05,"skY":74.05}},{"curve":[0.164,0.43,0.394,0.99],"duration":3,"transform":{"skX":74.05,"skY":74.05}},{"curve":[0.25,0,0.75,1],"duration":7,"transform":{"skX":41.21,"skY":41.21}},{"curve":[0.25,0,0.75,1],"duration":15,"transform":{"skX":36.19,"skY":36.19}},{"duration":0,"transform":{"skX":23.35,"skY":23.35}}],"name":"left leg"},{"frame":[{"curve":[0.25,0,0.903,0.68],"duration":10,"transform":{"skX":21.59,"skY":21.59}},{"curve":[0.25,0,0.268,0.97],"duration":10,"transform":{"skX":38.29,"skY":38.29}},{"curve":[0.413,0,0.663,0.45],"duration":5,"transform":{"skX":2.91,"skY":2.91}},{"duration":5,"transform":{"skX":27.16,"skY":27.16}},{"curve":[0.164,0.43,0.394,0.99],"duration":3,"transform":{"skX":27.16,"skY":27.16}},{"curve":[0.25,0,0.75,1],"duration":7,"transform":{"skX":2.91,"skY":2.91}},{"curve":[0.25,0,0.75,1],"duration":15,"transform":{"skX":38.29,"skY":38.29}},{"duration":0,"transform":{"skX":21.59,"skY":21.59}}],"name":"top chest3"},{"frame":[{"curve":[0.25,0,0.903,0.68],"duration":10,"transform":{"skX":-15.07,"skY":-15.07}},{"curve":[0.25,0,0.893,0.6],"duration":10,"transform":{"skX":-25.63,"skY":-25.63}},{"curve":[0.413,0,0.663,0.45],"duration":5,"transform":{"skX":-46.71,"skY":-46.71}},{"duration":5,"transform":{"skX":-33.33,"skY":-33.33}},{"curve":[0.164,0.43,0.394,0.99],"duration":3,"transform":{"skX":-33.33,"skY":-33.33}},{"curve":[0.25,0,0.997,0.76],"duration":7,"transform":{"skX":-46.71,"skY":-46.71}},{"curve":[0.25,0,0.967,0.69],"duration":15,"transform":{"skX":-25.63,"skY":-25.63}},{"duration":0,"transform":{"skX":-15.07,"skY":-15.07}}],"name":"arm right"},{"frame":[{"duration":10,"transform":{"x":-39.52}},{"curve":[0.25,0,0.268,0.97],"duration":10,"transform":{"x":-39.52}},{"curve":[0.25,0,0.245,0.99],"duration":5,"transform":{"x":135.81}},{"duration":5,"transform":{"y":10.74,"x":-514.83}},{"curve":[0.25,0,1,0.76],"duration":3,"transform":{"y":10.74,"x":-514.83}},{"curve":[0.25,0,0.75,1],"duration":7,"transform":{"x":135.81}},{"duration":15,"transform":{"x":-39.52}},{"duration":0,"transform":{"x":-39.52}}],"name":"Left Foot IK"},{"frame":[{"curve":[0.25,0,0.903,0.68],"duration":10,"transform":{"skX":-6.89,"skY":-6.89}},{"curve":[0.25,0,0.268,0.97],"duration":10,"transform":{"skX":-10.44,"skY":-10.44}},{"curve":[0.413,0,0.663,0.45],"duration":5,"transform":{"skX":98.43,"skY":98.43}},{"duration":5,"transform":{"skX":-19.08,"skY":-19.08}},{"curve":[0.164,0.43,0.394,0.99],"duration":3,"transform":{"skX":-19.08,"skY":-19.08}},{"curve":[0.25,0,0.75,1],"duration":7,"transform":{"skX":98.43,"skY":98.43}},{"curve":[0.25,0,0.75,1],"duration":15,"transform":{"skX":-10.44,"skY":-10.44}},{"duration":0,"transform":{"skX":-6.89,"skY":-6.89}}],"name":"arm left"},{"frame":[{"duration":10,"transform":{"y":-21.47,"x":23.05}},{"curve":[0.25,0,0.268,0.97],"duration":10,"transform":{"y":-21.47,"x":23.05}},{"curve":[0.25,0,0.245,0.99],"duration":5,"transform":{"y":-273.62,"x":-202.51}},{"duration":5,"transform":{"y":35.58,"x":-369.38}},{"curve":[0.25,0,1,0.76],"duration":3,"transform":{"y":35.58,"x":-369.38}},{"curve":[0.25,0,0.75,1],"duration":7,"transform":{"y":-273.62,"x":-202.51}},{"duration":15,"transform":{"y":-21.47,"x":23.05}},{"duration":0,"transform":{"y":-21.47,"x":23.05}}],"name":"Right Arm"},{"frame":[{"curve":[0.25,0,0.903,0.68],"duration":10,"transform":{"skX":-34.3,"skY":-34.3}},{"curve":[0.25,0,0.268,0.97],"duration":10,"transform":{"skX":-51.37,"skY":-51.37}},{"curve":[0.413,0,0.663,0.45],"duration":5,"transform":{"skX":-4.86,"skY":-4.86}},{"duration":5,"transform":{"skX":-50.24,"skY":-50.24}},{"curve":[0.164,0.43,0.394,0.99],"duration":3,"transform":{"skX":-50.24,"skY":-50.24}},{"curve":[0.25,0,0.75,1],"duration":7,"transform":{"skX":-4.86,"skY":-4.86}},{"curve":[0.25,0,0.75,1],"duration":15,"transform":{"skX":-51.37,"skY":-51.37}},{"duration":0,"transform":{"skX":-34.3,"skY":-34.3}}],"name":"Mid5"},{"frame":[{"duration":10,"transform":{"skX":-6,"skY":-6}},{"curve":[0.25,0,0.268,0.97],"duration":10,"transform":{"skX":-6,"skY":-6}},{"duration":5,"transform":{"y":-2.32,"x":9.1,"skX":-6,"skY":-6}},{"duration":5,"transform":{"y":-2.32,"x":9.1,"skX":-6,"skY":-6}},{"duration":3,"transform":{"y":-2.32,"x":9.1,"skX":-6,"skY":-6}},{"curve":[0.25,0,0.75,1],"duration":7,"transform":{"y":-2.32,"x":9.1,"skX":-6,"skY":-6}},{"duration":15,"transform":{"skX":-6,"skY":-6}},{"duration":0,"transform":{"skX":-6,"skY":-6}}],"name":"top chest"},{"frame":[{"curve":[0.25,0,0.903,0.68],"duration":10,"transform":{"skX":-7.56,"skY":-7.56}},{"curve":[0.25,0,0.268,0.97],"duration":10,"transform":{"skX":-20.12,"skY":-20.12}},{"curve":[0.413,0,0.663,0.45],"duration":5,"transform":{"y":-41.51,"x":-62.87,"skX":-80.28,"skY":-80.28}},{"duration":5,"transform":{"y":-41.51,"x":-62.87,"skX":-50.56,"skY":-50.56}},{"curve":[0.164,0.43,0.394,0.99],"duration":3,"transform":{"y":-41.51,"x":-62.87,"skX":-50.56,"skY":-50.56}},{"curve":[0.25,0,0.75,1],"duration":7,"transform":{"y":-41.51,"x":-62.87,"skX":-80.28,"skY":-80.28}},{"curve":[0.25,0,0.75,1],"duration":15,"transform":{"skX":-20.12,"skY":-20.12}},{"duration":0,"transform":{"skX":-7.56,"skY":-7.56}}],"name":"cape"},{"frame":[{"duration":10,"transform":{}},{"duration":10,"transform":{}},{"duration":5,"transform":{}},{"duration":5,"transform":{}},{"duration":3,"transform":{}},{"duration":7,"transform":{}},{"duration":15,"transform":{}},{"duration":0,"transform":{}}],"name":"head"},{"frame":[{"curve":[0.25,0,0.903,0.68],"duration":10,"transform":{"skX":15.95,"skY":15.95}},{"curve":[0.25,0,0.268,0.97],"duration":10,"transform":{"skX":23.12,"skY":23.12}},{"curve":[0.413,0,0.663,0.45],"duration":5,"transform":{"skX":-21.85,"skY":-21.85}},{"duration":5,"transform":{"skX":-7.33,"skY":-7.33}},{"curve":[0.164,0.43,0.394,0.99],"duration":3,"transform":{"skX":-7.33,"skY":-7.33}},{"curve":[0.25,0,0.75,1],"duration":7,"transform":{"skX":-21.85,"skY":-21.85}},{"curve":[0.25,0,0.75,1],"duration":15,"transform":{"skX":23.12,"skY":23.12}},{"duration":0,"transform":{"skX":15.95,"skY":15.95}}],"name":"right leg"},{"frame":[{"duration":10,"transform":{}},{"curve":[0.25,0,0.268,0.97],"duration":10,"transform":{}},{"curve":[0.25,0,0.245,0.99],"duration":5,"transform":{"x":-189.12,"scX":0.72}},{"duration":5,"transform":{"x":-432.48,"scX":0.96}},{"curve":[0.25,0,1,0.76],"duration":3,"transform":{"x":-432.48,"scX":0.96}},{"curve":[0.25,0,0.75,1],"duration":7,"transform":{"x":-189.12,"scX":0.72}},{"duration":15,"transform":{}},{"duration":0,"transform":{}}],"name":"shadow"},{"frame":[{"curve":[0.25,0,0.903,0.68],"duration":10,"transform":{"skX":8.24,"skY":8.24}},{"curve":[0.25,0,0.268,0.97],"duration":10,"transform":{"skX":17.96,"skY":17.96}},{"curve":[0.413,0,0.663,0.45],"duration":5,"transform":{"skX":-4.76,"skY":-4.76}},{"duration":5,"transform":{"skX":22.71,"skY":22.71}},{"curve":[0.164,0.43,0.394,0.99],"duration":3,"transform":{"skX":22.71,"skY":22.71}},{"curve":[0.25,0,0.75,1],"duration":7,"transform":{"skX":-4.76,"skY":-4.76}},{"curve":[0.25,0,0.75,1],"duration":15,"transform":{"skX":17.96,"skY":17.96}},{"duration":0,"transform":{"skX":8.24,"skY":8.24}}],"name":"Mid4"},{"frame":[{"curve":[0.25,0,0.903,0.68],"duration":10,"transform":{"y":12.84,"x":-1.98}},{"curve":[0.25,0,0.268,0.97],"duration":10,"transform":{"y":30.7,"x":-1.98}},{"curve":[0.25,0,0.245,0.99],"duration":5,"transform":{"y":-132.24,"x":-346.82}},{"curve":[0.25,0,1,0.76],"duration":5,"transform":{"y":112.36,"x":-439.77}},{"curve":[0.25,0,1,0.76],"duration":3,"transform":{"y":112.36,"x":-465.71}},{"curve":[0.25,0,0.75,1],"duration":7,"transform":{"y":-132.24,"x":-346.82}},{"curve":[0.25,0,0.75,1],"duration":15,"transform":{"y":30.7,"x":-1.98}},{"duration":0,"transform":{"y":12.84,"x":-1.98}}],"name":"Mid"},{"frame":[{"duration":10,"transform":{"skX":14.4,"skY":14.4}},{"curve":[0.25,0,0.268,0.97],"duration":10,"transform":{"skX":14.4,"skY":14.4}},{"duration":1,"transform":{"skX":14.4,"scY":1.5,"skY":14.4,"scX":1.5}},{"curve":[0.316,0.25,0.609,0.62],"duration":4,"transform":{"skX":14.4,"scY":1.5,"skY":14.4,"scX":1.5}},{"duration":5,"transform":{"skX":14.4,"scY":1.181,"skY":14.4,"scX":1.181}},{"curve":[0.174,0.47,0.436,0.99],"duration":3,"transform":{"skX":14.4,"scY":1.181,"skY":14.4,"scX":1.181}},{"duration":7,"transform":{"skX":14.4,"skY":14.4}},{"duration":15,"transform":{"skX":14.4,"skY":14.4}},{"duration":0,"transform":{"skX":14.4,"skY":14.4}}],"name":"weapon"},{"frame":[{"curve":[0.25,0,0.903,0.68],"duration":10,"transform":{"skX":15.7,"skY":15.7}},{"curve":[0.25,0,0.268,0.97],"duration":10,"transform":{"skX":25.54,"skY":25.54}},{"curve":[0.413,0,0.663,0.45],"duration":5,"transform":{"skX":0.13,"skY":0.13}},{"duration":5,"transform":{"skX":56.88,"skY":56.88}},{"curve":[0.164,0.43,0.394,0.99],"duration":3,"transform":{"skX":56.88,"skY":56.88}},{"curve":[0.25,0,0.75,1],"duration":7,"transform":{"skX":0.13,"skY":0.13}},{"curve":[0.25,0,0.75,1],"duration":15,"transform":{"skX":25.54,"skY":25.54}},{"duration":0,"transform":{"skX":15.7,"skY":15.7}}],"name":"rigth foot"},{"frame":[{"curve":[0.25,0,0.903,0.68],"duration":10,"transform":{"skX":49.07,"skY":49.07}},{"curve":[0.25,0,0.268,0.97],"duration":10,"transform":{"skX":39.67,"skY":39.67}},{"curve":[0.413,0,0.663,0.45],"duration":5,"transform":{"skX":78.35,"skY":78.35}},{"duration":5,"transform":{"skX":30.99,"skY":30.99}},{"curve":[0.164,0.43,0.394,0.99],"duration":3,"transform":{"skX":30.99,"skY":30.99}},{"curve":[0.25,0,0.75,1],"duration":7,"transform":{"skX":78.35,"skY":78.35}},{"curve":[0.25,0,0.75,1],"duration":15,"transform":{"skX":39.67,"skY":39.67}},{"duration":0,"transform":{"skX":49.07,"skY":49.07}}],"name":"top chest4"},{"frame":[{"curve":[0.25,0,0.903,0.68],"duration":10,"transform":{"y":-23.23,"x":-37.75}},{"curve":[0.25,0,0.268,0.97],"duration":10,"transform":{"y":15.83,"x":-15.43}},{"curve":[0.321,0,0.4745,0.685],"duration":1,"transform":{"y":-504.93,"x":-297.18}},{"curve":[0.158,0.125,0.8045,0.81],"duration":4,"transform":{"y":-39.2,"x":-475.37,"scY":1.5,"scX":1.5}},{"duration":5,"transform":{"y":108.82,"x":-411.49,"scY":1.181,"scX":1.181}},{"curve":[0.212,0.235,0.718,0.875],"duration":3,"transform":{"y":108.82,"x":-411.49,"scY":1.181,"scX":1.181}},{"curve":[0.25,0,0.75,1],"duration":7,"transform":{"y":-140.01,"x":-341.71}},{"curve":[0.25,0,0.75,1],"duration":15,"transform":{"y":15.83,"x":-15.43}},{"duration":0,"transform":{"y":-23.23,"x":-37.75}}],"name":"Arm Left IK"},{"frame":[{"duration":10,"transform":{}},{"curve":[0.25,0,0.268,0.97],"duration":10,"transform":{}},{"curve":[0.25,0,0.245,0.99],"duration":5,"transform":{"y":-169.42,"x":-236.4}},{"duration":5,"transform":{"y":125.94,"x":-367.44}},{"curve":[0.25,0,1,0.76],"duration":3,"transform":{"y":125.94,"x":-367.44}},{"curve":[0.25,0,0.75,1],"duration":7,"transform":{"y":-169.42,"x":-236.4}},{"duration":15,"transform":{}},{"duration":0,"transform":{}}],"name":"CApe IK"},{"frame":[{"duration":10,"transform":{}},{"duration":10,"transform":{}},{"duration":5,"transform":{}},{"duration":5,"transform":{}},{"duration":3,"transform":{}},{"duration":7,"transform":{}},{"duration":15,"transform":{}},{"duration":0,"transform":{}}],"name":"shield"}]},{"ffd":[{"frame":[{"duration":10,"offset":0,"vertices":[],"tweenEasing":0},{"duration":5,"offset":50,"vertices":[-9.41,14.79,-7.34,8.95,-8.25,25.13,-15.9,32.13,-17.08,12.26,0,0,-6.54,-22.01,6.16,-16.28,-2.69,-5.83,0,0,0,0,0,0,0,0,0,0,0,0],"tweenEasing":0},{"duration":5,"offset":50,"vertices":[-9.41,14.79,-7.34,8.95,2.51,14.97,0.87,14.21,-4.57,2.19,0,0,1.61,-8.83,11.62,-8.07,2.68,1.38,0,0,0,0,0,0,0,0,0,0,0,0],"tweenEasing":null},{"duration":5,"offset":50,"vertices":[-9.41,14.79,-7.34,8.95,2.51,14.97,0.87,14.21,-4.57,2.19,0,0,1.61,-8.83,11.62,-8.07,2.68,1.38,0,0,0,0,0,0,0,0,0,0,0,0],"tweenEasing":0},{"duration":15,"offset":50,"vertices":[-9.41,14.79,-7.34,8.95,-4.44,21.32,-14.43,26.69,-8.91,16.32,0,0,1.61,-8.83,11.62,-8.07,2.68,1.38,0,0,0,0,0,0,0,0,0,0,0,0],"tweenEasing":0},{"duration":0,"offset":0,"vertices":[],"tweenEasing":null}],"scale":1,"skin":"","slot":"right leg","offset":0,"name":"right leg"},{"frame":[{"duration":10,"offset":28,"vertices":[-7.58,-13.17,-8.78,-12.77,0,0,0,0,0,0,0,0,0,0,0,0,0,0,0,0,0,0,0,0,0,0,0,0,0,0,0,0,0,0,0,0,0,0,0,0,0,0,0,0,0,0,0,0,0,0,0,0,0,0,0,0,0,0,0,0,0,0,0,0,0,0,0,0,0,0,0,0,0,0,0,0,0,0,0,0],"tweenEasing":0},{"duration":5,"offset":28,"vertices":[-0.99,-40.48,-10.98,-45.42,0,0,0,0,0,0,0,0,0,0,0,0,0,0,0,0,0,0,0,0,0,0,0,0,0,0,0,0,0,0,0,0,0,0,0,0,0,0,0,0,0,0,0,0,0,0,0,0,0,0,0,0,0,0,0,0,0,0,0,0,0,0,0,0,0,0,0,0,0,0,0,0,0,0,0,0],"tweenEasing":0},{"duration":5,"offset":28,"vertices":[0.55,-33.29,-9.65,-31.58,0,0,0,0,0,0,0,0,0,0,0,0,0,0,0,0,0,0,0,0,0,0,0,0,0,0,0,0,0,0,0,0,0,0,0,0,0,0,0,0,0,0,0,0,0,0,0,0,0,0,0,0,0,0,0,0,0,0,0,0,0,0,0,0,0,0,0,0,0,0,0,0,0,0,0,0],"tweenEasing":null},{"duration":5,"offset":28,"vertices":[0.55,-33.29,-9.65,-31.58,0,0,0,0,0,0,0,0,0,0,0,0,0,0,0,0,0,0,0,0,0,0,0,0,0,0,0,0,0,0,0,0,0,0,0,0,0,0,0,0,0,0,0,0,0,0,0,0,0,0,0,0,0,0,0,0,0,0,0,0,0,0,0,0,0,0,0,0,0,0,0,0,0,0,0,0],"tweenEasing":0},{"duration":15,"offset":28,"vertices":[-3,-39.5,-14.75,-44.74,0,0,0,0,0,0,0,0,0,0,0,0,0,0,0,0,0,0,0,0,0,0,0,0,0,0,0,0,0,0,0,0,0,0,0,0,0,0,0,0,0,0,0,0,0,0,0,0,0,0,0,0,0,0,0,0,0,0,0,0,0,0,0,0,0,0,0,0,0,0,0,0,0,0,0,0],"tweenEasing":0},{"duration":0,"offset":28,"vertices":[-7.58,-13.17,-8.78,-12.77,0,0,0,0,0,0,0,0,0,0,0,0,0,0,0,0,0,0,0,0,0,0,0,0,0,0,0,0,0,0,0,0,0,0,0,0,0,0,0,0,0,0,0,0,0,0,0,0,0,0,0,0,0,0,0,0,0,0,0,0,0,0,0,0,0,0,0,0,0,0,0,0,0,0,0,0],"tweenEasing":null}],"scale":1,"skin":"","slot":"torso","offset":0,"name":"torso"}],"frame":[],"slot":[],"duration":40,"ik":[],"name":"Attack thrust","bone":[{"frame":[{"duration":10,"transform":{"x":-39.52}},{"curve":[0.25,0,0.151,0.98],"duration":5,"transform":{"x":-39.52}},{"duration":5,"transform":{"y":-56.81,"x":-173.59}},{"curve":[0.25,0,0.75,1],"duration":5,"transform":{"y":-56.81,"x":-173.59}},{"duration":15,"transform":{"x":-39.52}},{"duration":0,"transform":{"x":-39.52}}],"name":"Left Leg IK"},{"frame":[{"curve":[0.25,0,1,0.62],"duration":10,"transform":{"y":12.84,"x":-1.98}},{"curve":[0.25,0,0.151,0.98],"duration":5,"transform":{"y":69.88,"x":73.66}},{"curve":[0.25,0,0.75,1],"duration":5,"transform":{"y":87.94,"x":-257.39}},{"curve":[0.25,0,0.75,1],"duration":5,"transform":{"y":87.94,"x":-300.41}},{"curve":[0.25,0,0.75,1],"duration":15,"transform":{"y":69.88,"x":73.66}},{"duration":0,"transform":{"y":12.84,"x":-1.98}}],"name":"Mid"},{"frame":[{"curve":[0.25,0,1,0.62],"duration":10,"transform":{"y":-23.23,"x":-37.75}},{"curve":[0.25,0,0.151,0.98],"duration":5,"transform":{"y":59.85,"x":123.45}},{"curve":[0.25,0,0.75,1],"duration":5,"transform":{"y":-29.31,"x":-385.21}},{"curve":[0.25,0,0.75,1],"duration":5,"transform":{"y":-5.41,"x":-393.57}},{"curve":[0.25,0,0.75,1],"duration":15,"transform":{"y":59.85,"x":123.45}},{"duration":0,"transform":{"y":-23.23,"x":-37.75}}],"name":"Arm Left IK"},{"frame":[{"duration":10,"transform":{"skX":-6,"skY":-6}},{"duration":5,"transform":{"skX":-6,"skY":-6}},{"duration":5,"transform":{"skX":-6,"skY":-6}},{"duration":5,"transform":{"skX":-6,"skY":-6}},{"duration":15,"transform":{"skX":-6,"skY":-6}},{"duration":0,"transform":{"skX":-6,"skY":-6}}],"name":"top chest"},{"frame":[{"duration":10,"transform":{"y":-21.47,"x":23.05}},{"curve":[0.25,0,0.151,0.98],"duration":5,"transform":{"y":-21.47,"x":23.05}},{"duration":5,"transform":{"y":-110.48,"x":-110.93}},{"curve":[0.25,0,0.75,1],"duration":5,"transform":{"y":-110.48,"x":-110.93}},{"duration":15,"transform":{"y":-21.47,"x":23.05}},{"duration":0,"transform":{"y":-21.47,"x":23.05}}],"name":"Right Arm"},{"frame":[{"duration":10,"transform":{"skX":14.4,"skY":14.4}},{"curve":[0.25,0,0.151,0.98],"duration":5,"transform":{"skX":14.4,"skY":14.4}},{"duration":5,"transform":{"skX":-45.6,"scY":1.4,"skY":-45.6,"scX":1.4}},{"curve":[0.25,0,0.75,1],"duration":5,"transform":{"skX":-45.6,"scY":1.4,"skY":-45.6,"scX":1.4}},{"duration":15,"transform":{"skX":14.4,"skY":14.4}},{"duration":0,"transform":{"skX":14.4,"skY":14.4}}],"name":"weapon"},{"frame":[{"duration":10,"transform":{"x":-39.52}},{"curve":[0.25,0,0.151,0.98],"duration":5,"transform":{"x":-39.52}},{"duration":5,"transform":{"x":-33.15}},{"curve":[0.25,0,0.75,1],"duration":5,"transform":{"x":-33.15}},{"duration":15,"transform":{"x":-39.52}},{"duration":0,"transform":{"x":-39.52}}],"name":"Left Foot IK"},{"frame":[{"curve":[0.25,0,1,0.62],"duration":10,"transform":{}},{"curve":[0.25,0,0.151,0.98],"duration":5,"transform":{"x":93}},{"duration":5,"transform":{"x":-145.08}},{"curve":[0.25,0,0.75,1],"duration":5,"transform":{"x":-145.08}},{"curve":[0.25,0,0.75,1],"duration":15,"transform":{"x":93}},{"duration":0,"transform":{}}],"name":"root"},{"frame":[{"duration":10,"transform":{}},{"duration":5,"transform":{}},{"duration":5,"transform":{}},{"duration":5,"transform":{}},{"duration":15,"transform":{}},{"duration":0,"transform":{}}],"name":"chest"},{"frame":[{"duration":10,"transform":{}},{"duration":5,"transform":{}},{"duration":5,"transform":{}},{"duration":5,"transform":{}},{"duration":15,"transform":{}},{"duration":0,"transform":{}}],"name":"head"},{"frame":[{"curve":[0.25,0,1,0.62],"duration":10,"transform":{"skX":-15.07,"skY":-15.07}},{"curve":[0.25,0,0.151,0.98],"duration":5,"transform":{"skX":-25.12,"skY":-25.12}},{"duration":5,"transform":{"skX":-64.64,"skY":-64.64}},{"curve":[0.25,0,0.75,1],"duration":5,"transform":{"skX":-64.64,"skY":-64.64}},{"curve":[0.25,0,0.75,1],"duration":15,"transform":{"skX":-25.12,"skY":-25.12}},{"duration":0,"transform":{"skX":-15.07,"skY":-15.07}}],"name":"arm right"},{"frame":[{"curve":[0.25,0,1,0.62],"duration":10,"transform":{"skX":21.59,"skY":21.59}},{"curve":[0.25,0,0.151,0.98],"duration":5,"transform":{"skX":79.74,"skY":79.74}},{"duration":5,"transform":{"skX":41.49,"skY":41.49}},{"curve":[0.25,0,0.75,1],"duration":5,"transform":{"skX":41.49,"skY":41.49}},{"curve":[0.25,0,0.75,1],"duration":15,"transform":{"skX":79.74,"skY":79.74}},{"duration":0,"transform":{"skX":21.59,"skY":21.59}}],"name":"top chest3"},{"frame":[{"duration":10,"transform":{}},{"duration":5,"transform":{}},{"duration":5,"transform":{}},{"duration":5,"transform":{}},{"duration":15,"transform":{}},{"duration":0,"transform":{}}],"name":"shield"},{"frame":[{"curve":[0.25,0,1,0.62],"duration":10,"transform":{"skX":-6.89,"skY":-6.89}},{"curve":[0.25,0,0.151,0.98],"duration":5,"transform":{"skX":-40.46,"skY":-40.46}},{"duration":5,"transform":{"y":-27.99,"x":3.87,"skX":75.43,"skY":75.43}},{"curve":[0.25,0,0.75,1],"duration":5,"transform":{"y":-27.99,"x":3.87,"skX":75.43,"skY":75.43}},{"curve":[0.25,0,0.75,1],"duration":15,"transform":{"skX":-40.46,"skY":-40.46}},{"duration":0,"transform":{"skX":-6.89,"skY":-6.89}}],"name":"arm left"},{"frame":[{"curve":[0.25,0,1,0.62],"duration":10,"transform":{"skX":49.07,"skY":49.07}},{"curve":[0.25,0,0.151,0.98],"duration":5,"transform":{"skX":59.09,"skY":59.09}},{"duration":5,"transform":{"skX":-0.7,"skY":-0.7}},{"curve":[0.25,0,0.75,1],"duration":5,"transform":{"skX":-0.7,"skY":-0.7}},{"curve":[0.25,0,0.75,1],"duration":15,"transform":{"skX":59.09,"skY":59.09}},{"duration":0,"transform":{"skX":49.07,"skY":49.07}}],"name":"top chest4"},{"frame":[{"curve":[0.25,0,1,0.62],"duration":10,"transform":{"skX":23.35,"skY":23.35}},{"curve":[0.25,0,0.151,0.98],"duration":5,"transform":{"skX":57.76,"skY":57.76}},{"duration":5,"transform":{"skX":66.69,"skY":66.69}},{"curve":[0.25,0,0.75,1],"duration":5,"transform":{"skX":66.69,"skY":66.69}},{"curve":[0.25,0,0.75,1],"duration":15,"transform":{"skX":57.76,"skY":57.76}},{"duration":0,"transform":{"skX":23.35,"skY":23.35}}],"name":"left leg"},{"frame":[{"curve":[0.25,0,1,0.62],"duration":10,"transform":{"skX":-29.69,"skY":-29.69}},{"curve":[0.25,0,0.151,0.98],"duration":5,"transform":{"skX":-57.89,"skY":-57.89}},{"duration":5,"transform":{"skX":-72.04,"skY":-72.04}},{"curve":[0.25,0,0.75,1],"duration":5,"transform":{"skX":-72.04,"skY":-72.04}},{"curve":[0.25,0,0.75,1],"duration":15,"transform":{"skX":-57.89,"skY":-57.89}},{"duration":0,"transform":{"skX":-29.69,"skY":-29.69}}],"name":"Mid3"},{"frame":[{"curve":[0.25,0,1,0.62],"duration":10,"transform":{"skX":8.24,"skY":8.24}},{"curve":[0.25,0,0.151,0.98],"duration":5,"transform":{"skX":2.18,"skY":2.18}},{"duration":5,"transform":{"skX":7.27,"skY":7.27}},{"curve":[0.25,0,0.75,1],"duration":5,"transform":{"skX":7.27,"skY":7.27}},{"curve":[0.25,0,0.75,1],"duration":15,"transform":{"skX":2.18,"skY":2.18}},{"duration":0,"transform":{"skX":8.24,"skY":8.24}}],"name":"Mid4"},{"frame":[{"duration":10,"transform":{}},{"duration":5,"transform":{}},{"duration":5,"transform":{}},{"duration":5,"transform":{}},{"duration":15,"transform":{}},{"duration":0,"transform":{}}],"name":"Right Leg IK"},{"frame":[{"curve":[0.25,0,1,0.62],"duration":10,"transform":{"skX":15.95,"skY":15.95}},{"curve":[0.25,0,0.151,0.98],"duration":5,"transform":{"skX":54.98,"skY":54.98}},{"duration":5,"transform":{"skX":18,"skY":18}},{"curve":[0.25,0,0.75,1],"duration":5,"transform":{"skX":18,"skY":18}},{"curve":[0.25,0,0.75,1],"duration":15,"transform":{"skX":54.98,"skY":54.98}},{"duration":0,"transform":{"skX":15.95,"skY":15.95}}],"name":"right leg"},{"frame":[{"curve":[0.25,0,1,0.62],"duration":10,"transform":{"skX":-34.3,"skY":-34.3}},{"curve":[0.25,0,0.151,0.98],"duration":5,"transform":{"skX":-90.87,"skY":-90.87}},{"duration":5,"transform":{"skX":-68.51,"skY":-68.51}},{"curve":[0.25,0,0.75,1],"duration":5,"transform":{"skX":-68.51,"skY":-68.51}},{"curve":[0.25,0,0.75,1],"duration":15,"transform":{"skX":-90.87,"skY":-90.87}},{"duration":0,"transform":{"skX":-34.3,"skY":-34.3}}],"name":"Mid5"},{"frame":[{"duration":10,"transform":{}},{"duration":5,"transform":{}},{"duration":5,"transform":{}},{"duration":5,"transform":{}},{"duration":15,"transform":{}},{"duration":0,"transform":{}}],"name":"Right Foot IK"},{"frame":[{"curve":[0.25,0,1,0.62],"duration":10,"transform":{"skX":15.7,"skY":15.7}},{"curve":[0.25,0,0.151,0.98],"duration":5,"transform":{"skX":33.13,"skY":33.13}},{"duration":5,"transform":{"skX":47.62,"skY":47.62}},{"curve":[0.25,0,0.75,1],"duration":5,"transform":{"skX":47.62,"skY":47.62}},{"curve":[0.25,0,0.75,1],"duration":15,"transform":{"skX":33.13,"skY":33.13}},{"duration":0,"transform":{"skX":15.7,"skY":15.7}}],"name":"rigth foot"},{"frame":[{"duration":10,"transform":{}},{"curve":[0.25,0,0.151,0.98],"duration":5,"transform":{}},{"duration":5,"transform":{"y":30.98,"x":-103.14}},{"curve":[0.25,0,0.75,1],"duration":5,"transform":{"y":30.98,"x":-103.14}},{"duration":15,"transform":{}},{"duration":0,"transform":{}}],"name":"CApe IK"},{"frame":[{"curve":[0.25,0,1,0.62],"duration":10,"transform":{"skX":-7.56,"skY":-7.56}},{"curve":[0.25,0,0.151,0.98],"duration":5,"transform":{"skX":-4.21,"skY":-4.21}},{"duration":5,"transform":{"y":-1.88,"x":-13.58,"skX":-124.05,"skY":-124.05}},{"curve":[0.25,0,0.75,1],"duration":5,"transform":{"y":-1.88,"x":-13.58,"skX":-124.05,"skY":-124.05}},{"curve":[0.25,0,0.75,1],"duration":15,"transform":{"skX":-4.21,"skY":-4.21}},{"duration":0,"transform":{"skX":-7.56,"skY":-7.56}}],"name":"cape"},{"frame":[{"curve":[0.25,0,1,0.62],"duration":10,"transform":{"skX":25.84,"skY":25.84}},{"curve":[0.25,0,0.151,0.98],"duration":5,"transform":{"skX":59.73,"skY":59.73}},{"duration":5,"transform":{"skX":95.78,"skY":95.78}},{"curve":[0.25,0,0.75,1],"duration":5,"transform":{"skX":95.78,"skY":95.78}},{"curve":[0.25,0,0.75,1],"duration":15,"transform":{"skX":59.73,"skY":59.73}},{"duration":0,"transform":{"skX":25.84,"skY":25.84}}],"name":"top chest5"},{"frame":[{"curve":[0.25,0,1,0.62],"duration":10,"transform":{}},{"curve":[0.25,0,0.151,0.98],"duration":5,"transform":{"scX":0.9}},{"duration":5,"transform":{"scX":1.24}},{"curve":[0.25,0,0.75,1],"duration":5,"transform":{"scX":1.24}},{"duration":15,"transform":{}},{"duration":0,"transform":{}}],"name":"shadow"}]},{"ffd":[{"frame":[{"duration":10,"offset":28,"vertices":[-8.65,-6.92,-10.87,-8.89,0,0,0,0,0,0,0,0,0,0,0,0,0,0,0,0,0,0,0,0,0,0,0,0,0,0,0,0,0,0,0,0,0,0,0,0,0,0,0,0,0,0,0,0,0,0,0,0,0,0,0,0,0,0,0,0,0,0,0,0,0,0,0,0,0,0,0,0,0,0,0,0,0,0,0,0],"tweenEasing":null},{"duration":20,"offset":28,"vertices":[-8.65,-6.92,-10.87,-8.89,0,0,0,0,0,0,0,0,0,0,0,0,0,0,0,0,0,0,0,0,0,0,0,0,0,0,0,0,0,0,0,0,0,0,0,0,0,0,0,0,0,0,0,0,0,0,0,0,0,0,0,0,0,0,0,0,0,0,0,0,0,0,0,0,0,0,0,0,0,0,0,0,0,0,0,0],"tweenEasing":null},{"duration":0,"offset":28,"vertices":[-8.65,-6.92,-10.87,-8.89,0,0,0,0,0,0,0,0,0,0,0,0,0,0,0,0,0,0,0,0,0,0,0,0,0,0,0,0,0,0,0,0,0,0,0,0,0,0,0,0,0,0,0,0,0,0,0,0,0,0,0,0,0,0,0,0,0,0,0,0,0,0,0,0,0,0,0,0,0,0,0,0,0,0,0,0],"tweenEasing":null}],"scale":1,"skin":"","slot":"torso","offset":0,"name":"torso"}],"frame":[],"slot":[],"duration":30,"ik":[],"name":"Damage","bone":[{"frame":[{"curve":[0.25,0,0,1],"duration":10,"transform":{"y":12.84,"x":-1.98}},{"curve":[0.25,0,0.75,1],"duration":20,"transform":{"y":16.31,"x":14.08}},{"duration":0,"transform":{"y":12.84,"x":-1.98}}],"name":"Mid"},{"frame":[{"duration":30,"transform":{"skX":-6,"skY":-6}},{"duration":0,"transform":{"skX":-6,"skY":-6}}],"name":"top chest"},{"frame":[{"duration":30,"transform":{"y":-21.47,"x":23.05}},{"duration":0,"transform":{"y":-21.47,"x":23.05}}],"name":"Right Arm"},{"frame":[{"duration":30,"transform":{"skX":-345.6,"skY":-345.6}},{"duration":0,"transform":{"skX":-345.6,"skY":-345.6}}],"name":"weapon"},{"frame":[{"duration":30,"transform":{"x":-39.52}},{"duration":0,"transform":{"x":-39.52}}],"name":"Left Foot IK"},{"frame":[{"duration":30,"transform":{"x":-39.52}},{"duration":0,"transform":{"x":-39.52}}],"name":"Left Leg IK"},{"frame":[{"curve":[0.25,0,0,1],"duration":10,"transform":{"y":-23.23,"x":-37.75}},{"curve":[0.25,0,0.75,1],"duration":20,"transform":{"y":-23.23,"x":-26.23}},{"duration":0,"transform":{"y":-23.23,"x":-37.75}}],"name":"Arm Left IK"},{"frame":[{"duration":30,"transform":{}}],"name":"root"},{"frame":[{"duration":30,"transform":{}}],"name":"CApe IK"},{"frame":[{"duration":30,"transform":{}}],"name":"Right Foot IK"},{"frame":[{"duration":30,"transform":{}}],"name":"Right Leg IK"},{"frame":[{"duration":30,"transform":{}}],"name":"shadow"},{"frame":[{"duration":30,"transform":{}}],"name":"chest"},{"frame":[{"duration":30,"transform":{}}],"name":"right leg"},{"frame":[{"duration":30,"transform":{}}],"name":"left leg"},{"frame":[{"duration":30,"transform":{}}],"name":"Mid5"},{"frame":[{"duration":30,"transform":{}}],"name":"Mid3"},{"frame":[{"duration":30,"transform":{}}],"name":"arm left"},{"frame":[{"duration":30,"transform":{}}],"name":"Mid4"},{"frame":[{"duration":30,"transform":{}}],"name":"arm right"},{"frame":[{"duration":30,"transform":{}}],"name":"rigth foot"},{"frame":[{"duration":30,"transform":{}}],"name":"cape"},{"frame":[{"duration":30,"transform":{}}],"name":"head"},{"frame":[{"duration":30,"transform":{}}],"name":"top chest5"},{"frame":[{"duration":30,"transform":{}}],"name":"top chest3"},{"frame":[{"duration":30,"transform":{}}],"name":"top chest4"},{"frame":[{"duration":30,"transform":{}}],"name":"shield"}]},{"ffd":[{"frame":[{"duration":15,"offset":28,"vertices":[-7.89,-9.32,-11.8,-10.67,0,0,0,0,0,0,0,0,0,0,0,0,0,0,0,0,0,0,0,0,0,0,0,0,0,0,0,0,0,0,0,0,0,0,0,0,0,0,0,0,0,0,0,0,0,0,0,0,0,0,0,0,0,0,0,0,0,0,0,0,0,0,0,0,0,0,0,0,0,0,0,0,0,0,0,0],"tweenEasing":0},{"duration":5,"offset":26,"vertices":[4.42,-9.88,4.33,-49.1,-6.35,-54.09,0,0,0,0,0,0,0,0,0,0,0,0,0,0,0,0,0,0,0,0,0,0,0,0,0,0,0,0,0,0,0,0,0,0,0,0,0,0,0,0,0,0,0,0,0,0,0,0,0,0,0,0,0,0,0,0,0,0,0,0,0,0,0,0,0,0,0,0,0,0,0,0,0,0,0,0],"tweenEasing":0},{"duration":5,"offset":26,"vertices":[4.42,-9.88,2.83,-30.69,-3.14,-17.92,0,0,0,0,0,0,0,0,0,0,0,0,0,0,0,0,0,0,0,0,0,0,0,0,0,0,0,0,0,0,0,0,0,0,0,0,0,0,0,0,0,0,0,0,0,0,0,0,0,0,0,0,0,0,0,0,0,0,0,0,0,0,0,0,0,0,0,0,0,0,0,0,0,0,0,0],"tweenEasing":0},{"duration":5,"offset":26,"vertices":[3.54,-7.9,-5.34,-31.08,-14.46,-35.65,0,0,0,0,0,0,0,0,0,0,0,0,0,0,0,0,0,0,0,0,0,0,0,0,0,0,0,0,0,0,0,0,0,0,0,0,0,0,0,0,0,0,0,0,0,0,0,0,0,0,0,0,0,0,0,0,0,0,0,0,0,0,0,0,0,0,0,0,0,0,0,0,0,0,0,0],"tweenEasing":0},{"duration":15,"offset":26,"vertices":[2.65,-5.93,0,-42.07,-14.79,-45.59,0,0,0,0,0,0,0,0,0,0,0,0,0,0,0,0,0,0,0,0,0,0,0,0,0,0,0,0,0,0,0,0,0,0,0,0,0,0,0,0,0,0,0,0,0,0,0,0,0,0,0,0,0,0,0,0,0,0,0,0,0,0,0,0,0,0,0,0,0,0,0,0,0,0,0,0],"tweenEasing":0},{"duration":0,"offset":28,"vertices":[-7.89,-9.32,-11.8,-10.67,0,0,0,0,0,0,0,0,0,0,0,0,0,0,0,0,0,0,0,0,0,0,0,0,0,0,0,0,0,0,0,0,0,0,0,0,0,0,0,0,0,0,0,0,0,0,0,0,0,0,0,0,0,0,0,0,0,0,0,0,0,0,0,0,0,0,0,0,0,0,0,0,0,0,0,0],"tweenEasing":null}],"scale":1,"skin":"","slot":"torso","offset":0,"name":"torso"}],"frame":[],"slot":[],"duration":45,"ik":[],"name":"Fierce Slash","bone":[{"frame":[{"duration":10,"transform":{"x":-39.52}},{"duration":5,"transform":{"x":-39.52},"tweenEasing":0},{"duration":5,"transform":{"y":-369.82,"x":-27.11}},{"curve":[0.25,0,0.235,1],"duration":5,"transform":{"y":-369.82,"x":-27.11}},{"duration":20,"transform":{"y":9.61,"x":-218.16},"tweenEasing":0},{"duration":0,"transform":{"x":-39.52}}],"name":"Left Leg IK"},{"frame":[{"curve":[0.25,0,0.992,0.79],"duration":10,"transform":{"y":12.84,"x":-1.98}},{"duration":5,"transform":{"y":86.77,"x":-1.98},"tweenEasing":0},{"curve":[0.25,0,0.75,1],"duration":5,"transform":{"y":-261.88,"x":-1.98}},{"curve":[0.25,0,0.235,1],"duration":5,"transform":{"y":-307.3,"x":-128.9}},{"curve":[0.25,0,0.75,1],"duration":5,"transform":{"y":56.09,"x":-128.9}},{"curve":[0.25,0,0.75,1],"duration":15,"transform":{"y":84.49,"x":-113.86}},{"duration":0,"transform":{"y":12.84,"x":-1.98}}],"name":"Mid"},{"frame":[{"curve":[0.25,0,0.992,0.79],"duration":10,"transform":{"y":-23.23,"x":-37.75}},{"curve":[0.208,0,0.667,0.47],"duration":2,"transform":{"y":22.72,"x":-3.79}},{"curve":[0.571,0.34,1,0.72],"duration":3,"transform":{"y":-488.29,"x":8.95}},{"curve":[0.25,0,0.75,1],"duration":5,"transform":{"y":-651.78,"x":127.65}},{"curve":[0.25,0,0.235,1],"duration":5,"transform":{"y":-637.08,"x":76.88}},{"duration":5,"transform":{"y":93.75,"x":-181.49},"tweenEasing":0},{"duration":15,"transform":{"y":89.61,"x":-145.56},"tweenEasing":0},{"duration":0,"transform":{"y":-23.23,"x":-37.75}}],"name":"Arm Left IK"},{"frame":[{"duration":10,"transform":{"skX":-6,"skY":-6}},{"duration":5,"transform":{"skX":-6,"skY":-6},"tweenEasing":0},{"duration":5,"transform":{"skX":19.44,"skY":19.44}},{"curve":[0.25,0,0.235,1],"duration":5,"transform":{"skX":19.44,"skY":19.44}},{"duration":20,"transform":{"skX":-16.03,"skY":-16.03},"tweenEasing":0},{"duration":0,"transform":{"skX":-6,"skY":-6}}],"name":"top chest"},{"frame":[{"curve":[0.25,0,0.992,0.79],"duration":10,"transform":{"y":-21.47,"x":23.05}},{"duration":10,"transform":{"y":55.46,"x":-111.81},"tweenEasing":0},{"curve":[0.417,0,0.658,0.45],"duration":10,"transform":{"y":34.08,"x":154.05}},{"curve":[0.162,0.44,0.396,1],"duration":15,"transform":{"y":-2.68,"x":-11.96}},{"duration":0,"transform":{"y":-21.47,"x":23.05}}],"name":"Right Arm"},{"frame":[{"duration":10,"transform":{"skX":14.4,"skY":14.4}},{"duration":10,"transform":{"skX":14.4,"skY":14.4},"tweenEasing":0},{"curve":[0.3225,0,0.4705,0.69],"duration":5,"transform":{"skX":14.4,"scY":1.4,"skY":14.4,"scX":1.4}},{"duration":20,"transform":{"skX":-12.44,"skY":-12.44},"tweenEasing":0},{"duration":0,"transform":{"skX":14.4,"skY":14.4}}],"name":"weapon"},{"frame":[{"duration":10,"transform":{"x":-39.52}},{"duration":5,"transform":{"x":-39.52},"tweenEasing":0},{"duration":5,"transform":{"x":159.04}},{"curve":[0.25,0,0.235,1],"duration":5,"transform":{"x":159.04}},{"duration":20,"transform":{"x":-216.38},"tweenEasing":0},{"duration":0,"transform":{"x":-39.52}}],"name":"Left Foot IK"},{"frame":[{"duration":10,"transform":{}},{"duration":10,"transform":{}},{"curve":[0.395,0,0.706,0.38],"duration":5,"transform":{}},{"curve":[0.329,0.26,0.637,0.61],"duration":5,"transform":{"y":103.8}},{"curve":[0.274,0.32,0.589,0.68],"duration":5,"transform":{"y":68.95}},{"curve":[0.274,0.37,0.599,0.72],"duration":4,"transform":{"y":67.57}},{"curve":[0.251,0.6,0.573,1],"duration":6,"transform":{"y":33.71}},{"duration":0,"transform":{}}],"name":"CApe IK"},{"frame":[{"duration":10,"transform":{}},{"duration":10,"transform":{}},{"duration":25,"transform":{}},{"duration":0,"transform":{}}],"name":"root"},{"frame":[{"duration":10,"transform":{}},{"duration":10,"transform":{}},{"duration":25,"transform":{}},{"duration":0,"transform":{}}],"name":"chest"},{"frame":[{"duration":10,"transform":{}},{"duration":5,"transform":{},"tweenEasing":0},{"duration":5,"transform":{"skX":-19.9,"skY":-19.9}},{"curve":[0.25,0,0.235,1],"duration":25,"transform":{"skX":-19.9,"skY":-19.9}},{"duration":0,"transform":{}}],"name":"head"},{"frame":[{"curve":[0.25,0,0.992,0.79],"duration":10,"transform":{"skX":-15.07,"skY":-15.07}},{"duration":10,"transform":{"skX":18.31,"skY":18.31},"tweenEasing":0},{"curve":[0.25,0,0.235,1],"duration":25,"transform":{"skX":-23.49,"skY":-23.49}},{"duration":0,"transform":{"skX":-15.07,"skY":-15.07}}],"name":"arm right"},{"frame":[{"curve":[0.25,0,0.992,0.79],"duration":10,"transform":{"skX":21.59,"skY":21.59}},{"duration":10,"transform":{"skX":29.79,"skY":29.79},"tweenEasing":0},{"curve":[0.25,0,0.235,1],"duration":25,"transform":{"skX":-27.3,"skY":-27.3}},{"duration":0,"transform":{"skX":21.59,"skY":21.59}}],"name":"top chest3"},{"frame":[{"duration":10,"transform":{}},{"duration":10,"transform":{}},{"duration":25,"transform":{}},{"duration":0,"transform":{}}],"name":"shield"},{"frame":[{"curve":[0.25,0,0.992,0.79],"duration":10,"transform":{"skX":-6.89,"skY":-6.89}},{"duration":10,"transform":{"skX":-35.76,"skY":-35.76},"tweenEasing":0},{"curve":[0.25,0,0.235,1],"duration":25,"transform":{"skX":-213.98,"skY":-213.98}},{"duration":0,"transform":{"skX":-6.89,"skY":-6.89}}],"name":"arm left"},{"frame":[{"curve":[0.25,0,0.992,0.79],"duration":10,"transform":{"skX":49.07,"skY":49.07}},{"duration":10,"transform":{"skX":90.29,"skY":90.29},"tweenEasing":0},{"curve":[0.25,0,0.235,1],"duration":25,"transform":{"skX":69.11,"skY":69.11}},{"duration":0,"transform":{"skX":49.07,"skY":49.07}}],"name":"top chest4"},{"frame":[{"curve":[0.25,0,0.992,0.79],"duration":10,"transform":{"skX":23.35,"skY":23.35}},{"duration":10,"transform":{"skX":60.91,"skY":60.91},"tweenEasing":0},{"curve":[0.25,0,0.235,1],"duration":25,"transform":{"skX":15.68,"skY":15.68}},{"duration":0,"transform":{"skX":23.35,"skY":23.35}}],"name":"left leg"},{"frame":[{"curve":[0.25,0,0.992,0.79],"duration":10,"transform":{"skX":-29.69,"skY":-29.69}},{"duration":10,"transform":{"skX":-91.95,"skY":-91.95},"tweenEasing":0},{"curve":[0.25,0,0.235,1],"duration":25,"transform":{"skX":-75.47,"skY":-75.47}},{"duration":0,"transform":{"skX":-29.69,"skY":-29.69}}],"name":"Mid3"},{"frame":[{"curve":[0.25,0,0.992,0.79],"duration":10,"transform":{"skX":8.24,"skY":8.24}},{"duration":10,"transform":{"skX":32.36,"skY":32.36},"tweenEasing":0},{"curve":[0.25,0,0.235,1],"duration":25,"transform":{"skX":24.02,"skY":24.02}},{"duration":0,"transform":{"skX":8.24,"skY":8.24}}],"name":"Mid4"},{"frame":[{"duration":10,"transform":{}},{"duration":5,"transform":{},"tweenEasing":0},{"duration":5,"transform":{"x":-194.84}},{"curve":[0.25,0,0.235,1],"duration":5,"transform":{"x":-194.84}},{"duration":20,"transform":{"x":-61.4},"tweenEasing":0},{"duration":0,"transform":{}}],"name":"Right Leg IK"},{"frame":[{"curve":[0.25,0,0.992,0.79],"duration":10,"transform":{"skX":15.95,"skY":15.95}},{"duration":10,"transform":{"skX":34.03,"skY":34.03},"tweenEasing":0},{"curve":[0.25,0,0.235,1],"duration":25,"transform":{"skX":19.48,"skY":19.48}},{"duration":0,"transform":{"skX":15.95,"skY":15.95}}],"name":"right leg"},{"frame":[{"curve":[0.25,0,0.992,0.79],"duration":10,"transform":{"skX":-34.3,"skY":-34.3}},{"duration":10,"transform":{"skX":-83.97,"skY":-83.97},"tweenEasing":0},{"curve":[0.25,0,0.235,1],"duration":25,"transform":{"skX":-4.86,"skY":-4.86}},{"duration":0,"transform":{"skX":-34.3,"skY":-34.3}}],"name":"Mid5"},{"frame":[{"duration":10,"transform":{}},{"duration":5,"transform":{},"tweenEasing":0},{"duration":5,"transform":{"x":-224.62}},{"curve":[0.25,0,0.235,1],"duration":5,"transform":{"x":-224.62}},{"duration":20,"transform":{"x":-60.46},"tweenEasing":0},{"duration":0,"transform":{}}],"name":"Right Foot IK"},{"frame":[{"curve":[0.25,0,0.992,0.79],"duration":10,"transform":{"skX":15.7,"skY":15.7}},{"duration":10,"transform":{"skX":47.06,"skY":47.06},"tweenEasing":0},{"curve":[0.25,0,0.235,1],"duration":25,"transform":{"skX":1.82,"skY":1.82}},{"duration":0,"transform":{"skX":15.7,"skY":15.7}}],"name":"rigth foot"},{"frame":[{"curve":[0.25,0,0.992,0.79],"duration":10,"transform":{"skX":-7.56,"skY":-7.56}},{"duration":10,"transform":{"skX":-42.87,"skY":-42.87},"tweenEasing":0},{"curve":[0.25,0,0.235,1],"duration":25,"transform":{"skX":-32.23,"skY":-32.23}},{"duration":0,"transform":{"skX":-7.56,"skY":-7.56}}],"name":"cape"},{"frame":[{"curve":[0.25,0,0.992,0.79],"duration":10,"transform":{"skX":25.84,"skY":25.84}},{"duration":10,"transform":{"skX":91.62,"skY":91.62},"tweenEasing":0},{"curve":[0.25,0,0.235,1],"duration":25,"transform":{"skX":-4.26,"skY":-4.26}},{"duration":0,"transform":{"skX":25.84,"skY":25.84}}],"name":"top chest5"},{"frame":[{"curve":[0.25,0,0.992,0.79],"duration":10,"transform":{}},{"duration":5,"transform":{"scX":1.08},"tweenEasing":0},{"duration":5,"transform":{"scX":0.88},"tweenEasing":0},{"curve":[0.395,0,0.706,0.38],"duration":5,"transform":{"scX":0.8}},{"curve":[0.212,0.25,0.382,0.79],"duration":16,"transform":{"scX":1.39}},{"curve":[0.278,0.63,0.607,1],"duration":4,"transform":{"scX":1.03}},{"duration":0,"transform":{}}],"name":"shadow"}]},{"ffd":[{"frame":[{"duration":60,"offset":52,"vertices":[-3.29,8.81,-5.38,9.58,-5.03,17.4,-6.7,8.04,0,0,-0.72,-8.9,-0.72,-8.9,0,0,0,0,0,0,-0.21,6.16,0,0,0,0,0,0],"tweenEasing":null},{"duration":0,"offset":52,"vertices":[-3.29,8.81,-5.38,9.58,-5.03,17.4,-6.7,8.04,0,0,-0.72,-8.9,-0.72,-8.9,0,0,0,0,0,0,-0.21,6.16,0,0,0,0,0,0],"tweenEasing":null}],"scale":1,"skin":"","slot":"right leg","offset":0,"name":"right leg"},{"frame":[{"duration":30,"offset":28,"vertices":[-7.06,-11.67,-11.97,-11.05,0,0,0,0,0,0,0,0,0,0,0,0,0,0,0,0,0,0,0,0,0,0,0,0,0,0,0,0,0,0,0,0,0,0,0,0,0,0,0,0,0,0,0,0,0,0,0,0,0,0,0,0,0,0,0,0,0,0,0,0,0,0,0,0,0,0,0,0,0,0,0,0,0,0,0,0],"tweenEasing":0},{"duration":30,"offset":28,"vertices":[-6.55,-18.35,-14.54,-19.28,0,0,0,0,0,0,0,0,0,0,0,0,0,0,0,0,0,0,0,0,0,0,0,0,0,0,0,0,0,0,0,0,0,0,0,0,0,0,0,0,0,0,0,0,0,0,0,0,0,0,0,0,0,0,0,0,0,0,0,0,0,0,0,0,0,0,0,0,0,0,0,0,0,0,0,0],"tweenEasing":0},{"duration":0,"offset":28,"vertices":[-7.06,-11.67,-11.97,-11.05,0,0,0,0,0,0,0,0,0,0,0,0,0,0,0,0,0,0,0,0,0,0,0,0,0,0,0,0,0,0,0,0,0,0,0,0,0,0,0,0,0,0,0,0,0,0,0,0,0,0,0,0,0,0,0,0,0,0,0,0,0,0,0,0,0,0,0,0,0,0,0,0,0,0,0,0],"tweenEasing":null}],"scale":1,"skin":"","slot":"torso","offset":0,"name":"torso"}],"frame":[],"slot":[],"duration":60,"ik":[],"name":"Idle","bone":[{"frame":[{"curve":[0.25,0,0.296,1],"duration":30,"transform":{"y":12.84,"x":-1.98}},{"curve":[0.25,0,0.75,1],"duration":30,"transform":{"y":22.67,"x":-4.43}},{"duration":0,"transform":{"y":12.84,"x":-1.98}}],"name":"Mid"},{"frame":[{"duration":60,"transform":{"x":-39.52}},{"duration":0,"transform":{"x":-39.52}}],"name":"Left Leg IK"},{"frame":[{"duration":60,"transform":{"x":-39.52}},{"duration":0,"transform":{"x":-39.52}}],"name":"Left Foot IK"},{"frame":[{"duration":60,"transform":{"skX":-6,"skY":-6}},{"duration":0,"transform":{"skX":-6,"skY":-6}}],"name":"top chest"},{"frame":[{"duration":60,"transform":{"y":-21.47,"x":23.05}},{"duration":0,"transform":{"y":-21.47,"x":23.05}}],"name":"Right Arm"},{"frame":[{"curve":[0.25,0,0.296,1],"duration":30,"transform":{"y":-23.23,"x":-37.75}},{"curve":[0.25,0,0.75,1],"duration":30,"transform":{"y":-23.23,"x":-43.48}},{"duration":0,"transform":{"y":-23.23,"x":-37.75}}],"name":"Arm Left IK"},{"frame":[{"duration":60,"transform":{"skX":-345.6,"skY":-345.6}},{"duration":0,"transform":{"skX":-345.6,"skY":-345.6}}],"name":"weapon"},{"frame":[{"duration":60,"transform":{}}],"name":"root"},{"frame":[{"duration":60,"transform":{}}],"name":"CApe IK"},{"frame":[{"duration":60,"transform":{}}],"name":"Right Foot IK"},{"frame":[{"duration":60,"transform":{}}],"name":"Right Leg IK"},{"frame":[{"duration":60,"transform":{}}],"name":"shadow"},{"frame":[{"duration":60,"transform":{}}],"name":"chest"},{"frame":[{"duration":60,"transform":{}}],"name":"right leg"},{"frame":[{"duration":60,"transform":{}}],"name":"left leg"},{"frame":[{"duration":60,"transform":{}}],"name":"Mid5"},{"frame":[{"duration":60,"transform":{}}],"name":"Mid3"},{"frame":[{"duration":60,"transform":{}}],"name":"arm left"},{"frame":[{"duration":60,"transform":{}}],"name":"Mid4"},{"frame":[{"duration":60,"transform":{}}],"name":"arm right"},{"frame":[{"duration":60,"transform":{}}],"name":"rigth foot"},{"frame":[{"duration":60,"transform":{}}],"name":"cape"},{"frame":[{"duration":60,"transform":{}}],"name":"head"},{"frame":[{"duration":60,"transform":{}}],"name":"top chest5"},{"frame":[{"duration":60,"transform":{}}],"name":"top chest3"},{"frame":[{"duration":60,"transform":{}}],"name":"top chest4"},{"frame":[{"duration":60,"transform":{}}],"name":"shield"}]},{"ffd":[],"frame":[],"slot":[{"frame":[{"duration":10,"displayIndex":1,"tweenEasing":0},{"duration":15,"tweenEasing":0},{"duration":10,"tweenEasing":null}],"name":"shield"}],"duration":35,"ik":[],"name":"Shield Charge","bone":[{"frame":[{"curve":[0.25,0,0.903,0.65],"duration":10,"transform":{"skX":-7.56,"skY":-7.56}},{"curve":[0.25,0,0.311,0.83],"duration":5,"transform":{"skX":-34.23,"skY":-34.23}},{"duration":5,"transform":{"y":14.1,"x":-27.35,"skX":-34.23,"skY":-34.23}},{"curve":[0.25,0,0.658,0.76],"duration":5,"transform":{"y":14.1,"x":-27.35,"skX":-34.23,"skY":-34.23}},{"curve":[0.25,0,1,0.65],"duration":10,"transform":{"skX":-34.23,"skY":-34.23}},{"duration":0,"transform":{"skX":-7.56,"skY":-7.56}}],"name":"cape"},{"frame":[{"duration":10,"transform":{}},{"curve":[0.25,0,0.311,0.83],"duration":5,"transform":{}},{"duration":5,"transform":{"x":-424.25,"scX":1.16}},{"curve":[0.167,0.47,0.658,0.76],"duration":5,"transform":{"x":-424.25,"scX":1.16}},{"curve":[0.25,0,1,0.65],"duration":10,"transform":{"scX":1.08}},{"duration":0,"transform":{}}],"name":"shadow"},{"frame":[{"curve":[0.25,0,0.903,0.65],"duration":10,"transform":{"skX":-6.89,"skY":-6.89}},{"duration":15,"transform":{"skX":-20.59,"skY":-20.59}},{"curve":[0.25,0,1,0.65],"duration":10,"transform":{"skX":-20.59,"skY":-20.59}},{"duration":0,"transform":{"skX":-6.89,"skY":-6.89}}],"name":"arm left"},{"frame":[{"curve":[0.25,0,0.903,0.65],"duration":10,"transform":{"skX":23.35,"skY":23.35}},{"duration":15,"transform":{"skX":48.6,"skY":48.6}},{"curve":[0.25,0,1,0.65],"duration":10,"transform":{"skX":48.6,"skY":48.6}},{"duration":0,"transform":{"skX":23.35,"skY":23.35}}],"name":"left leg"},{"frame":[{"curve":[0.25,0,0.903,0.65],"duration":10,"transform":{"skX":-15.07,"skY":-15.07}},{"duration":15,"transform":{"skX":43.51,"skY":43.51}},{"curve":[0.25,0,1,0.65],"duration":10,"transform":{"skX":43.51,"skY":43.51}},{"duration":0,"transform":{"skX":-15.07,"skY":-15.07}}],"name":"arm right"},{"frame":[{"duration":10,"transform":{"x":-39.52}},{"curve":[0.25,0,0.311,0.83],"duration":5,"transform":{"x":-39.52}},{"curve":[0.25,0,0.658,0.76],"duration":5,"transform":{"y":-23.3,"x":-131.79}},{"curve":[0.25,0,0.658,0.76],"duration":5,"transform":{"y":-23.3,"x":-538.47}},{"duration":10,"transform":{"x":-39.52}},{"duration":0,"transform":{"x":-39.52}}],"name":"Left Foot IK"},{"frame":[{"duration":10,"transform":{}},{"duration":15,"transform":{}},{"duration":10,"transform":{}},{"duration":0,"transform":{}}],"name":"head"},{"frame":[{"duration":10,"transform":{}},{"curve":[0.25,0,0.311,0.83],"duration":5,"transform":{}},{"duration":5,"transform":{"skX":-70.49,"scY":1.25,"skY":-70.49,"scX":1.25}},{"curve":[0.2085,0.235,0.658,0.76],"duration":5,"transform":{"skX":-70.49,"scY":1.25,"skY":-70.49,"scX":1.25}},{"duration":10,"transform":{}},{"duration":0,"transform":{}}],"name":"shield"},{"frame":[{"curve":[0.25,0,0.903,0.65],"duration":10,"transform":{"y":-21.47,"x":23.05}},{"curve":[0.25,0,0.311,0.83],"duration":5,"transform":{"y":-9.66,"x":-194.25}},{"duration":5,"transform":{"y":-27.66,"x":-810.53}},{"curve":[0.25,0,0.658,0.76],"duration":5,"transform":{"y":-27.66,"x":-810.53}},{"curve":[0.25,0,1,0.65],"duration":10,"transform":{"y":-9.66,"x":-194.25}},{"duration":0,"transform":{"y":-21.47,"x":23.05}}],"name":"Right Arm"},{"frame":[{"duration":10,"transform":{"x":-39.52}},{"curve":[0.25,0,0.311,0.83],"duration":5,"transform":{"x":-39.52}},{"curve":[0.25,0,0.658,0.76],"duration":5,"transform":{"y":-82.95,"x":-465.44}},{"curve":[0.25,0,0.658,0.76],"duration":5,"transform":{"y":-12.22,"x":-538.7}},{"duration":10,"transform":{"x":-39.52}},{"duration":0,"transform":{"x":-39.52}}],"name":"Left Leg IK"},{"frame":[{"curve":[0.25,0,0.903,0.65],"duration":10,"transform":{"skX":25.84,"skY":25.84}},{"curve":[0.25,0,0.311,0.83],"duration":5,"transform":{"skX":72.68,"skY":72.68}},{"duration":5,"transform":{"y":-69.47,"x":-89.08,"skX":72.68,"skY":72.68}},{"curve":[0.25,0,0.658,0.76],"duration":5,"transform":{"y":-69.47,"x":-89.08,"skX":72.68,"skY":72.68}},{"curve":[0.25,0,1,0.65],"duration":10,"transform":{"skX":72.68,"skY":72.68}},{"duration":0,"transform":{"skX":25.84,"skY":25.84}}],"name":"top chest5"},{"frame":[{"duration":10,"transform":{}},{"curve":[0.25,0,0.311,0.83],"duration":5,"transform":{}},{"curve":[0.25,0,0.658,0.76],"duration":5,"transform":{"y":32.62,"x":-257.23}},{"curve":[0.25,0,0.658,0.76],"duration":5,"transform":{"y":-1.31,"x":-483.73}},{"duration":10,"transform":{}},{"duration":0,"transform":{}}],"name":"Right Leg IK"},{"frame":[{"curve":[0.25,0,0.903,0.65],"duration":10,"transform":{"skX":15.95,"skY":15.95}},{"duration":15,"transform":{"skX":28.09,"skY":28.09}},{"curve":[0.25,0,1,0.65],"duration":10,"transform":{"skX":28.09,"skY":28.09}},{"duration":0,"transform":{"skX":15.95,"skY":15.95}}],"name":"right leg"},{"frame":[{"curve":[0.25,0,0.903,0.65],"duration":10,"transform":{"skX":49.07,"skY":49.07}},{"duration":15,"transform":{"skX":86.49,"skY":86.49}},{"curve":[0.25,0,1,0.65],"duration":10,"transform":{"skX":86.49,"skY":86.49}},{"duration":0,"transform":{"skX":49.07,"skY":49.07}}],"name":"top chest4"},{"frame":[{"curve":[0.25,0,0.903,0.65],"duration":10,"transform":{"skX":-34.3,"skY":-34.3}},{"duration":15,"transform":{"skX":-67.7,"skY":-67.7}},{"curve":[0.25,0,1,0.65],"duration":10,"transform":{"skX":-67.7,"skY":-67.7}},{"duration":0,"transform":{"skX":-34.3,"skY":-34.3}}],"name":"Mid5"},{"frame":[{"duration":10,"transform":{"skX":-6,"skY":-6}},{"duration":15,"transform":{"skX":-6,"skY":-6}},{"duration":10,"transform":{"skX":-6,"skY":-6}},{"duration":0,"transform":{"skX":-6,"skY":-6}}],"name":"top chest"},{"frame":[{"duration":10,"transform":{}},{"curve":[0.25,0,0.311,0.83],"duration":5,"transform":{}},{"duration":5,"transform":{"x":-115.45}},{"curve":[0.167,0.47,0.658,0.76],"duration":5,"transform":{"x":-115.45}},{"duration":10,"transform":{}},{"duration":0,"transform":{}}],"name":"root"},{"frame":[{"duration":10,"transform":{}},{"curve":[0.25,0,0.311,0.83],"duration":5,"transform":{}},{"duration":5,"transform":{"y":-54.99,"x":-404.49}},{"curve":[0.25,0,0.658,0.76],"duration":5,"transform":{"y":-54.99,"x":-404.49}},{"duration":10,"transform":{}},{"duration":0,"transform":{}}],"name":"CApe IK"},{"frame":[{"duration":10,"transform":{"y":-23.23,"x":-37.75}},{"curve":[0.25,0,0.311,0.83],"duration":5,"transform":{"y":-23.23,"x":-37.75}},{"duration":5,"transform":{"y":-21.37,"x":-569.92}},{"curve":[0.25,0,0.658,0.76],"duration":5,"transform":{"y":-21.37,"x":-569.92}},{"duration":10,"transform":{"y":-23.23,"x":-37.75}},{"duration":0,"transform":{"y":-23.23,"x":-37.75}}],"name":"Arm Left IK"},{"frame":[{"curve":[0.25,0,0.903,0.65],"duration":10,"transform":{"skX":15.7,"skY":15.7}},{"duration":15,"transform":{"skX":36.82,"skY":36.82}},{"curve":[0.25,0,1,0.65],"duration":10,"transform":{"skX":36.82,"skY":36.82}},{"duration":0,"transform":{"skX":15.7,"skY":15.7}}],"name":"rigth foot"},{"frame":[{"duration":10,"transform":{}},{"curve":[0.34,0,0.509,0.56],"duration":10,"transform":{}},{"curve":[0.236,0.44,0.55,0.83],"duration":5,"transform":{"x":-470.42}},{"duration":10,"transform":{}},{"duration":0,"transform":{}}],"name":"Right Foot IK"},{"frame":[{"curve":[0.25,0,0.903,0.65],"duration":10,"transform":{"y":12.84,"x":-1.98}},{"curve":[0.25,0,0.311,0.83],"duration":5,"transform":{"y":57.72,"x":-6.7}},{"curve":[0.25,0,0.658,0.76],"duration":5,"transform":{"y":57.72,"x":-597.2}},{"curve":[0.25,0,0.658,0.76],"duration":5,"transform":{"y":88.03,"x":-606.04}},{"curve":[0.25,0,1,0.65],"duration":10,"transform":{"y":88.57,"x":59.01}},{"duration":0,"transform":{"y":12.84,"x":-1.98}}],"name":"Mid"},{"frame":[{"curve":[0.25,0,0.903,0.65],"duration":10,"transform":{"skX":21.59,"skY":21.59}},{"duration":15,"transform":{"skX":27.28,"skY":27.28}},{"curve":[0.25,0,1,0.65],"duration":10,"transform":{"skX":27.28,"skY":27.28}},{"duration":0,"transform":{"skX":21.59,"skY":21.59}}],"name":"top chest3"},{"frame":[{"duration":10,"transform":{"skX":14.4,"skY":14.4}},{"duration":15,"transform":{"skX":14.4,"skY":14.4}},{"duration":10,"transform":{"skX":14.4,"skY":14.4}},{"duration":0,"transform":{"skX":14.4,"skY":14.4}}],"name":"weapon"},{"frame":[{"curve":[0.25,0,0.903,0.65],"duration":10,"transform":{"skX":8.24,"skY":8.24}},{"duration":15,"transform":{"skX":27.87,"skY":27.87}},{"curve":[0.25,0,1,0.65],"duration":10,"transform":{"skX":27.87,"skY":27.87}},{"duration":0,"transform":{"skX":8.24,"skY":8.24}}],"name":"Mid4"},{"frame":[{"curve":[0.25,0,0.903,0.65],"duration":10,"transform":{"skX":-29.69,"skY":-29.69}},{"duration":15,"transform":{"skX":-75.05,"skY":-75.05}},{"curve":[0.25,0,1,0.65],"duration":10,"transform":{"skX":-75.05,"skY":-75.05}},{"duration":0,"transform":{"skX":-29.69,"skY":-29.69}}],"name":"Mid3"},{"frame":[{"duration":10,"transform":{}},{"duration":15,"transform":{}},{"duration":10,"transform":{}},{"duration":0,"transform":{}}],"name":"chest"}]},{"ffd":[],"frame":[],"slot":[{"frame":[{"duration":26,"tweenEasing":0},{"duration":14,"tweenEasing":0},{"duration":20,"tweenEasing":null}],"name":"arm left"},{"frame":[{"duration":10,"tweenEasing":0},{"duration":16,"tweenEasing":0},{"duration":14,"tweenEasing":0},{"duration":5,"tweenEasing":0},{"duration":15,"tweenEasing":null}],"name":"left hand"}],"duration":60,"ik":[],"name":"Shield Throw","bone":[{"frame":[{"curve":[0.25,0,0.75,1],"duration":10,"transform":{"x":-39.52}},{"curve":[0.25,0,1,0.52],"duration":16,"transform":{"x":117.43}},{"duration":5,"transform":{"x":-70.56}},{"duration":9,"transform":{"x":-70.56}},{"curve":[0.25,0,0.296,1],"duration":5,"transform":{"x":-70.56}},{"duration":15,"transform":{"x":117.43},"tweenEasing":0},{"duration":0,"transform":{"x":-39.52}}],"name":"Left Leg IK"},{"frame":[{"curve":[0.25,0,0.75,1],"duration":10,"transform":{"y":12.84,"x":-1.98}},{"curve":[0.25,0,1,0.52],"duration":16,"transform":{"y":-24.51,"x":88.02}},{"curve":[0.25,0,0.296,1],"duration":5,"transform":{"y":60.39,"x":34.61}},{"duration":9,"transform":{"y":81.62,"x":-42.59},"tweenEasing":0},{"curve":[0.25,0,0.296,1],"duration":5,"transform":{"y":60.39,"x":34.61}},{"duration":15,"transform":{"y":-24.51,"x":88.02},"tweenEasing":0},{"duration":0,"transform":{"y":12.84,"x":-1.98}}],"name":"Mid"},{"frame":[{"curve":[0.25,0,0.75,1],"duration":10,"transform":{"y":-23.23,"x":-37.75}},{"curve":[0.25,0,1,0.52],"duration":16,"transform":{"y":-131.91,"x":-83.51}},{"duration":5,"transform":{"y":11.94,"x":-0.6}},{"duration":9,"transform":{"y":11.94,"x":-0.6}},{"curve":[0.25,0,0.296,1],"duration":5,"transform":{"y":11.94,"x":-0.6}},{"duration":15,"transform":{"y":-131.91,"x":-83.51},"tweenEasing":0},{"duration":0,"transform":{"y":-23.23,"x":-37.75}}],"name":"Arm Left IK"},{"frame":[{"duration":5,"transform":{"skX":-6,"skY":-6}},{"duration":5,"transform":{"skX":-6,"skY":-6}},{"curve":[0.25,0,1,0.52],"duration":16,"transform":{"skX":-6,"skY":-6}},{"duration":5,"transform":{"skX":-18,"skY":-18}},{"duration":9,"transform":{"skX":-18,"skY":-18}},{"curve":[0.25,0,0.296,1],"duration":5,"transform":{"skX":-18,"skY":-18}},{"duration":5,"transform":{"skX":-6,"skY":-6}},{"duration":10,"transform":{"skX":-6,"skY":-6}},{"duration":0,"transform":{"skX":-6,"skY":-6}}],"name":"top chest"},{"frame":[{"curve":[0.25,0,0.75,1],"duration":10,"transform":{"y":-21.47,"x":23.05}},{"curve":[0.25,0,1,0.52],"duration":16,"transform":{"y":-98.68,"x":-248.64}},{"curve":[0.389,0,0.651,0.45],"duration":2,"transform":{"y":-208.1,"x":102.02}},{"curve":[0.25,0,0.75,1],"duration":3,"transform":{"y":16.06,"x":-91.05}},{"duration":5,"transform":{"y":-62.13,"x":-333.9},"tweenEasing":0},{"curve":[0.25,0,0.75,1],"duration":4,"transform":{"y":-34.08,"x":-253.62}},{"curve":[0.25,0,0.296,1],"duration":5,"transform":{"y":-39.67,"x":102.02}},{"duration":15,"transform":{"y":-98.68,"x":-248.64},"tweenEasing":0},{"duration":0,"transform":{"y":-21.47,"x":23.05}}],"name":"Right Arm"},{"frame":[{"curve":[0.25,0,0.75,1],"duration":10,"transform":{"skX":14.4,"skY":14.4}},{"curve":[0.25,0,1,0.52],"duration":16,"transform":{"skX":129.45,"skY":129.45}},{"curve":[0.25,0,0.75,1],"duration":5,"transform":{"skX":15.31,"skY":15.31}},{"duration":9,"transform":{"skX":-0.77,"skY":-0.77},"tweenEasing":0},{"duration":5,"transform":{"skX":78.57,"skY":78.57},"tweenEasing":0},{"duration":15,"transform":{"skX":129.45,"skY":129.45},"tweenEasing":0},{"duration":0,"transform":{"skX":14.4,"skY":14.4}}],"name":"weapon"},{"frame":[{"curve":[0.25,0,0.75,1],"duration":10,"transform":{"x":-39.52}},{"curve":[0.25,0,1,0.52],"duration":16,"transform":{"y":32.26,"x":114.03}},{"duration":5,"transform":{"x":-71.53}},{"duration":9,"transform":{"x":-71.53}},{"curve":[0.25,0,0.296,1],"duration":5,"transform":{"x":-71.53}},{"duration":15,"transform":{"y":32.26,"x":114.03},"tweenEasing":0},{"duration":0,"transform":{"x":-39.52}}],"name":"Left Foot IK"},{"frame":[{"curve":[0.25,0,0.75,1],"duration":25,"transform":{}},{"curve":[0.265,0,0.618,0.43],"duration":1,"transform":{"y":-20.68,"x":-68.11}},{"curve":[0.325,0.31,0.675,0.69],"duration":1,"transform":{"y":-59.93,"x":-79.55}},{"curve":[0.382,0.57,0.735,1],"duration":1,"transform":{"y":-33.52,"x":-75.94}},{"curve":[0.265,0,0.618,0.43],"duration":1,"transform":{"y":-23.13,"x":11.44}},{"curve":[0.325,0.31,0.675,0.69],"duration":1,"transform":{"y":-175.17,"x":-46.84}},{"curve":[0.316,0.285,0.7424999999999999,1],"duration":1,"transform":{"y":-88.83,"x":-21.72,"skX":118.91,"skY":118.91}},{"curve":[0.125,0,0.875,1],"duration":3,"transform":{"y":-306.7,"x":671.95,"skX":-144.03,"skY":-144.03}},{"curve":[0.25,0,0.75,1],"duration":1,"transform":{"y":-306.7,"x":671.95,"skX":116.68,"skY":116.68}},{"curve":[0.25,0,0.75,1],"duration":5,"transform":{"y":-306.7,"x":671.95,"skX":28.8,"skY":28.8}},{"duration":5,"transform":{"y":-55.43,"x":-1.19,"skX":28.8,"skY":28.8},"tweenEasing":0},{"duration":15,"transform":{"y":12.96,"x":49.62,"skX":28.8,"skY":28.8},"tweenEasing":0},{"duration":0,"transform":{}}],"name":"shield"},{"frame":[{"curve":[0.25,0,0.75,1],"duration":10,"transform":{}},{"curve":[0.25,0,1,0.52],"duration":16,"transform":{"x":30.88}},{"curve":[0.25,0,0.75,1],"duration":5,"transform":{}},{"duration":9,"transform":{"x":-91.87},"tweenEasing":0},{"duration":5,"transform":{},"tweenEasing":0},{"duration":15,"transform":{"x":30.88},"tweenEasing":0},{"duration":0,"transform":{}}],"name":"root"},{"frame":[{"duration":26,"transform":{}},{"duration":5,"transform":{}},{"duration":9,"transform":{}},{"duration":20,"transform":{}},{"duration":0,"transform":{}}],"name":"chest"},{"frame":[{"duration":26,"transform":{}},{"duration":5,"transform":{}},{"duration":9,"transform":{}},{"duration":20,"transform":{}},{"duration":0,"transform":{}}],"name":"head"},{"frame":[{"duration":26,"transform":{"skX":-15.07,"skY":-15.07}},{"curve":[0.25,0,0.75,1],"duration":5,"transform":{"skX":-15.07,"skY":-15.07}},{"duration":9,"transform":{"y":-41.36,"x":-54.83,"skX":91.13,"skY":91.13},"tweenEasing":0},{"duration":20,"transform":{"skX":-15.07,"skY":-15.07}},{"duration":0,"transform":{"skX":-15.07,"skY":-15.07}}],"name":"arm right"},{"frame":[{"duration":26,"transform":{"skX":21.59,"skY":21.59}},{"curve":[0.25,0,0.75,1],"duration":5,"transform":{"skX":21.59,"skY":21.59}},{"duration":9,"transform":{"skX":37.34,"skY":37.34},"tweenEasing":0},{"duration":20,"transform":{"skX":21.59,"skY":21.59}},{"duration":0,"transform":{"skX":21.59,"skY":21.59}}],"name":"top chest3"},{"frame":[{"duration":26,"transform":{"skX":-6.89,"skY":-6.89}},{"curve":[0.25,0,0.75,1],"duration":5,"transform":{"skX":-6.89,"skY":-6.89}},{"duration":9,"transform":{"skX":-53.95,"skY":-53.95},"tweenEasing":0},{"duration":20,"transform":{"skX":-6.89,"skY":-6.89}},{"duration":0,"transform":{"skX":-6.89,"skY":-6.89}}],"name":"arm left"},{"frame":[{"duration":26,"transform":{"skX":49.07,"skY":49.07}},{"curve":[0.25,0,0.75,1],"duration":5,"transform":{"skX":49.07,"skY":49.07}},{"duration":9,"transform":{"skX":114.01,"skY":114.01},"tweenEasing":0},{"duration":20,"transform":{"skX":49.07,"skY":49.07}},{"duration":0,"transform":{"skX":49.07,"skY":49.07}}],"name":"top chest4"},{"frame":[{"duration":26,"transform":{"skX":23.35,"skY":23.35}},{"curve":[0.25,0,0.75,1],"duration":5,"transform":{"skX":23.35,"skY":23.35}},{"duration":9,"transform":{"skX":57.32,"skY":57.32},"tweenEasing":0},{"duration":20,"transform":{"skX":23.35,"skY":23.35}},{"duration":0,"transform":{"skX":23.35,"skY":23.35}}],"name":"left leg"},{"frame":[{"curve":[0.25,0,0.75,1],"duration":10,"transform":{"skX":-29.69,"skY":-29.69}},{"curve":[0.25,0,1,0.52],"duration":16,"transform":{"y":1.6,"x":17.76,"skX":-29.69,"skY":-29.69}},{"curve":[0.25,0,0.75,1],"duration":5,"transform":{"skX":-29.69,"skY":-29.69}},{"duration":9,"transform":{"skX":-90.66,"skY":-90.66},"tweenEasing":0},{"duration":5,"transform":{"skX":-29.69,"skY":-29.69},"tweenEasing":0},{"duration":15,"transform":{"y":1.6,"x":17.76,"skX":-29.69,"skY":-29.69},"tweenEasing":0},{"duration":0,"transform":{"skX":-29.69,"skY":-29.69}}],"name":"Mid3"},{"frame":[{"duration":26,"transform":{"skX":8.24,"skY":8.24}},{"curve":[0.25,0,0.75,1],"duration":5,"transform":{"skX":8.24,"skY":8.24}},{"duration":9,"transform":{"skX":38.06,"skY":38.06},"tweenEasing":0},{"duration":20,"transform":{"skX":8.24,"skY":8.24}},{"duration":0,"transform":{"skX":8.24,"skY":8.24}}],"name":"Mid4"},{"frame":[{"curve":[0.25,0,0.75,1],"duration":10,"transform":{}},{"curve":[0.25,0,1,0.52],"duration":16,"transform":{"x":-14.8}},{"duration":5,"transform":{}},{"duration":9,"transform":{}},{"duration":5,"transform":{},"tweenEasing":0},{"duration":15,"transform":{"x":-14.8},"tweenEasing":0},{"duration":0,"transform":{}}],"name":"Right Leg IK"},{"frame":[{"duration":26,"transform":{"skX":15.95,"skY":15.95}},{"curve":[0.25,0,0.75,1],"duration":5,"transform":{"skX":15.95,"skY":15.95}},{"duration":9,"transform":{"skX":19.52,"skY":19.52},"tweenEasing":0},{"duration":20,"transform":{"skX":15.95,"skY":15.95}},{"duration":0,"transform":{"skX":15.95,"skY":15.95}}],"name":"right leg"},{"frame":[{"duration":26,"transform":{"skX":-34.3,"skY":-34.3}},{"curve":[0.25,0,0.75,1],"duration":5,"transform":{"skX":-34.3,"skY":-34.3}},{"duration":9,"transform":{"skX":-67.91,"skY":-67.91},"tweenEasing":0},{"duration":20,"transform":{"skX":-34.3,"skY":-34.3}},{"duration":0,"transform":{"skX":-34.3,"skY":-34.3}}],"name":"Mid5"},{"frame":[{"curve":[0.25,0,0.75,1],"duration":10,"transform":{}},{"curve":[0.25,0,1,0.52],"duration":16,"transform":{"x":-12.5}},{"duration":5,"transform":{}},{"duration":9,"transform":{}},{"duration":5,"transform":{},"tweenEasing":0},{"duration":15,"transform":{"x":-12.5},"tweenEasing":0},{"duration":0,"transform":{}}],"name":"Right Foot IK"},{"frame":[{"duration":26,"transform":{"skX":15.7,"skY":15.7}},{"curve":[0.25,0,0.75,1],"duration":5,"transform":{"skX":15.7,"skY":15.7}},{"duration":9,"transform":{"skX":45.53,"skY":45.53},"tweenEasing":0},{"duration":20,"transform":{"skX":15.7,"skY":15.7}},{"duration":0,"transform":{"skX":15.7,"skY":15.7}}],"name":"rigth foot"},{"frame":[{"curve":[0.25,0,0.75,1],"duration":26,"transform":{}},{"curve":[0.25,0,0.75,1],"duration":5,"transform":{"y":32.47,"x":76.82}},{"duration":9,"transform":{"y":3.16,"x":140.61},"tweenEasing":0},{"duration":20,"transform":{"y":32.47,"x":76.82},"tweenEasing":0},{"duration":0,"transform":{}}],"name":"CApe IK"},{"frame":[{"duration":26,"transform":{"skX":-7.56,"skY":-7.56}},{"curve":[0.25,0,0.75,1],"duration":5,"transform":{"skX":-7.56,"skY":-7.56}},{"duration":9,"transform":{"y":-30.37,"x":-58.68,"skX":-41.14,"skY":-41.14},"tweenEasing":0},{"duration":20,"transform":{"skX":-7.56,"skY":-7.56}},{"duration":0,"transform":{"skX":-7.56,"skY":-7.56}}],"name":"cape"},{"frame":[{"duration":26,"transform":{"skX":25.84,"skY":25.84}},{"curve":[0.25,0,0.75,1],"duration":5,"transform":{"skX":25.84,"skY":25.84}},{"duration":9,"transform":{"skX":49.67,"skY":49.67},"tweenEasing":0},{"duration":20,"transform":{"skX":25.84,"skY":25.84}},{"duration":0,"transform":{"skX":25.84,"skY":25.84}}],"name":"top chest5"},{"frame":[{"duration":26,"transform":{}},{"duration":5,"transform":{}},{"duration":9,"transform":{}},{"duration":20,"transform":{}},{"duration":0,"transform":{}}],"name":"shadow"}]}],"skin":[{"name":"","slot":[{"display":[{"path":"ShieldMirror","type":"image","name":"ShieldMirror","transform":{"skX":-93.2,"skY":-93.2}},{"path":"shield","type":"image","name":"shield","transform":{"y":10.45,"x":4.56,"skX":-93.2,"skY":-93.2}}],"name":"shield"},{"display":[{"path":"left foot","type":"image","name":"left foot","transform":{"y":11.79,"x":4.99,"skX":-102.19,"skY":-102.19}}],"name":"left foot"},{"display":[{"path":"torsoplateR","type":"image","name":"torsoplateR","transform":{"y":77.53,"x":-22.11,"skX":79.8,"skY":79.8}}],"name":"torsoplateR"},{"display":[{"edges":[24,25,25,26,26,27,27,28,28,29,29,30,30,31,31,32,32,33,33,34,34,35,35,36,36,37,37,38,38,39,39,40,40,41,41,42,42,43,43,44,44,0,0,1,1,2,2,3,3,4,4,5,5,6,6,7,7,8,8,9,9,10,10,11,11,12,12,13,13,14,14,15,15,16,16,17,17,18,18,19,19,20,20,21,21,22,22,23,23,24],"width":127,"vertices":[-24.5,-470.82,-37.59,-487.2,-49.56,-495.92,-64.62,-494.98,-77.2,-548.64,-83.33,-545.61,-93.12,-484.46,-107.81,-474.38,-116.7,-456.47,-118.86,-433.22,-107.91,-427.44,-106.22,-412.65,-95.83,-411.8,-90.44,-414.09,-88.64,-409.42,-93.27,-406.16,-93.66,-400.24,-103.48,-401.18,-106.14,-396.75,-112.1,-406.37,-125.25,-394.22,-129.84,-357.3,-138.98,-357.29,-142.39,-322.95,-150.16,-316.76,-148.24,-272.43,-141.07,-263.8,-126.69,-261.31,-105.74,-257.68,-93.16,-275.72,-86.28,-302.16,-76.19,-324.4,-64.23,-338.51,-53.7,-350.92,-53.45,-358.38,-40.37,-366.92,-50.52,-372.33,-42.7,-380.66,-45.7,-384.11,-39.81,-387.18,-43.43,-399.02,-36.2,-411.72,-28.65,-419.48,-32.02,-430.55,-24.11,-442.51,-68.68,-420.67,-73.52,-395.16,-105.62,-349.06,-115.2,-308.55,-80.86,-474.9,-66.98,-484.33,-79.91,-505.02],"bonePose":[21,-0.35200501625395075,0.93599811353018,-0.93599811353018,-0.35200501625395075,-49.76460993985294,-464.6411031831744,22,-0.3634138357348531,0.9316278140955654,-0.9316278140955654,-0.3634138357348531,-81.88506767302594,-379.2312753235455],"path":"arm left","weights":[1,21,1,1,21,1,1,21,1,1,21,1,1,21,1,1,21,1,1,21,1,1,21,1,1,21,1,1,21,1,1,21,1,1,21,1,2,21,0.99998,22,0.00002,2,21,0.99834,22,0.00166,2,21,0.98709,22,0.01291,2,21,0.94471,22,0.05529,2,21,0.83516,22,0.16484,2,21,0.57217,22,0.42783,2,21,0.45164,22,0.54836,2,21,0.34994,22,0.65006,2,21,0.25678,22,0.74322,2,21,0.00709,22,0.99291,2,21,0.00024,22,0.99976,1,22,1,1,22,1,1,22,1,1,22,1,1,22,1,1,22,1,1,22,1,1,22,1,1,22,1,2,21,0.02207,22,0.97793,2,21,0.14593,22,0.85407,2,21,0.2732,22,0.7268,2,21,0.4453,22,0.5547,2,21,0.57004,22,0.42996,2,21,0.8076,22,0.1924,2,21,0.85968,22,0.14032,2,21,0.9206,22,0.0794,2,21,0.98149,22,0.01851,1,21,1,1,21,1,1,21,1,1,21,1,1,21,1,1,21,1,1,22,1,1,22,1,1,21,1,1,21,1,1,21,1],"triangles":[50,49,44,45,43,44,49,45,44,50,44,0,1,50,0,2,50,1,45,40,41,40,38,39,38,36,37,46,38,40,45,46,40,5,51,4,3,50,2,46,36,38,36,34,35,46,34,36,47,32,34,46,47,34,34,32,33,8,10,49,16,47,46,49,10,45,10,13,45,14,46,45,51,50,3,47,31,32,18,47,16,13,14,45,7,8,49,14,16,46,5,6,51,48,30,31,47,48,31,6,7,49,15,16,14,10,12,13,48,29,30,18,21,47,8,9,10,20,21,18,10,11,12,17,18,16,27,28,29,48,27,29,25,27,48,23,48,47,21,23,47,19,20,18,25,26,27,23,24,48,24,25,48,22,23,21,4,51,3,41,45,42,43,45,42,50,49,51,6,49,51],"type":"mesh","transform":{},"userEdges":[13,45,45,42,45,46,46,16,46,40,21,47,47,32,23,48,48,30,48,27,6,49,49,50,50,3,49,51,51,4],"slotPose":[1,0,0,1,0,0],"uvs":[1,0.268,0.89876,0.21152,0.80541,0.18117,0.68677,0.1837,0.59342,0,0.54479,0.01004,0.46116,0.21826,0.34447,0.25199,0.27251,0.31268,0.25306,0.39192,0.33864,0.41216,0.35031,0.46274,0.43199,0.46611,0.47478,0.45852,0.48839,0.47454,0.45144,0.4855,0.44755,0.50573,0.36976,0.50236,0.34836,0.51753,0.30168,0.48465,0.19748,0.52605,0.16053,0.6525,0.08857,0.6525,0.06134,0.76967,0,0.78569,0.01466,0.94206,0.07106,0.97157,0.18424,0.98015,0.34918,0.99264,0.44837,0.93111,0.50282,0.8409,0.58257,0.76503,0.67684,0.71698,0.75955,0.67483,0.76149,0.64954,0.81401,0.6251,0.78483,0.60233,0.84707,0.57452,0.82373,0.56271,0.87041,0.5526,0.84318,0.51213,0.90153,0.46914,0.96182,0.44301,0.92681,0.41603,1,0.36461,0.64675,0.43711,0.6059,0.52394,0.35112,0.68073,0.27527,0.81899,0.55665,0.25144,0.66706,0.21993,0.56742,0.14873],"height":293,"name":"arm left"}],"name":"arm left"},{"display":[{"path":"scarupper","type":"image","name":"scarupper","transform":{"y":61.8,"x":55.16,"skX":91.87,"skY":91.87}}],"name":"scarupper"},{"display":[{"path":"chesthtingielowerL","type":"image","name":"chesthtingielowerL","transform":{"y":-63.69,"x":-67.34,"skX":79.8,"skY":79.8}}],"name":"chesthtingielowerL"},{"display":[{"edges":[14,15,15,16,16,17,17,18,18,19,19,20,20,21,21,22,22,23,23,24,24,25,25,26,26,27,27,28,28,29,29,30,30,31,31,32,32,33,33,34,34,35,35,0,0,1,1,2,2,3,3,4,4,5,5,6,6,7,7,8,8,9,9,10,10,11,11,12,12,13,13,14],"width":232,"vertices":[-30.16,-509.97,-32.36,-499.37,-53.59,-487.29,-65.3,-487.28,-79.57,-450.31,-63.1,-428.36,-57.97,-422.86,-59.8,-415.18,-59.81,-399.07,-62,-387.73,-71.51,-385.16,-86.88,-362.83,-83.59,-353.68,-89.81,-343.07,-101.52,-303.55,-101.15,-290,-60.34,-287.13,-15.88,-283.99,84.04,-284,83.31,-311.97,60.61,-369.8,36.32,-397.55,22.18,-413.72,23.27,-419.94,30.23,-423.6,48.53,-444.83,81.11,-460.94,99.04,-488.02,100.87,-519.5,82.56,-544.38,56.22,-546,34.25,-535.6,19.25,-523.52,9.37,-530.85,-10.03,-526.81,-27.96,-515.47,-32.72,-490.21,18.88,-507.78,-48.1,-474.84,-53.22,-442.26,-48.46,-423.6,-51.38,-418.11,-48.83,-400.91,-49.55,-390.65,-48.46,-380.04,-66.75,-355.16,-59.43,-300.98,-27.96,-332.47,-19.53,-341.61,14.14,-346.01,-81.39,-332.09,-31.62,-364.68,11.93,-378.22,-33.08,-441.53],"bonePose":[10,0.17708474031958338,-0.984195607969242,0.984195607969242,0.17708474031958338,-16.3,-373.99,14,-0.032631862958258956,-0.9994674389493003,0.9994674389493003,-0.032631862958258956,-1.3858174666123697,-455.3548478113294],"path":"torso","weights":[2,10,0.01848,14,0.98152,2,10,0.07213,14,0.92787,2,10,0.32662,14,0.67338,2,10,0.39134,14,0.60866,2,10,0.62126,14,0.37874,2,10,0.80289,14,0.19711,2,10,0.88044,14,0.11956,2,10,0.94409,14,0.05591,2,10,0.9908,14,0.0092,2,10,0.99938,14,0.00062,1,10,1,1,10,1,1,10,1,1,10,1,1,10,1,1,10,1,1,10,1,1,10,1,1,10,1,1,10,1,1,10,1,2,10,0.99993,14,0.00007,2,10,0.9474,14,0.0526,2,10,0.84465,14,0.15535,2,10,0.69022,14,0.30978,2,10,0.19492,14,0.80508,2,10,0.01223,14,0.98777,1,14,1,1,14,1,1,14,1,1,14,1,1,14,1,1,14,1,1,14,1,1,14,1,2,10,0.0091,14,0.9909,2,10,0.12824,14,0.87176,1,14,1,2,10,0.35832,14,0.64168,2,10,0.72028,14,0.27972,2,10,0.90247,14,0.09753,2,10,0.93144,14,0.06856,2,10,0.98992,14,0.01008,2,10,0.99835,14,0.00165,1,10,1,1,10,1,1,10,1,1,10,1,1,10,1,1,10,1,1,10,1,1,10,1,1,10,1,2,10,0.77423,14,0.22577],"triangles":[30,31,27,31,37,27,30,27,28,29,30,28,37,26,27,37,25,26,20,49,19,17,18,19,49,17,19,21,52,20,52,49,20,32,37,31,36,53,37,53,23,24,53,24,25,37,53,25,22,52,21,47,17,49,48,47,49,42,52,22,53,22,23,1,36,37,53,42,22,34,0,37,0,1,37,33,34,37,33,37,32,52,48,49,40,42,53,42,43,51,42,51,52,51,48,52,35,0,34,38,53,36,43,44,51,47,46,17,41,42,40,46,16,17,51,47,48,38,39,53,51,45,47,39,40,53,2,38,36,44,45,51,2,36,1,10,45,9,43,9,44,9,45,44,4,39,38,3,4,38,2,3,38,41,7,42,7,8,42,8,43,42,39,5,40,5,6,40,6,41,40,8,9,43,6,7,41,4,5,39,10,11,45,50,14,46,14,15,46,46,15,16,12,50,45,11,12,45,12,13,50,13,14,50,50,45,46,45,46,47],"type":"mesh","transform":{},"userEdges":[1,36,36,37,37,32,36,38,38,39,39,40,40,41,41,42,42,43,43,44,44,45,45,46,46,16,46,47,47,48,48,49,49,20,46,50,50,13,44,51,51,52,52,21,39,53,53,23,39,5,38,2],"slotPose":[1,0,0,1,0,0],"uvs":[0.34163,0.13749,0.33216,0.178,0.24066,0.2241,0.19018,0.2241,0.12866,0.36519,0.19965,0.44901,0.22173,0.46996,0.21385,0.4993,0.21385,0.56077,0.20438,0.60407,0.16336,0.61385,0.0971,0.69906,0.1113,0.73399,0.08448,0.7745,0.034,0.92537,0.03558,0.97705,0.2115,0.98804,0.40316,1,0.83384,1,0.83068,0.89324,0.73287,0.67252,0.62821,0.5666,0.56722,0.50489,0.57196,0.48114,0.60193,0.46717,0.68081,0.38615,0.82121,0.32468,0.89852,0.22131,0.9064,0.10117,0.82752,0.00618,0.71394,0,0.61928,0.03971,0.5546,0.0858,0.51201,0.05787,0.4284,0.07323,0.35109,0.11654,0.33059,0.21293,0.55303,0.14587,0.26433,0.2716,0.24224,0.39593,0.26275,0.46717,0.25013,0.48812,0.26117,0.55378,0.25802,0.5929,0.26275,0.63341,0.18387,0.7284,0.21542,0.93515,0.35109,0.81501,0.38738,0.78009,0.53252,0.76332,0.12077,0.81641,0.33532,0.69208,0.52305,0.64039,0.32901,0.39872],"height":262,"name":"torso"}],"name":"torso"},{"display":[{"path":"shadow","type":"image","name":"shadow","transform":{"y":-2.95,"x":25.46}}],"name":"shadow"},{"display":[{"edges":[10,11,11,12,12,13,13,14,14,15,15,16,16,17,17,18,18,19,19,20,20,21,21,22,22,23,23,24,24,25,25,26,26,27,27,28,28,29,29,0,0,1,1,2,2,3,3,4,4,5,5,6,6,7,7,8,8,9,9,10],"width":117,"vertices":[-103.16,-313.42,-103.42,-283.18,-122.05,-277.78,-109.08,-226.21,-110.97,-159.52,-120.42,-143.04,-113.13,-94.45,-104.49,-90.13,-106.37,-64.75,-115.01,-64.74,-125.39,-41.26,-115.83,-28.08,-93.41,-29.17,-56.7,-13.08,-49.67,-13.07,-52.91,-24.04,-16.46,-89.92,-8.39,-105.86,-17.55,-127.45,-8.39,-139.6,-8.39,-156.88,-14.04,-167.68,-8.4,-187.66,-15.39,-224.66,-29.44,-230.32,-14.86,-246.8,-16.48,-274.54,-19.19,-320.83,-53.2,-325.08,-84.26,-325.07,-80.77,-54.1,-68.16,-111.06,-70.89,-187.1,-69.53,-226.99,-88.97,-249.16,-62.38,-281.89,-71.58,-290.08],"bonePose":[12,-0.047106450709642776,0.99888987496197,-0.99888987496197,-0.047106450709642776,-54.290000000000006,-315.84,15,-0.14314715975318587,0.9897014148997648,-0.9897014148997648,-0.14314715975318587,-60.37276273216917,-178.36392172619944],"path":"left leg","weights":[1,12,1,1,12,1,1,12,1,1,12,1,2,12,0.43841,15,0.56159,2,12,0.2072,15,0.7928,2,12,0.01071,15,0.98929,2,12,0.00422,15,0.99578,1,15,1,1,15,1,1,15,1,1,15,1,1,15,1,1,15,1,1,15,1,1,15,1,1,15,1,1,15,1,1,15,1,1,15,1,2,12,0.00076,15,0.99924,2,12,0.02517,15,0.97483,2,12,0.1981,15,0.8019,2,12,0.68924,15,0.31076,2,12,0.87851,15,0.12149,2,12,0.9911,15,0.0089,1,12,1,1,12,1,1,12,1,1,12,1,1,15,1,1,15,1,1,12,1,1,12,1,1,12,1,1,12,1,1,12,1],"triangles":[30,15,16,27,35,26,18,19,20,21,18,20,18,16,17,23,24,22,32,21,22,24,32,22,28,35,27,32,31,18,18,31,16,32,18,21,26,35,25,35,24,25,31,30,16,33,32,24,35,33,24,7,30,31,32,4,31,34,33,35,36,35,28,29,36,28,15,13,14,12,13,15,30,12,15,4,5,31,1,34,36,3,32,33,36,34,35,7,8,30,29,0,36,6,7,31,5,6,31,34,3,33,0,1,36,3,4,32,8,12,30,10,11,8,8,11,12,1,2,34,2,3,34,9,10,8],"type":"mesh","transform":{},"userEdges":[12,30,30,8,30,15,30,31,31,32,4,32,32,24,32,33,33,35,35,28,35,36,36,1,35,26,31,18,31,7],"slotPose":[1,0,0,1,0,0],"uvs":[0.19019,0.03821,0.18788,0.13427,0.02865,0.15158,0.13942,0.31686,0.12327,0.53061,0.0425,0.5834,0.1048,0.73917,0.17865,0.75302,0.1625,0.83436,0.08865,0.83436,0,0.90965,0.08173,0.95187,0.27327,0.94841,0.58711,1,0.64711,1,0.61942,0.96485,0.93096,0.7537,1,0.70264,0.92173,0.63341,1,0.59447,1,0.53909,0.95173,0.50447,1,0.44043,0.94019,0.32187,0.82019,0.3037,0.9448,0.25091,0.93096,0.16196,0.90788,0.0136,0.61711,0,0.35173,0,0.38133,0.86848,0.48916,0.68596,0.46585,0.44223,0.47751,0.31436,0.31138,0.24332,0.53871,0.13839,0.46002,0.11216],"height":312,"name":"left leg"}],"name":"left leg"},{"display":[{"triangles":[60,29,30,29,27,28,60,30,31,32,60,31,61,26,27,33,34,32,34,60,32,60,27,29,60,61,27,11,61,60,9,11,60,34,59,60,57,37,38,61,25,26,39,40,38,40,58,38,58,57,38,35,59,34,23,24,25,7,9,60,61,23,25,59,5,60,5,7,60,21,23,61,11,13,61,53,36,37,57,53,37,53,35,36,21,22,23,53,59,35,13,18,61,56,53,57,50,58,40,41,50,40,13,16,18,50,57,58,11,12,13,50,56,57,18,19,20,51,50,41,13,15,16,53,5,59,49,55,56,4,5,53,56,55,53,49,56,50,16,17,18,52,4,53,55,52,53,9,10,11,6,7,5,14,15,13,7,8,9,54,55,49,45,49,44,45,46,49,46,54,49,54,52,55,52,3,4,46,47,54,2,3,52,54,1,52,1,2,52,47,1,54,0,1,47,48,0,47,44,51,43,50,49,51,49,44,51,41,51,42,51,43,42,18,61,20,21,20,61],"uvs":[0,0.29115,0.03942,0.36829,0.0204,0.38371,0.06605,0.53027,0.31333,0.57366,0.41605,0.58523,0.30763,0.6074,0.33045,0.67586,0.29241,0.72021,0.35138,0.74528,0.33616,0.77228,0.39132,0.81278,0.37991,0.83881,0.41795,0.88798,0.38371,0.90148,0.40464,0.95065,0.4598,0.97379,0.51306,1,0.5511,0.98344,0.58725,0.99404,0.62474,0.9873,0.64621,0.98344,0.68235,0.99404,0.70708,0.98247,0.74893,0.98826,0.79078,0.92076,0.85165,0.90437,0.92964,0.75974,1,0.69129,0.95817,0.65465,1,0.61512,1,0.56884,0.94676,0.52545,0.91252,0.41842,0.74322,0.50616,0.70518,0.50231,0.7204,0.4782,0.7261,0.45313,0.82692,0.35575,0.81931,0.32683,0.68616,0.31815,0.61388,0.26705,0.85165,0,0.8098,0,0.41415,0.23041,0.29241,0.23619,0.18399,0.26222,0.1079,0.29694,0.0242,0.2709,0.40654,0.2979,0.5454,0.30851,0.53779,0.20727,0.26197,0.44446,0.5435,0.48206,0.24866,0.36154,0.38562,0.38757,0.51116,0.39239,0.62909,0.38178,0.65382,0.34514,0.58154,0.54666,0.77911,0.64816,0.70411,0.8864],"type":"mesh","vertices":[-24.73,50.86,3.33,57.86,6.58,63.61,57.34,81.62,92.9,49.17,105.62,34.56,103.16,55.94,127,64.11,137.81,77.95,150.98,72.76,158.26,79.9,176.02,78,183.32,84.36,202.35,86.73,203.64,94.6,221.17,99.74,233.39,94.83,246.43,90.77,244.49,81.74,251.05,77.74,252.19,70.51,252.85,66.37,259.4,62.36,257.89,56.36,263.41,50.6,245.56,32.13,245.68,19.45,206.4,-18.22,190.74,-41.46,175.38,-41.05,166.45,-54.66,151.69,-62.69,133.17,-61.6,96.03,-74.61,109.14,-32.03,104.57,-26.55,98.22,-33.19,90.72,-38.46,68.52,-71.63,58.62,-75.42,44.16,-55.39,21.51,-52.56,-42.78,-137.29,-46.45,-130.52,-7.72,-26.62,-16.57,-5.94,-17.79,16.1,-13.41,34.42,-29.06,43.44,13.14,-13.7,28.72,-34.31,-4.24,-50.62,47.18,35.08,83.91,-3.92,19.56,22.86,39.9,5.23,52.46,-14.23,59.44,-35.14,49.93,-45.49,107.85,1.12,157.58,-13.23,226.98,40.19],"transform":{},"edges":[0,1,1,2,2,3,3,4,4,5,5,6,6,7,7,8,8,9,9,10,10,11,11,12,12,13,13,14,14,15,15,16,16,17,17,18,18,19,19,20,20,21,21,22,22,23,23,24,24,25,25,26,26,27,27,28,28,29,29,30,30,31,31,32,32,33,33,34,34,35,35,36,36,37,37,38,38,39,39,40,40,41,41,42,42,43,43,44,44,45,45,46,46,47,47,48,48,0],"path":"right arm","width":184,"height":363,"name":"right arm","userEdges":[44,49,49,50,50,41,49,51,51,42,1,52,52,53,53,37,47,54,54,55,55,56,56,57,57,58,58,40,5,59,59,35,59,60,60,61,61,20,60,9]}],"name":"right arm"},{"display":[{"path":"left hand","type":"image","name":"left hand","transform":{"y":7.41,"x":140.49,"skX":-158.95,"skY":-158.95}}],"name":"left hand"},{"display":[{"path":"head","type":"image","name":"head","transform":{"y":31,"x":31.09,"skX":118.83,"skY":118.83}}],"name":"head"},{"display":[{"path":"scarfbackleft","type":"image","name":"scarfbackleft","transform":{"y":-10.6,"x":59.52,"skX":91.87,"skY":91.87}}],"name":"scarfbackleft"},{"display":[{"edges":[10,9,9,8,8,7,7,6,6,5,5,4,4,3,3,2,2,1,1,0,0,34,34,33,33,32,32,31,31,30,30,29,29,28,28,27,27,26,26,25,25,24,24,23,23,22,22,21,21,20,20,19,19,18,18,17,17,16,16,15,15,14,14,13,13,12,12,11,11,10],"width":220,"vertices":[75.75,-65.91,85.46,-82.68,89.5,-109.85,79.71,-130.99,59.42,-152.88,22.11,-162.05,39.39,-200.97,21.99,-220.72,22.83,-229.59,16.92,-241.41,-25.08,-267.37,-15.07,-277.74,-28.48,-311.66,26.75,-346.07,43.03,-356.2,68.22,-358.15,80.85,-323.93,101.03,-326.25,100.92,-297.81,110.9,-246.99,156.43,-236.91,153.64,-204.35,157.69,-156.11,168.04,-112.29,180.47,-85.77,199.59,-66.46,190.94,-53.51,199.41,-44.25,186.12,-25.97,173.55,-33.73,145.63,-38.16,110.93,-9.47,85.72,-18.34,96.22,-38.56,71.1,-59.44,132.27,-66.74,168.51,-60.61,94.58,-200.17,82.27,-230.11,48.8,-298.84],"bonePose":[13,0.35298499799888744,0.9356289815881748,-0.9356289815881748,0.35298499799888744,81.69650394735562,-197.38716248213296,11,0.42751564904937295,0.9040079478731884,-0.9040079478731884,0.42751564904937295,9.71,-348.10999999999996],"path":"right leg","weights":[1,13,1,1,13,1,1,13,1,1,13,1,2,11,0.05731,13,0.94269,2,11,0.23911,13,0.76089,2,11,0.75966,13,0.24034,2,11,0.98901,13,0.01099,2,11,0.99737,13,0.00263,1,11,1,1,11,1,1,11,1,1,11,1,1,11,1,1,11,1,1,11,1,1,11,1,1,11,1,1,11,1,2,11,0.82589,13,0.17411,2,11,0.43305,13,0.56695,2,11,0.2563,13,0.7437,2,11,0.01,13,0.99,1,13,1,1,13,1,1,13,1,1,13,1,1,13,1,1,13,1,1,13,1,1,13,1,1,13,1,1,13,1,1,13,1,1,13,1,1,13,1,1,13,1,2,11,0.35623,13,0.64377,2,11,0.97385,13,0.02615,1,11,1],"triangles":[29,28,26,36,26,25,24,36,25,26,28,27,36,29,26,35,36,24,23,35,24,36,30,29,35,30,36,21,37,22,19,21,20,19,37,21,35,33,30,33,31,30,1,33,35,2,1,35,4,3,37,1,0,33,39,38,18,16,18,17,33,32,31,18,38,19,38,37,19,16,39,18,39,9,38,6,4,37,0,34,33,38,6,37,9,8,38,15,14,16,14,39,16,14,13,39,8,6,38,8,7,6,11,9,39,6,5,4,13,12,39,12,11,39,11,10,9,22,35,23,37,35,22,3,2,37,37,2,35],"type":"mesh","transform":{},"userEdges":[33,35,35,36,36,26,35,30,35,37,37,38,38,39,39,13],"slotPose":[1,0,0,1,0,0],"uvs":[0.43716,0.84019,0.48068,0.7908,0.49809,0.71289,0.45283,0.65253,0.35882,0.58998,0.15687,0.55596,0.26829,0.44512,0.19692,0.38256,0.20388,0.35732,0.18125,0.32221,0,0.2388,0.04894,0.21137,0,0.10492,0.26236,0.02388,0.33967,0,0.45457,0,0.49983,0.10053,0.5921,0.09833,0.58166,0.17954,0.60603,0.3255,0.80449,0.35513,0.78708,0.44512,0.80623,0.579,0.85498,0.70411,0.91243,0.77983,1,0.8347,0.96117,0.87201,1,0.89177,0.94028,0.95103,0.88283,0.92908,0.75575,0.91701,0.59906,1,0.48417,0.97517,0.53117,0.91701,0.41627,0.85775,0.69403,0.83544,0.85895,0.8522,0.51834,0.45509,0.47313,0.36886,0.34577,0.16515],"height":349,"name":"right leg"}],"name":"right leg"},{"display":[{"edges":[9,10,10,11,11,12,12,13,13,14,14,15,15,16,16,17,17,18,18,19,19,20,20,21,21,22,22,23,23,24,24,25,25,26,26,27,27,28,28,29,29,30,30,31,31,32,32,33,33,34,34,35,35,36,36,37,37,38,38,39,39,40,40,41,41,42,42,43,43,44,44,45,45,46,46,47,47,0,0,1,1,2,2,3,3,4,4,5,5,6,6,7,7,8,8,9],"width":493,"vertices":[-76.56,-490.11,-108.1,-434.82,-137.04,-408.46,-158.2,-404.57,-176.34,-404.15,-200.53,-398.53,-224.73,-395.07,-254.97,-382.11,-286.07,-357.48,-302.27,-328.97,-302.27,-321.62,-266.2,-335.88,-261.88,-322.06,-250.65,-312.13,-243.74,-296.57,-237.25,-277.13,-240.7,-256.4,-247.61,-229.62,-205.28,-253.38,-203.13,-243.44,-160.78,-244.31,-147.82,-246.04,-125.36,-221.42,-116.72,-224.44,-111.1,-219.68,-101.17,-220.98,-89.5,-214.08,-37.24,-220.99,-29.46,-227.47,-22.98,-220.55,19.79,-223.58,42.25,-231.79,55.65,-233.95,78.11,-230.07,103.17,-239.57,101.87,-230.5,122.18,-236.55,120.88,-224.02,162.35,-239.13,190.73,-287.1,190.73,-310.63,190.73,-342.82,184.37,-418.85,156.71,-494.89,131.23,-522.96,85.43,-527.28,-7.02,-520.36,-51.51,-507.83,125.62,-375.15,102.28,-511.23,40.96,-238.63,33.6,-393.29,-9.6,-390.26,-53.23,-388.1,-104.63,-348.35,-153.02,-347.05,-198.8,-338.41,-218.56,-306.93,-183.93,-291.65,-128,-293.01,-79.09,-297.92,-19.87,-305.99,37.77,-305.77,114.47,-307.86,-64.53,-437.49,-27.14,-439.47,15.69,-449.34,112.92,-449.22],"bonePose":[20,-0.08472132214207348,0.9964046856445924,-0.9964046856445924,-0.08472132214207348,11.802099552353129,-489.3432950353625,24,-0.15591729121435471,0.9877701140955712,-0.9877701140955712,-0.15591729121435471,2.773405902004816,-379.734138524749],"path":"cape","weights":[2,20,0.98539,24,0.01461,2,20,0.76046,24,0.23954,2,20,0.4955,24,0.5045,2,20,0.38856,24,0.61144,2,20,0.33827,24,0.66173,2,20,0.29216,24,0.70784,2,20,0.26367,24,0.73633,2,20,0.24173,24,0.75827,2,20,0.22931,24,0.77069,2,20,0.22712,24,0.77288,2,20,0.22708,24,0.77292,2,20,0.22666,24,0.77334,2,20,0.22052,24,0.77948,2,20,0.21211,24,0.78789,2,20,0.19686,24,0.80314,2,20,0.1781,24,0.8219,2,20,0.16661,24,0.83339,2,20,0.16369,24,0.83631,2,20,0.15999,24,0.84001,2,20,0.15539,24,0.84461,2,20,0.1267,24,0.8733,2,20,0.10603,24,0.89397,2,20,0.06093,24,0.93907,2,20,0.05441,24,0.94559,2,20,0.04729,24,0.95271,2,20,0.03847,24,0.96153,2,20,0.02734,24,0.97266,2,20,0.0028,24,0.9972,2,20,0.00091,24,0.99909,2,20,0.00003,24,0.99997,1,24,1,1,24,1,1,24,1,1,24,1,2,20,0.00342,24,0.99658,2,20,0.00341,24,0.99659,2,20,0.0071,24,0.9929,2,20,0.00664,24,0.99336,2,20,0.02003,24,0.97997,2,20,0.0772,24,0.9228,2,20,0.11886,24,0.88114,2,20,0.21226,24,0.78774,2,20,0.52604,24,0.47396,2,20,0.82006,24,0.17994,2,20,0.88622,24,0.11378,2,20,0.94587,24,0.05413,1,20,1,2,20,0.99954,24,0.00046,2,20,0.35349,24,0.64651,2,20,0.91666,24,0.08334,1,24,1,2,20,0.62236,24,0.37764,2,20,0.84783,24,0.15217,2,20,0.64079,24,0.35921,2,20,0.31711,24,0.68289,2,20,0.28473,24,0.71527,2,20,0.2386,24,0.7614,2,20,0.2007,24,0.7993,2,20,0.17746,24,0.82254,2,20,0.14548,24,0.85452,2,20,0.09574,24,0.90426,2,20,0.00785,24,0.99215,2,20,0.00313,24,0.99687,2,20,0.07678,24,0.92322,2,20,0.90831,24,0.09169,2,20,0.98906,24,0.01094,2,20,0.9955,24,0.0045,2,20,0.75594,24,0.24406],"triangles":[63,38,39,63,39,40,63,40,41,48,63,41,43,67,42,67,48,42,48,41,42,63,36,38,36,37,38,44,49,43,49,67,43,63,34,36,67,51,48,62,63,48,45,49,44,51,62,48,62,34,63,34,35,36,62,32,33,62,33,34,49,66,67,66,51,67,45,66,49,62,50,32,46,66,45,51,52,62,52,61,62,50,31,32,61,28,30,66,52,51,62,61,50,61,30,50,50,30,31,47,65,46,46,65,66,65,52,66,28,29,30,60,28,61,53,60,61,53,61,52,65,53,52,47,0,65,54,60,53,60,27,28,0,64,65,64,53,65,60,26,27,25,26,60,64,1,53,2,54,53,1,2,53,23,25,60,59,23,60,0,1,64,54,59,60,59,21,23,55,59,54,2,55,54,23,24,25,21,22,23,3,55,2,58,21,59,55,58,59,58,20,21,3,4,55,4,56,55,56,58,55,58,18,20,5,56,4,18,19,20,5,6,56,56,57,58,57,15,18,57,18,58,13,57,56,11,13,56,6,7,56,7,11,56,15,16,18,11,12,13,13,14,57,14,15,57,8,11,7,8,9,11,9,10,11,16,17,18],"type":"mesh","transform":{},"userEdges":[49,45,50,31,54,2,55,4,56,6,15,57,57,56,18,58,58,55,57,58,21,59,59,54,58,59,25,60,60,53,59,60,28,61,61,52,60,61,50,62,62,51,61,62,34,63,63,48,62,63,63,40,0,64,64,53,1,64,47,65,65,52,64,65,46,66,66,51,65,66,48,67,67,49,66,67],"slotPose":[1,0,0,1,0,0],"uvs":[0.4561,0.14552,0.39388,0.31096,0.33517,0.39106,0.29223,0.40288,0.25543,0.40419,0.19322,0.41207,0.15729,0.43177,0.09595,0.47116,0.03286,0.546,0,0.63267,0,0.65499,0.07317,0.61166,0.08193,0.65367,0.10471,0.68387,0.11873,0.73115,0.13188,0.79023,0.12487,0.85326,0.11085,0.93467,0.19672,0.86245,0.2011,0.89265,0.28698,0.89003,0.31326,0.88477,0.35883,0.95962,0.37636,0.95043,0.38775,0.96487,0.4079,0.96093,0.43156,0.98194,0.53759,0.96093,0.55336,0.94124,0.5665,0.96225,0.65326,0.95305,0.69882,0.92811,0.72599,0.92154,0.77155,0.93336,0.82237,0.90447,0.81975,0.93204,0.86093,0.91366,0.8583,0.95174,0.94242,0.90578,1,0.76003,1,0.68848,1,0.59065,1,0.35955,0.93103,0.12845,0.87933,0.0431,0.78645,0.02997,0.59893,0.05098,0.50867,0.08906,0.86761,0.49287,0.8206,0.07879,0.69618,0.90732,0.68109,0.43754,0.59351,0.44665,0.50506,0.45314,0.40084,0.57386,0.30272,0.57777,0.20985,0.60402,0.16979,0.69969,0.24002,0.74615,0.35347,0.74203,0.45263,0.72716,0.57273,0.70265,0.68963,0.70338,0.84516,0.69716,0.48135,0.30419,0.558,0.29696,0.64485,0.26702,0.84202,0.26748],"height":329,"name":"cape"}],"name":"cape"},{"display":[{"triangles":[3,2,5,2,0,5,3,5,4,1,0,2],"uvs":[0.6033,1,0.63075,0.92136,0.77839,0.8836,0.93939,0.89966,1,0.93091,1,1],"type":"mesh","vertices":[19.78,42.61,-5.29,26.55,-6.83,-8.38,11.3,-38.83,26.85,-46.93,50.77,-37.7],"transform":{},"edges":[0,5,5,4,4,3,3,2,2,1,1,0],"path":"right foot","width":217,"height":371,"name":"right foot","userEdges":[]}],"name":"right foot"}]}],"aabb":{"width":795.0079523466575,"y":-707.3751069818351,"height":852.0775349999432,"x":-447.40795234665757},"type":"Armature","name":"Tantalus","defaultActions":[{"gotoAndPlay":"Attack Slash"}],"slot":[{"color":{},"name":"shadow","parent":"shadow"},{"z":1,"color":{},"name":"cape","parent":"cape"},{"z":2,"color":{},"name":"chesthtingielowerL","parent":"chest"},{"z":3,"color":{},"name":"scarfbackleft","parent":"top chest"},{"z":4,"color":{},"name":"arm left","parent":"arm left"},{"z":5,"color":{},"name":"left hand","parent":"weapon"},{"z":6,"color":{},"name":"left foot","parent":"Mid4"},{"z":7,"color":{},"name":"left leg","parent":"left leg"},{"z":8,"color":{},"name":"right foot","parent":"rigth foot"},{"z":9,"color":{},"name":"torso","parent":"chest"},{"z":10,"color":{},"name":"right leg","parent":"right leg"},{"z":11,"color":{},"name":"scarupper","parent":"top chest"},{"z":12,"color":{},"name":"head","parent":"head"},{"z":13,"color":{},"name":"torsoplateR","parent":"chest"},{"z":14,"color":{},"name":"right arm","parent":"arm right"},{"z":15,"color":{},"displayIndex":1,"name":"shield","parent":"shield"}],"ik":[{"bendPositive":"false","chain":1,"name":"Right Leg IK","bone":"Mid5","target":"Right Leg IK"},{"bendPositive":"false","chain":1,"name":"Left Leg IK","bone":"Mid3","target":"Left Leg IK"},{"bendPositive":"false","name":"Left Foot IK","bone":"Mid4","target":"Left Foot IK"},{"chain":1,"name":"Right Arm IK","bone":"top chest3","target":"Right Arm"},{"bendPositive":"false","name":"Right Foot IK","bone":"rigth foot","target":"Right Foot IK"},{"chain":1,"name":"CApe IK","bone":"top chest5","target":"CApe IK"},{"chain":1,"name":"Arm Left IK","bone":"top chest4","target":"Arm Left IK"}],"frameRate":30,"bone":[{"transform":{},"name":"root"},{"transform":{"y":-269.86,"x":-126.05},"name":"Arm Left IK","parent":"root"},{"transform":{"y":-237.35,"x":-28.07},"name":"CApe IK","parent":"root"},{"transform":{"y":-14.6,"x":-85.13},"name":"Left Foot IK","parent":"root"},{"transform":{"y":-29.47,"x":-81.78},"name":"Left Leg IK","parent":"root"},{"transform":{"y":-356.83,"x":-14.34},"name":"Mid","parent":"root"},{"transform":{"y":-11.94,"x":152.23},"name":"Right Foot IK","parent":"root"},{"transform":{"y":-40.61,"x":140.82},"name":"Right Leg IK","parent":"root"},{"transform":{"y":-12.05,"x":7.64},"name":"shadow","parent":"root"},{"transform":{"y":-305.13,"x":143.56},"name":"Right Arm","parent":"root"},{"length":68,"transform":{"y":-17.16,"x":-1.96,"skX":-79.8,"skY":-79.8},"parent":"Mid","name":"chest"},{"length":167,"transform":{"y":8.72,"x":24.05,"skX":64.69,"skY":64.69},"parent":"Mid","name":"right leg"},{"length":138,"transform":{"y":40.99,"x":-39.95,"skX":92.7,"skY":92.7},"parent":"Mid","name":"left leg"},{"length":167,"transform":{"y":-0.64,"x":167.03,"skX":4.64,"skY":4.64},"parent":"right leg","name":"Mid5"},{"length":41,"transform":{"y":0.27,"x":82.72,"skX":-12.07,"skY":-12.07},"parent":"chest","name":"top chest"},{"length":149,"transform":{"y":-0.4,"x":137.61,"skX":5.53,"skY":5.53},"parent":"left leg","name":"Mid3"},{"length":66,"transform":{"y":3.35,"x":47.38,"skX":-26.96,"skY":-26.96},"parent":"top chest","name":"head"},{"length":15,"transform":{"y":0.06,"x":149.39,"skX":2.09,"skY":2.09},"parent":"Mid3","name":"Mid4"},{"length":107,"transform":{"y":96.72,"x":67.4,"skX":154.12,"skY":154.12},"parent":"top chest","name":"arm right"},{"length":30,"transform":{"y":-0.33,"x":167.19,"skX":2.16,"skY":2.16},"parent":"Mid5","name":"rigth foot"},{"length":106,"transform":{"y":14.29,"x":33.54,"skX":-173.27,"skY":-173.27},"parent":"top chest","name":"cape"},{"length":91,"transform":{"y":-48.05,"x":10.86,"skX":-157.52,"skY":-157.52},"parent":"top chest","name":"arm left"},{"length":117,"transform":{"x":91.25,"skX":0.7,"skY":0.7},"parent":"arm left","name":"top chest4"},{"length":118,"transform":{"y":1.77,"x":115.01,"skX":28.18,"skY":28.18},"parent":"arm right","name":"top chest3"},{"length":141,"transform":{"y":-0.29,"x":109.98,"skX":4.11,"skY":4.11},"parent":"cape","name":"top chest5"},{"length":46,"transform":{"y":-11.34,"x":123.77,"skX":1.81,"skY":1.81},"parent":"top chest3","name":"shield"},{"length":207,"transform":{"y":-1.6,"x":120.88,"skX":47.56,"skY":47.56},"parent":"top chest4","name":"weapon"}]}]}