{"width":1024,"SubTexture":[{"frameX":-1,"frameHeight":30,"y":942,"frameY":-1,"frameWidth":629,"width":627,"height":28,"name":"shadow","x":223},{"width":493,"y":1,"height":329,"name":"cape","x":1},{"frameX":-1,"frameHeight":112,"y":804,"frameY":-1,"frameWidth":57,"width":55,"height":110,"name":"chesthtingielowerL","x":223},{"frameX":-1,"frameHeight":97,"y":972,"frameY":-1,"frameWidth":131,"width":129,"height":95,"name":"scarfbackleft","x":223},{"width":127,"y":647,"height":293,"name":"arm left","x":765},{"frameX":-1,"frameHeight":174,"y":473,"frameY":-1,"frameWidth":376,"width":374,"height":172,"name":"left hand","x":531},{"frameX":-1,"frameHeight":33,"y":469,"frameY":-1,"frameWidth":80,"width":78,"height":31,"name":"left foot","x":907},{"width":117,"y":647,"height":312,"name":"left leg","x":894},{"width":217,"y":473,"height":371,"name":"right foot","x":312},{"width":232,"y":647,"height":262,"name":"torso","x":531},{"width":220,"y":804,"height":349,"name":"right leg","x":1},{"frameX":-1,"frameHeight":115,"y":961,"frameY":-1,"frameWidth":124,"width":122,"height":113,"name":"scarupper","x":852},{"frameX":-1,"frameHeight":112,"y":332,"frameY":-1,"frameWidth":174,"width":172,"height":110,"name":"head","x":312},{"frameX":-1,"frameHeight":103,"y":366,"frameY":-1,"frameWidth":137,"width":135,"height":101,"name":"torsoplateR","x":807},{"width":184,"y":1,"height":363,"name":"right arm","x":807},{"frameX":-1,"frameHeight":472,"y":1,"frameY":-1,"frameWidth":311,"width":309,"height":470,"name":"ShieldMirror","x":496},{"frameX":-1,"frameHeight":472,"y":332,"frameY":-1,"frameWidth":311,"width":309,"height":470,"name":"shield","x":1}],"height":2048,"name":"Tantalus","imagePath":"Tantalus_tex.png"}