{"frameRate":30,"armature":[{"aabb":{"width":511.32340907406507,"y":-346.9725051327907,"height":342.99250513279065,"x":-273.0334090740651},"defaultActions":[{"gotoAndPlay":"AttackB"}],"type":"Armature","frameRate":30,"animation":[{"frame":[],"ffd":[],"duration":20,"slot":[],"ik":[],"name":"AttackB","bone":[{"frame":[{"duration":20,"transform":{}},{"duration":0,"transform":{}}],"name":"root"},{"frame":[{"duration":5,"curve":[0.25,0,1,0.62],"transform":{}},{"duration":5,"curve":[0.25,0,0.184,1],"transform":{"x":30.49}},{"duration":10,"curve":[0.25,0,0.75,1],"transform":{"y":-23.1,"x":-70.15}},{"duration":0,"transform":{}}],"name":"mid"},{"frame":[{"duration":5,"curve":[0.25,0,1,0.62],"transform":{}},{"duration":5,"curve":[0.25,0,0.184,1],"transform":{"skX":42.62,"skY":42.62,"x":12.99}},{"duration":10,"curve":[0.25,0,0.75,1],"transform":{"skX":1.96,"skY":1.96,"x":-11.15}},{"duration":0,"transform":{}}],"name":"back body"},{"frame":[{"duration":10,"curve":[0.25,0,1,0.62],"transform":{}},{"duration":10,"curve":[0.25,0,0.75,1],"transform":{"skX":-29.39,"skY":-29.39}},{"duration":0,"transform":{}}],"name":"Top Bottom"},{"frame":[{"duration":5,"curve":[0.25,0,1,0.62],"transform":{}},{"duration":5,"curve":[0.25,0,0.184,1],"transform":{"skX":-27.97,"skY":-27.97,"y":-15.96,"x":-5.63}},{"duration":10,"curve":[0.25,0,0.75,1],"transform":{"skX":-1.84,"skY":-1.84,"y":-4.57,"x":5.11}},{"duration":0,"transform":{}}],"name":"Top"},{"frame":[{"duration":20,"transform":{}},{"duration":0,"transform":{}}],"name":"bone2"},{"frame":[{"duration":20,"transform":{}},{"duration":0,"transform":{}}],"name":"bone3"},{"frame":[{"duration":5,"curve":[0.25,0,1,0.62],"transform":{}},{"duration":5,"curve":[0.25,0,0.184,1],"transform":{"y":-98.73,"x":-5.81}},{"duration":10,"curve":[0.25,0,0.75,1],"transform":{"y":-6.39,"x":6.92}},{"duration":0,"transform":{}}],"name":"Head Ik"},{"frame":[{"duration":20,"transform":{"skX":1.11,"skY":1.11}},{"duration":0,"transform":{"skX":1.11,"skY":1.11}}],"name":"bone4"},{"frame":[{"duration":5,"curve":[0.25,0,1,0.62],"transform":{}},{"duration":5,"curve":[0.25,0,0.184,1],"transform":{"y":-41.21,"x":67.22}},{"duration":10,"curve":[0.25,0,0.75,1],"transform":{"y":23.58,"x":59.59}},{"duration":0,"transform":{}}],"name":"Right Arm IK"},{"frame":[{"duration":5,"curve":[0.25,0,1,0.62],"transform":{"skX":10.26,"skY":10.26}},{"duration":15,"curve":[0.25,0,0.184,1],"transform":{"skX":10.26,"skY":10.26,"y":-3.56,"x":-1.42}},{"duration":0,"transform":{"skX":10.26,"skY":10.26}}],"name":"Right Arm"},{"frame":[{"duration":20,"transform":{"skX":-27.6,"skY":-27.6}},{"duration":0,"transform":{"skX":-27.6,"skY":-27.6}}],"name":"bone6"},{"frame":[{"duration":20,"transform":{}},{"duration":0,"transform":{}}],"name":"bone7"},{"frame":[{"duration":5,"curve":[0.25,0,1,0.62],"transform":{}},{"duration":5,"curve":[0.34550000000000003,0,0.43999999999999995,0.715],"transform":{"y":-1.42,"x":106.95}},{"duration":10,"curve":[0.142,0.4,0.329,1],"transform":{"y":-12.22,"x":17.57}},{"duration":0,"transform":{}}],"name":"Left Arm IK"},{"frame":[{"duration":20,"transform":{"skX":2.08,"skY":2.08}},{"duration":0,"transform":{"skX":2.08,"skY":2.08}}],"name":"LEft Arm"},{"frame":[{"duration":20,"transform":{"skX":7.01,"skY":7.01}},{"duration":0,"transform":{"skX":7.01,"skY":7.01}}],"name":"bone9"},{"frame":[{"duration":5,"curve":[0.25,0,1,0.62],"transform":{}},{"duration":15,"curve":[0.25,0,0.184,1],"transform":{"skX":16.8,"skY":16.8}},{"duration":0,"transform":{}}],"name":"hand"},{"frame":[{"duration":20,"transform":{}},{"duration":0,"transform":{}}],"name":"Axe"},{"frame":[{"duration":5,"curve":[0.25,0,0.75,1],"transform":{}},{"duration":5,"curve":[0.25,0,0.75,1],"transform":{"skX":25.76,"skY":25.76}},{"duration":10,"curve":[0.25,0,0.75,1],"transform":{"skX":43.01,"skY":43.01}},{"duration":0,"transform":{}}],"name":"Left Wing"},{"frame":[{"duration":5,"curve":[0.25,0,0.75,1],"transform":{}},{"duration":5,"curve":[0.25,0,0.75,1],"transform":{"skX":-33.15,"skY":-33.15}},{"duration":10,"curve":[0.25,0,0.75,1],"transform":{"skX":-42.78,"skY":-42.78}},{"duration":0,"transform":{}}],"name":"Right Wing"},{"frame":[{"duration":10,"curve":[0.25,0,1,0.62],"transform":{}},{"duration":10,"curve":[0.25,0,0.75,1],"transform":{"y":-40.04,"x":50.03}},{"duration":0,"transform":{}}],"name":"FLLUpIK"},{"frame":[{"duration":10,"curve":[0.211,0,0.632,0.43],"transform":{"skX":11.68,"skY":11.68}},{"duration":10,"curve":[0.538,0.32,1,0.7],"transform":{"skX":11.68,"skY":11.68,"y":-13.77,"x":12.34}},{"duration":0,"transform":{"skX":11.68,"skY":11.68}}],"name":"Left Leg Front"},{"frame":[{"duration":20,"transform":{}},{"duration":0,"transform":{}}],"name":"FLLDIk"},{"frame":[{"duration":20,"transform":{"skX":-27.54,"skY":-27.54}},{"duration":0,"transform":{"skX":-27.54,"skY":-27.54}}],"name":"bone5"},{"frame":[{"duration":20,"transform":{"skX":6.56,"skY":6.56}},{"duration":0,"transform":{"skX":6.56,"skY":6.56}}],"name":"bone8"},{"frame":[{"duration":10,"curve":[0.25,0,1,0.62],"transform":{}},{"duration":10,"curve":[0.25,0,0.75,1],"transform":{"y":-20.56,"x":34.39}},{"duration":0,"transform":{}}],"name":"FRLUp"},{"frame":[{"duration":10,"curve":[0.211,0,0.632,0.43],"transform":{"skX":8.98,"skY":8.98}},{"duration":10,"curve":[0.538,0.32,1,0.7],"transform":{"skX":8.98,"skY":8.98,"y":-9.47,"x":8.49}},{"duration":0,"transform":{"skX":8.98,"skY":8.98}}],"name":"Right Leg Front"},{"frame":[{"duration":20,"transform":{}},{"duration":0,"transform":{}}],"name":"FRLD"},{"frame":[{"duration":20,"transform":{"skX":-32.61,"skY":-32.61}},{"duration":0,"transform":{"skX":-32.61,"skY":-32.61}}],"name":"bone10"},{"frame":[{"duration":20,"transform":{"skX":22.95,"skY":22.95}},{"duration":0,"transform":{"skX":22.95,"skY":22.95}}],"name":"bone11"},{"frame":[{"duration":10,"curve":[0.25,0,1,0.62],"transform":{}},{"duration":10,"curve":[0.25,0,0.75,1],"transform":{"y":29.63,"x":6.81}},{"duration":0,"transform":{}}],"name":"Left Leg Back IK"},{"frame":[{"duration":20,"transform":{"skX":0.21,"skY":0.21}},{"duration":0,"transform":{"skX":0.21,"skY":0.21}}],"name":"Left Leg Back"},{"frame":[{"duration":20,"transform":{}},{"duration":0,"transform":{}}],"name":"Left Leg Back Down IK"},{"frame":[{"duration":20,"transform":{"skX":2.72,"skY":2.72}},{"duration":0,"transform":{"skX":2.72,"skY":2.72}}],"name":"bone12"},{"frame":[{"duration":20,"transform":{"skX":-3.46,"skY":-3.46}},{"duration":0,"transform":{"skX":-3.46,"skY":-3.46}}],"name":"bone13"},{"frame":[{"duration":20,"transform":{}},{"duration":0,"transform":{}}],"name":"Right Leg Back IK"},{"frame":[{"duration":20,"transform":{"skX":0.57,"skY":0.57}},{"duration":0,"transform":{"skX":0.57,"skY":0.57}}],"name":"Right Leg Back"},{"frame":[{"duration":20,"transform":{}},{"duration":0,"transform":{}}],"name":"Right Leg Back Down IK"},{"frame":[{"duration":20,"transform":{"skX":-1.79,"skY":-1.79}},{"duration":0,"transform":{"skX":-1.79,"skY":-1.79}}],"name":"bone14"},{"frame":[{"duration":20,"transform":{"skX":0.58,"skY":0.58}},{"duration":0,"transform":{"skX":0.58,"skY":0.58}}],"name":"bone15"},{"frame":[{"duration":20,"transform":{}},{"duration":0,"transform":{}}],"name":"Shadow"}]},{"frame":[],"ffd":[],"duration":30,"slot":[],"ik":[],"name":"Damage","bone":[{"frame":[{"duration":30,"transform":{"y":0.77}},{"duration":0,"transform":{"y":0.77}}],"name":"root"},{"frame":[{"duration":10,"curve":[0.334,0.12,0.2,0.89],"transform":{}},{"duration":20,"curve":[0.25,0,0.75,1],"transform":{"y":3.27,"x":13.79}},{"duration":0,"transform":{}}],"name":"mid"},{"frame":[{"duration":30,"transform":{}},{"duration":0,"transform":{}}],"name":"back body"},{"frame":[{"duration":30,"transform":{}},{"duration":0,"transform":{}}],"name":"Top Bottom"},{"frame":[{"duration":30,"transform":{}},{"duration":0,"transform":{}}],"name":"Top"},{"frame":[{"duration":30,"transform":{}},{"duration":0,"transform":{}}],"name":"bone2"},{"frame":[{"duration":10,"curve":[0.334,0.12,0.2,0.89],"transform":{}},{"duration":20,"curve":[0.25,0,0.75,1],"transform":{"y":32.96,"x":-4.62}},{"duration":0,"transform":{}}],"name":"Left Arm IK"},{"frame":[{"duration":30,"transform":{"skX":2.08,"skY":2.08}},{"duration":0,"transform":{"skX":2.08,"skY":2.08}}],"name":"LEft Arm"},{"frame":[{"duration":30,"transform":{"skX":7.01,"skY":7.01}},{"duration":0,"transform":{"skX":7.01,"skY":7.01}}],"name":"bone9"},{"frame":[{"duration":30,"transform":{}},{"duration":0,"transform":{}}],"name":"hand"},{"frame":[{"duration":30,"transform":{}},{"duration":0,"transform":{}}],"name":"Axe"},{"frame":[{"duration":30,"transform":{}},{"duration":0,"transform":{}}],"name":"FLLDIk"},{"frame":[{"duration":30,"transform":{}},{"duration":0,"transform":{}}],"name":"FLLUpIK"},{"frame":[{"duration":30,"transform":{}},{"duration":0,"transform":{}}],"name":"FRLD"},{"frame":[{"duration":30,"transform":{}},{"duration":0,"transform":{}}],"name":"FRLUp"},{"frame":[{"duration":10,"curve":[0.334,0.12,0.2,0.89],"transform":{}},{"duration":20,"curve":[0.25,0,0.75,1],"transform":{"y":-4.08,"x":-7.52}},{"duration":0,"transform":{}}],"name":"Head Ik"},{"frame":[{"duration":30,"transform":{}},{"duration":0,"transform":{}}],"name":"Left Leg Back IK"},{"frame":[{"duration":30,"transform":{"skX":0.21,"skY":0.21}},{"duration":0,"transform":{"skX":0.21,"skY":0.21}}],"name":"Left Leg Back"},{"frame":[{"duration":30,"transform":{}},{"duration":0,"transform":{}}],"name":"Left Leg Back Down IK"},{"frame":[{"duration":30,"transform":{"skX":11.68,"skY":11.68}},{"duration":0,"transform":{"skX":11.68,"skY":11.68}}],"name":"Left Leg Front"},{"frame":[{"duration":10,"curve":[0.334,0.12,0.2,0.89],"transform":{}},{"duration":20,"curve":[0.25,0,0.75,1],"transform":{"skX":18.27,"skY":18.27}},{"duration":0,"transform":{}}],"name":"Left Wing"},{"frame":[{"duration":10,"curve":[0.334,0.12,0.2,0.89],"transform":{}},{"duration":20,"curve":[0.25,0,0.75,1],"transform":{"y":3.8,"x":13.52}},{"duration":0,"transform":{}}],"name":"Right Arm IK"},{"frame":[{"duration":30,"transform":{"skX":10.26,"skY":10.26}},{"duration":0,"transform":{"skX":10.26,"skY":10.26}}],"name":"Right Arm"},{"frame":[{"duration":30,"transform":{"skX":-27.6,"skY":-27.6}},{"duration":0,"transform":{"skX":-27.6,"skY":-27.6}}],"name":"bone6"},{"frame":[{"duration":30,"transform":{}},{"duration":0,"transform":{}}],"name":"Right Leg Back IK"},{"frame":[{"duration":30,"transform":{"skX":0.57,"skY":0.57}},{"duration":0,"transform":{"skX":0.57,"skY":0.57}}],"name":"Right Leg Back"},{"frame":[{"duration":30,"transform":{}},{"duration":0,"transform":{}}],"name":"Right Leg Back Down IK"},{"frame":[{"duration":30,"transform":{"skX":8.98,"skY":8.98}},{"duration":0,"transform":{"skX":8.98,"skY":8.98}}],"name":"Right Leg Front"},{"frame":[{"duration":10,"curve":[0.334,0.12,0.2,0.89],"transform":{}},{"duration":20,"curve":[0.25,0,0.75,1],"transform":{"skX":-14.25,"skY":-14.25}},{"duration":0,"transform":{}}],"name":"Right Wing"},{"frame":[{"duration":30,"transform":{}},{"duration":0,"transform":{}}],"name":"Shadow"},{"frame":[{"duration":30,"transform":{}},{"duration":0,"transform":{}}],"name":"bone3"},{"frame":[{"duration":30,"transform":{"skX":1.11,"skY":1.11}},{"duration":0,"transform":{"skX":1.11,"skY":1.11}}],"name":"bone4"},{"frame":[{"duration":30,"transform":{"skX":-27.54,"skY":-27.54}},{"duration":0,"transform":{"skX":-27.54,"skY":-27.54}}],"name":"bone5"},{"frame":[{"duration":30,"transform":{"skX":6.56,"skY":6.56}},{"duration":0,"transform":{"skX":6.56,"skY":6.56}}],"name":"bone8"},{"frame":[{"duration":30,"transform":{}},{"duration":0,"transform":{}}],"name":"bone7"},{"frame":[{"duration":30,"transform":{"skX":-32.61,"skY":-32.61}},{"duration":0,"transform":{"skX":-32.61,"skY":-32.61}}],"name":"bone10"},{"frame":[{"duration":30,"transform":{"skX":22.95,"skY":22.95}},{"duration":0,"transform":{"skX":22.95,"skY":22.95}}],"name":"bone11"},{"frame":[{"duration":30,"transform":{"skX":2.72,"skY":2.72}},{"duration":0,"transform":{"skX":2.72,"skY":2.72}}],"name":"bone12"},{"frame":[{"duration":30,"transform":{"skX":-3.46,"skY":-3.46}},{"duration":0,"transform":{"skX":-3.46,"skY":-3.46}}],"name":"bone13"},{"frame":[{"duration":30,"transform":{"skX":-1.79,"skY":-1.79}},{"duration":0,"transform":{"skX":-1.79,"skY":-1.79}}],"name":"bone14"},{"frame":[{"duration":30,"transform":{"skX":0.58,"skY":0.58}},{"duration":0,"transform":{"skX":0.58,"skY":0.58}}],"name":"bone15"}]},{"frame":[],"ffd":[{"frame":[{"duration":60,"offset":0,"vertices":[],"tweenEasing":null}],"offset":0,"scale":1,"slot":"Lower Body Main","skin":"","name":"Lower Body Main"}],"duration":60,"slot":[],"ik":[],"name":"Idle","bone":[{"frame":[{"duration":60,"transform":{}},{"duration":0,"transform":{}}],"name":"root"},{"frame":[{"duration":60,"transform":{}},{"duration":0,"transform":{}}],"name":"mid"},{"frame":[{"duration":60,"transform":{}},{"duration":0,"transform":{}}],"name":"Top Bottom"},{"frame":[{"duration":30,"transform":{}},{"duration":5,"curve":[0.25,0,0.75,1],"transform":{}},{"duration":25,"curve":[0.25,0,0.75,1],"transform":{"skX":4,"skY":4}},{"duration":0,"transform":{}}],"name":"Top"},{"frame":[{"duration":60,"transform":{}},{"duration":0,"transform":{}}],"name":"bone2"},{"frame":[{"duration":60,"transform":{}},{"duration":0,"transform":{}}],"name":"bone3"},{"frame":[{"duration":60,"transform":{}},{"duration":0,"transform":{}}],"name":"bone4"},{"frame":[{"duration":60,"transform":{}},{"duration":0,"transform":{}}],"name":"bone6"},{"frame":[{"duration":60,"transform":{}},{"duration":0,"transform":{}}],"name":"bone7"},{"frame":[{"duration":30,"curve":[0.25,0,0.75,1],"transform":{}},{"duration":30,"curve":[0.25,0,0.76,0.81],"transform":{"skX":12.62,"skY":12.62}},{"duration":0,"transform":{}}],"name":"LEft Arm"},{"frame":[{"duration":60,"transform":{}},{"duration":0,"transform":{}}],"name":"bone9"},{"frame":[{"duration":30,"curve":[0.25,0,0.311,0.74],"transform":{}},{"duration":30,"curve":[0.25,0,0.75,1],"transform":{"skX":23.31,"skY":23.31}},{"duration":0,"transform":{}}],"name":"hand"},{"frame":[{"duration":60,"transform":{}},{"duration":0,"transform":{}}],"name":"Axe"},{"frame":[{"duration":30,"curve":[0.25,0,0.75,1],"transform":{}},{"duration":5,"curve":[0.289,0,0.184,0.84],"transform":{"skX":24.97,"skY":24.97}},{"duration":25,"curve":[0.314,0.21,0.766,0.84],"transform":{"skX":49.79,"skY":49.79}},{"duration":0,"transform":{}}],"name":"Left Wing"},{"frame":[{"duration":30,"curve":[0.25,0,0.75,1],"transform":{}},{"duration":5,"curve":[0.289,0,0.225,0.95],"transform":{"skX":-19.25,"skY":-19.25}},{"duration":25,"curve":[0.314,0.21,0.766,0.84],"transform":{"skX":-46.35,"skY":-46.35}},{"duration":0,"transform":{}}],"name":"Right Wing"},{"frame":[{"duration":60,"transform":{}},{"duration":0,"transform":{}}],"name":"Left Leg Front"},{"frame":[{"duration":60,"transform":{}},{"duration":0,"transform":{}}],"name":"bone5"},{"frame":[{"duration":60,"transform":{}},{"duration":0,"transform":{}}],"name":"bone8"},{"frame":[{"duration":60,"transform":{}},{"duration":0,"transform":{}}],"name":"Right Leg Front"},{"frame":[{"duration":60,"transform":{}},{"duration":0,"transform":{}}],"name":"bone10"},{"frame":[{"duration":60,"transform":{}},{"duration":0,"transform":{}}],"name":"bone11"},{"frame":[{"duration":60,"transform":{}},{"duration":0,"transform":{}}],"name":"Left Leg Back"},{"frame":[{"duration":60,"transform":{}},{"duration":0,"transform":{}}],"name":"bone12"},{"frame":[{"duration":60,"transform":{}},{"duration":0,"transform":{}}],"name":"bone13"},{"frame":[{"duration":60,"transform":{}},{"duration":0,"transform":{}}],"name":"Right Leg Back"},{"frame":[{"duration":60,"transform":{}},{"duration":0,"transform":{}}],"name":"bone14"},{"frame":[{"duration":60,"transform":{}},{"duration":0,"transform":{}}],"name":"bone15"},{"frame":[{"duration":60,"transform":{}},{"duration":0,"transform":{}}],"name":"Shadow"},{"frame":[{"duration":30,"transform":{"y":3.4,"x":-20.97}},{"duration":30,"transform":{"y":3.4,"x":-20.97}}],"name":"FRLD"},{"frame":[{"duration":30,"transform":{},"tweenEasing":0},{"duration":30,"transform":{"y":3.27},"tweenEasing":0},{"duration":0,"transform":{}}],"name":"back body"},{"frame":[{"duration":30,"transform":{},"tweenEasing":0},{"duration":5,"curve":[0.125,0,0.875,1],"transform":{}},{"duration":25,"curve":[0.25,0,0.75,1],"transform":{"y":-45.33,"x":26.8}},{"duration":0,"transform":{}}],"name":"Right Arm IK"},{"frame":[{"duration":30,"transform":{},"tweenEasing":0},{"duration":10,"curve":[0.25,0,0,0.92],"transform":{}},{"duration":14,"curve":[0.25,0,0.872,0.46],"transform":{"y":-12.2,"x":27.33}},{"duration":6,"transform":{}}],"name":"FLLDIk"},{"frame":[{"duration":30,"transform":{},"tweenEasing":0},{"duration":30,"transform":{}}],"name":"FLLUpIK"},{"frame":[{"duration":60,"transform":{"skX":10.26,"skY":10.26}},{"duration":0,"transform":{"skX":10.26,"skY":10.26}}],"name":"Right Arm"},{"frame":[{"duration":30,"transform":{}},{"duration":5,"curve":[0.25,0,0.75,1],"transform":{}},{"duration":25,"transform":{"y":3.53,"x":13.7},"tweenEasing":0},{"duration":0,"transform":{}}],"name":"Left Arm IK"},{"frame":[{"duration":60,"transform":{}}],"name":"Right Leg Back Down IK"},{"frame":[{"duration":60,"transform":{}}],"name":"Left Leg Back Down IK"},{"frame":[{"duration":60,"transform":{}}],"name":"Left Leg Back IK"},{"frame":[{"duration":60,"transform":{}}],"name":"Right Leg Back IK"},{"frame":[{"duration":60,"transform":{}}],"name":"Head Ik"},{"frame":[{"duration":60,"transform":{}}],"name":"FRLUp"}]},{"frame":[],"ffd":[],"duration":25,"slot":[],"ik":[],"name":"Skill","bone":[{"frame":[{"duration":25,"transform":{}},{"duration":0,"transform":{}}],"name":"root"},{"frame":[{"duration":15,"curve":[0.25,0,0.827,0.24],"transform":{}},{"duration":10,"curve":[0.25,0,0.898,0.5],"transform":{"y":9.3,"x":17.33}},{"duration":0,"transform":{}}],"name":"mid"},{"frame":[{"duration":10,"curve":[0.25,0,0.827,0.24],"transform":{}},{"duration":5,"curve":[0.25,0,0.148,1],"transform":{"skX":25.53,"skY":25.53,"y":-26.22,"x":2.3}},{"duration":10,"curve":[0.25,0,0.898,0.5],"transform":{"skX":1.96,"skY":1.96,"x":-11.15}},{"duration":0,"transform":{}}],"name":"back body"},{"frame":[{"duration":10,"curve":[0.25,0,0.827,0.24],"transform":{}},{"duration":5,"curve":[0.25,0,0.148,1],"transform":{"skX":25.13,"skY":25.13,"y":19.37,"x":-14.55}},{"duration":10,"curve":[0.25,0,0.898,0.5],"transform":{"skX":-29.39,"skY":-29.39,"y":19.37,"x":-14.55}},{"duration":0,"transform":{}}],"name":"Top Bottom"},{"frame":[{"duration":10,"curve":[0.25,0,0.827,0.24],"transform":{}},{"duration":5,"curve":[0.25,0,0.148,1],"transform":{"skX":-32.46,"skY":-32.46,"y":-27.45,"x":-3}},{"duration":10,"curve":[0.25,0,0.898,0.5],"transform":{"skX":14.69,"skY":14.69,"y":-4.57,"x":5.11}},{"duration":0,"transform":{}}],"name":"Top"},{"frame":[{"duration":25,"transform":{}},{"duration":0,"transform":{}}],"name":"bone2"},{"frame":[{"duration":25,"transform":{}},{"duration":0,"transform":{}}],"name":"bone3"},{"frame":[{"duration":10,"curve":[0.2415,0,0.737,0.255],"transform":{}},{"duration":5,"curve":[0.25,0,0.148,1],"transform":{"y":-112.41,"x":-22.46}},{"duration":10,"curve":[0.3385,0.115,0.8515,0.525],"transform":{"skX":-4.24,"skY":-4.24,"y":36.49,"x":13.87}},{"duration":0,"transform":{}}],"name":"Head Ik"},{"frame":[{"duration":25,"transform":{"skX":1.11,"skY":1.11}},{"duration":0,"transform":{"skX":1.11,"skY":1.11}}],"name":"bone4"},{"frame":[{"duration":10,"curve":[0.25,0,0.827,0.24],"transform":{}},{"duration":6,"curve":[0.25,0,0.148,1],"transform":{"y":-29.41,"x":73.28}},{"duration":9,"curve":[0.291,0,0.628,0.34],"transform":{"y":-126.96,"x":126.35}},{"duration":0,"transform":{}}],"name":"Right Arm IK"},{"frame":[{"duration":15,"curve":[0.232,0,0.658,0.27],"transform":{"skX":10.26,"skY":10.26}},{"duration":10,"curve":[0.429,0.24,0.799,0.57],"transform":{"skX":10.26,"skY":10.26,"y":-5.16,"x":-20.37}},{"duration":0,"transform":{"skX":10.26,"skY":10.26}}],"name":"Right Arm"},{"frame":[{"duration":25,"transform":{"skX":-27.6,"skY":-27.6}},{"duration":0,"transform":{"skX":-27.6,"skY":-27.6}}],"name":"bone6"},{"frame":[{"duration":25,"transform":{}},{"duration":0,"transform":{}}],"name":"bone7"},{"frame":[{"duration":10,"curve":[0.25,0,0.827,0.24],"transform":{}},{"duration":5,"curve":[0.25,0,0.148,1],"transform":{"y":-65.99,"x":54.3}},{"duration":10,"curve":[0.142,0.4,0.898,0.5],"transform":{"y":30.35,"x":113.6}},{"duration":0,"transform":{}}],"name":"Left Arm IK"},{"frame":[{"duration":25,"transform":{"skX":2.08,"skY":2.08}},{"duration":0,"transform":{"skX":2.08,"skY":2.08}}],"name":"LEft Arm"},{"frame":[{"duration":25,"transform":{"skX":7.01,"skY":7.01}},{"duration":0,"transform":{"skX":7.01,"skY":7.01}}],"name":"bone9"},{"frame":[{"duration":25,"transform":{}},{"duration":0,"transform":{}}],"name":"hand"},{"frame":[{"duration":25,"transform":{}},{"duration":0,"transform":{}}],"name":"Axe"},{"frame":[{"duration":10,"curve":[0.25,0,0.827,0.24],"transform":{}},{"duration":5,"curve":[0.25,0,0.148,1],"transform":{"skX":42.93,"skY":42.93}},{"duration":10,"curve":[0.25,0,0.898,0.5],"transform":{"skX":20.65,"skY":20.65}},{"duration":0,"transform":{}}],"name":"Left Wing"},{"frame":[{"duration":10,"curve":[0.25,0,0.827,0.24],"transform":{}},{"duration":5,"curve":[0.25,0,0.148,1],"transform":{"skX":-37.67,"skY":-37.67}},{"duration":10,"curve":[0.25,0,0.898,0.5],"transform":{"skX":-1.06,"skY":-1.06}},{"duration":0,"transform":{}}],"name":"Right Wing"},{"frame":[{"duration":15,"curve":[0.25,0,0.827,0.24],"transform":{}},{"duration":10,"curve":[0.25,0,0.898,0.5],"transform":{"y":-40.04,"x":50.03}},{"duration":0,"transform":{}}],"name":"FLLUpIK"},{"frame":[{"duration":15,"curve":[0.25,0,0.827,0.24],"transform":{"skX":11.68,"skY":11.68}},{"duration":10,"curve":[0.538,0.32,0.898,0.5],"transform":{"skX":11.68,"skY":11.68,"y":-13.77,"x":12.34}},{"duration":0,"transform":{"skX":11.68,"skY":11.68}}],"name":"Left Leg Front"},{"frame":[{"duration":25,"transform":{}},{"duration":0,"transform":{}}],"name":"FLLDIk"},{"frame":[{"duration":25,"transform":{"skX":-27.54,"skY":-27.54}},{"duration":0,"transform":{"skX":-27.54,"skY":-27.54}}],"name":"bone5"},{"frame":[{"duration":25,"transform":{"skX":6.56,"skY":6.56}},{"duration":0,"transform":{"skX":6.56,"skY":6.56}}],"name":"bone8"},{"frame":[{"duration":10,"curve":[0.2415,0,0.737,0.255],"transform":{}},{"duration":5,"curve":[0.25,0,0.148,1],"transform":{"y":-33.9,"x":33.24}},{"duration":10,"curve":[0.3385,0.115,0.8515,0.525],"transform":{"skX":-58.27,"skY":-58.27,"y":-88.83,"x":35.52}},{"duration":0,"transform":{}}],"name":"FRLUp"},{"frame":[{"duration":10,"curve":[0.25,0,0.827,0.24],"transform":{"skX":8.98,"skY":8.98}},{"duration":5,"curve":[0.25,0,0.148,1],"transform":{"skX":8.98,"skY":8.98,"y":-28.91,"x":13.38}},{"duration":10,"curve":[0.538,0.32,0.898,0.5],"transform":{"skX":8.98,"skY":8.98,"y":-46.13,"x":10.74}},{"duration":0,"transform":{"skX":8.98,"skY":8.98}}],"name":"Right Leg Front"},{"frame":[{"duration":25,"transform":{}},{"duration":0,"transform":{}}],"name":"FRLD"},{"frame":[{"duration":15,"curve":[0.233,0,0.647,0.27],"transform":{"skX":-32.61,"skY":-32.61}},{"duration":10,"curve":[0.427,0.23,0.805,0.55],"transform":{"skX":-32.61,"skY":-32.61,"y":1.06,"x":-18.68}},{"duration":0,"transform":{"skX":-32.61,"skY":-32.61}}],"name":"bone10"},{"frame":[{"duration":25,"transform":{"skX":22.95,"skY":22.95}},{"duration":0,"transform":{"skX":22.95,"skY":22.95}}],"name":"bone11"},{"frame":[{"duration":10,"curve":[0.25,0,0.827,0.24],"transform":{}},{"duration":5,"curve":[0.25,0,0.148,1],"transform":{"y":36.33,"x":7.69}},{"duration":10,"curve":[0.25,0,0.898,0.5],"transform":{"y":29.63,"x":6.81}},{"duration":0,"transform":{}}],"name":"Left Leg Back IK"},{"frame":[{"duration":25,"transform":{"skX":0.21,"skY":0.21}},{"duration":0,"transform":{"skX":0.21,"skY":0.21}}],"name":"Left Leg Back"},{"frame":[{"duration":25,"transform":{}},{"duration":0,"transform":{}}],"name":"Left Leg Back Down IK"},{"frame":[{"duration":25,"transform":{"skX":2.72,"skY":2.72}},{"duration":0,"transform":{"skX":2.72,"skY":2.72}}],"name":"bone12"},{"frame":[{"duration":25,"transform":{"skX":-3.46,"skY":-3.46}},{"duration":0,"transform":{"skX":-3.46,"skY":-3.46}}],"name":"bone13"},{"frame":[{"duration":25,"transform":{}},{"duration":0,"transform":{}}],"name":"Right Leg Back IK"},{"frame":[{"duration":10,"curve":[0.25,0,0.827,0.24],"transform":{"skX":0.57,"skY":0.57}},{"duration":15,"curve":[0.25,0,0.148,1],"transform":{"skX":0.57,"skY":0.57,"y":-3.27,"x":-8.27}},{"duration":0,"transform":{"skX":0.57,"skY":0.57}}],"name":"Right Leg Back"},{"frame":[{"duration":25,"transform":{}},{"duration":0,"transform":{}}],"name":"Right Leg Back Down IK"},{"frame":[{"duration":25,"transform":{"skX":-1.79,"skY":-1.79}},{"duration":0,"transform":{"skX":-1.79,"skY":-1.79}}],"name":"bone14"},{"frame":[{"duration":25,"transform":{"skX":0.58,"skY":0.58}},{"duration":0,"transform":{"skX":0.58,"skY":0.58}}],"name":"bone15"},{"frame":[{"duration":25,"transform":{}},{"duration":0,"transform":{}}],"name":"Shadow"}]},{"frame":[],"ffd":[],"duration":45,"slot":[],"ik":[],"name":"Skill B","bone":[{"frame":[{"duration":45,"transform":{}},{"duration":0,"transform":{}}],"name":"root"},{"frame":[{"duration":10,"curve":[0.25,0,0.842,0.51],"transform":{}},{"duration":5,"curve":[0.25,0,0.75,1],"transform":{"y":-76.54,"x":91.26}},{"duration":5,"curve":[0.25,0,0.75,1],"transform":{"y":-60.64,"x":91.26}},{"duration":5,"curve":[0.25,0,0.75,1],"transform":{"y":-76.54,"x":91.26}},{"duration":5,"curve":[0.25,0,0.75,1],"transform":{"y":-60.64,"x":91.26}},{"duration":5,"curve":[0.25,0,0.107,0.96],"transform":{"y":-76.54,"x":91.26}},{"duration":10,"curve":[0.25,0,0.811,0.62],"transform":{"y":0.82,"x":-221.07}},{"duration":0,"transform":{}}],"name":"mid"},{"frame":[{"duration":10,"transform":{}},{"duration":35,"transform":{}},{"duration":0,"transform":{}}],"name":"back body"},{"frame":[{"duration":45,"transform":{}},{"duration":0,"transform":{}}],"name":"Top Bottom"},{"frame":[{"duration":45,"transform":{}},{"duration":0,"transform":{}}],"name":"Top"},{"frame":[{"duration":45,"transform":{}},{"duration":0,"transform":{}}],"name":"bone2"},{"frame":[{"duration":45,"transform":{}},{"duration":0,"transform":{}}],"name":"bone3"},{"frame":[{"duration":35,"curve":[0.25,0,0.842,0.51],"transform":{}},{"duration":10,"curve":[0.25,0,0.811,0.62],"transform":{"y":-24.46,"x":38.4}},{"duration":0,"transform":{}}],"name":"Head Ik"},{"frame":[{"duration":45,"transform":{"skX":1.11,"skY":1.11}},{"duration":0,"transform":{"skX":1.11,"skY":1.11}}],"name":"bone4"},{"frame":[{"duration":10,"curve":[0.25,0,0.842,0.51],"transform":{}},{"duration":10,"transform":{"y":16.61,"x":26.13}},{"duration":10,"transform":{"y":16.61,"x":26.13}},{"duration":5,"curve":[0.25,0,0.107,0.96],"transform":{"y":16.61,"x":26.13}},{"duration":10,"curve":[0.25,0,0.811,0.62],"transform":{"y":16.73,"x":44.01}},{"duration":0,"transform":{}}],"name":"Right Arm IK"},{"frame":[{"duration":45,"transform":{"skX":10.26,"skY":10.26}},{"duration":0,"transform":{"skX":10.26,"skY":10.26}}],"name":"Right Arm"},{"frame":[{"duration":45,"transform":{"skX":-27.6,"skY":-27.6}},{"duration":0,"transform":{"skX":-27.6,"skY":-27.6}}],"name":"bone6"},{"frame":[{"duration":45,"transform":{}},{"duration":0,"transform":{}}],"name":"bone7"},{"frame":[{"duration":10,"curve":[0.25,0,0.842,0.51],"transform":{}},{"duration":10,"transform":{"y":37.03,"x":10.99}},{"duration":10,"transform":{"y":37.03,"x":10.99}},{"duration":5,"curve":[0.25,0,0.107,0.96],"transform":{"y":37.03,"x":10.99}},{"duration":10,"curve":[0.25,0,0.811,0.62],"transform":{"y":73.42,"x":-1.37}},{"duration":0,"transform":{}}],"name":"Left Arm IK"},{"frame":[{"duration":45,"transform":{"skX":2.08,"skY":2.08}},{"duration":0,"transform":{"skX":2.08,"skY":2.08}}],"name":"LEft Arm"},{"frame":[{"duration":45,"transform":{"skX":7.01,"skY":7.01}},{"duration":0,"transform":{"skX":7.01,"skY":7.01}}],"name":"bone9"},{"frame":[{"duration":45,"transform":{}},{"duration":0,"transform":{}}],"name":"hand"},{"frame":[{"duration":45,"transform":{}},{"duration":0,"transform":{}}],"name":"Axe"},{"frame":[{"duration":10,"curve":[0.25,0,0.842,0.51],"transform":{}},{"duration":5,"curve":[0.25,0,0.75,1],"transform":{"skX":48.72,"skY":48.72}},{"duration":5,"curve":[0.25,0,0.75,1],"transform":{"skX":2.02,"skY":2.02}},{"duration":5,"curve":[0.25,0,0.75,1],"transform":{"skX":48.72,"skY":48.72}},{"duration":5,"curve":[0.25,0,0.75,1],"transform":{"skX":2.02,"skY":2.02}},{"duration":5,"curve":[0.25,0,0.107,0.96],"transform":{"skX":48.72,"skY":48.72}},{"duration":10,"curve":[0.25,0,0.811,0.62],"transform":{"skX":79,"skY":79}},{"duration":0,"transform":{}}],"name":"Left Wing"},{"frame":[{"duration":10,"curve":[0.25,0,0.842,0.51],"transform":{}},{"duration":5,"curve":[0.25,0,0.75,1],"transform":{"skX":-38.06,"skY":-38.06}},{"duration":5,"curve":[0.25,0,0.75,1],"transform":{"skX":-0.98,"skY":-0.98}},{"duration":5,"curve":[0.25,0,0.75,1],"transform":{"skX":-38.06,"skY":-38.06}},{"duration":5,"curve":[0.25,0,0.75,1],"transform":{"skX":-0.98,"skY":-0.98}},{"duration":5,"curve":[0.25,0,0.107,0.96],"transform":{"skX":-38.06,"skY":-38.06}},{"duration":10,"curve":[0.25,0,0.811,0.62],"transform":{"skX":-37.63,"skY":-37.63}},{"duration":0,"transform":{}}],"name":"Right Wing"},{"frame":[{"duration":30,"transform":{}},{"duration":5,"curve":[0.25,0,0.842,0.51],"transform":{}},{"duration":10,"curve":[0.25,0,0.842,0.51],"transform":{"y":-11.76,"x":2.34}},{"duration":0,"transform":{}}],"name":"FLLUpIK"},{"frame":[{"duration":45,"transform":{"skX":11.68,"skY":11.68}},{"duration":0,"transform":{"skX":11.68,"skY":11.68}}],"name":"Left Leg Front"},{"frame":[{"duration":10,"curve":[0.25,0,0.842,0.51],"transform":{}},{"duration":5,"curve":[0.25,0,0.75,1],"transform":{"y":-86.11,"x":80.96}},{"duration":5,"curve":[0.25,0,0.75,1],"transform":{"y":-58.18,"x":84.58}},{"duration":5,"curve":[0.25,0,0.75,1],"transform":{"y":-86.11,"x":80.96}},{"duration":5,"curve":[0.25,0,0.75,1],"transform":{"y":-60.14,"x":84.58}},{"duration":5,"curve":[0.25,0,0.107,0.96],"transform":{"y":-86.11,"x":80.96}},{"duration":10,"curve":[0.25,0,0.811,0.62],"transform":{"y":-0.08,"x":-280.54}},{"duration":0,"transform":{}}],"name":"FLLDIk"},{"frame":[{"duration":45,"transform":{"skX":-27.54,"skY":-27.54}},{"duration":0,"transform":{"skX":-27.54,"skY":-27.54}}],"name":"bone5"},{"frame":[{"duration":45,"transform":{"skX":6.56,"skY":6.56}},{"duration":0,"transform":{"skX":6.56,"skY":6.56}}],"name":"bone8"},{"frame":[{"duration":30,"transform":{}},{"duration":5,"curve":[0.25,0,0.842,0.51],"transform":{}},{"duration":10,"curve":[0.25,0,0.811,0.62],"transform":{"y":-53.58,"x":-13.83}},{"duration":0,"transform":{}}],"name":"FRLUp"},{"frame":[{"duration":45,"transform":{"skX":8.98,"skY":8.98}},{"duration":0,"transform":{"skX":8.98,"skY":8.98}}],"name":"Right Leg Front"},{"frame":[{"duration":10,"curve":[0.25,0,0.842,0.51],"transform":{}},{"duration":5,"curve":[0.25,0,0.75,1],"transform":{"y":-64.77,"x":52.99}},{"duration":5,"curve":[0.25,0,0.75,1],"transform":{"y":-4.04,"x":66.01}},{"duration":5,"curve":[0.25,0,0.75,1],"transform":{"y":-64.77,"x":52.99}},{"duration":5,"curve":[0.25,0,0.75,1],"transform":{"y":-4.04,"x":66.01}},{"duration":5,"curve":[0.25,0,0.107,0.96],"transform":{"y":-64.77,"x":52.99}},{"duration":10,"curve":[0.25,0,0.811,0.62],"transform":{"y":9.7,"x":-317.91}},{"duration":0,"transform":{}}],"name":"FRLD"},{"frame":[{"duration":45,"transform":{"skX":-32.61,"skY":-32.61}},{"duration":0,"transform":{"skX":-32.61,"skY":-32.61}}],"name":"bone10"},{"frame":[{"duration":45,"transform":{"skX":22.95,"skY":22.95}},{"duration":0,"transform":{"skX":22.95,"skY":22.95}}],"name":"bone11"},{"frame":[{"duration":45,"transform":{}},{"duration":0,"transform":{}}],"name":"Left Leg Back IK"},{"frame":[{"duration":45,"transform":{"skX":0.21,"skY":0.21}},{"duration":0,"transform":{"skX":0.21,"skY":0.21}}],"name":"Left Leg Back"},{"frame":[{"duration":10,"curve":[0.25,0,0.842,0.51],"transform":{}},{"duration":5,"curve":[0.25,0,0.75,1],"transform":{"y":-79.49,"x":69.92}},{"duration":5,"curve":[0.25,0,0.75,1],"transform":{"y":-49.08,"x":57.63}},{"duration":5,"curve":[0.25,0,0.75,1],"transform":{"y":-79.49,"x":69.92}},{"duration":5,"curve":[0.25,0,0.75,1],"transform":{"y":-47.77,"x":57.63}},{"duration":5,"curve":[0.25,0,0.107,0.96],"transform":{"y":-79.49,"x":69.92}},{"duration":10,"curve":[0.25,0,0.811,0.62],"transform":{"y":7.27,"x":-120.95}},{"duration":0,"transform":{}}],"name":"Left Leg Back Down IK"},{"frame":[{"duration":45,"transform":{"skX":2.72,"skY":2.72}},{"duration":0,"transform":{"skX":2.72,"skY":2.72}}],"name":"bone12"},{"frame":[{"duration":45,"transform":{"skX":-3.46,"skY":-3.46}},{"duration":0,"transform":{"skX":-3.46,"skY":-3.46}}],"name":"bone13"},{"frame":[{"duration":45,"transform":{}},{"duration":0,"transform":{}}],"name":"Right Leg Back IK"},{"frame":[{"duration":45,"transform":{"skX":0.57,"skY":0.57}},{"duration":0,"transform":{"skX":0.57,"skY":0.57}}],"name":"Right Leg Back"},{"frame":[{"duration":10,"curve":[0.25,0,0.842,0.51],"transform":{}},{"duration":5,"curve":[0.25,0,0.75,1],"transform":{"y":-64.03,"x":36.06}},{"duration":5,"curve":[0.25,0,0.75,1],"transform":{"y":-10.53,"x":38.23}},{"duration":5,"curve":[0.25,0,0.75,1],"transform":{"y":-64.03,"x":36.06}},{"duration":5,"curve":[0.25,0,0.75,1],"transform":{"y":-10.53,"x":38.23}},{"duration":5,"curve":[0.25,0,0.107,0.96],"transform":{"y":-64.03,"x":36.06}},{"duration":10,"curve":[0.25,0,0.811,0.62],"transform":{"y":1.76,"x":-87.57}},{"duration":0,"transform":{}}],"name":"Right Leg Back Down IK"},{"frame":[{"duration":45,"transform":{"skX":-1.79,"skY":-1.79}},{"duration":0,"transform":{"skX":-1.79,"skY":-1.79}}],"name":"bone14"},{"frame":[{"duration":45,"transform":{"skX":0.58,"skY":0.58}},{"duration":0,"transform":{"skX":0.58,"skY":0.58}}],"name":"bone15"},{"frame":[{"duration":45,"transform":{}},{"duration":0,"transform":{}}],"name":"Shadow"}]},{"frame":[],"ffd":[],"duration":45,"slot":[],"ik":[],"name":"SkillC","bone":[{"frame":[{"duration":45,"transform":{}},{"duration":0,"transform":{}}],"name":"root"},{"frame":[{"duration":10,"curve":[0.25,0,0.842,0.51],"transform":{}},{"duration":5,"curve":[0.25,0,0.75,1],"transform":{"y":-76.54,"x":91.26}},{"duration":5,"curve":[0.25,0,0.75,1],"transform":{"y":-60.64,"x":91.26}},{"duration":5,"curve":[0.25,0,0.75,1],"transform":{"y":-76.54,"x":91.26}},{"duration":5,"curve":[0.25,0,0.75,1],"transform":{"y":-60.64,"x":91.26}},{"duration":5,"curve":[0.25,0,0.107,0.96],"transform":{"y":-76.54,"x":91.26}},{"duration":10,"curve":[0.25,0,0.811,0.62],"transform":{"y":0.82,"x":-221.07}},{"duration":0,"transform":{}}],"name":"mid"},{"frame":[{"duration":10,"transform":{}},{"duration":35,"transform":{}},{"duration":0,"transform":{}}],"name":"back body"},{"frame":[{"duration":45,"transform":{}},{"duration":0,"transform":{}}],"name":"Top Bottom"},{"frame":[{"duration":15,"transform":{}},{"duration":15,"transform":{}},{"duration":5,"curve":[0.356,0.32,0.692,0.66],"transform":{}},{"duration":10,"curve":[0.431,0.32,0.782,0.66],"transform":{"skX":-27.6,"skY":-27.6,"y":-11.8,"x":3.04}},{"duration":0,"transform":{}}],"name":"Top"},{"frame":[{"duration":45,"transform":{}},{"duration":0,"transform":{}}],"name":"bone2"},{"frame":[{"duration":45,"transform":{}},{"duration":0,"transform":{}}],"name":"bone3"},{"frame":[{"duration":30,"transform":{}},{"duration":2,"curve":[0.241,0,0.615,0.39],"transform":{}},{"duration":3,"curve":[0.409,0.25,0.838,0.63],"transform":{"y":-63.49,"x":106.34}},{"duration":10,"curve":[0.25,0,0.811,0.62],"transform":{"y":-70.21,"x":21.88}},{"duration":0,"transform":{}}],"name":"Head Ik"},{"frame":[{"duration":45,"transform":{"skX":1.11,"skY":1.11}},{"duration":0,"transform":{"skX":1.11,"skY":1.11}}],"name":"bone4"},{"frame":[{"duration":10,"curve":[0.25,0,0.842,0.51],"transform":{}},{"duration":10,"transform":{"y":16.61,"x":26.13}},{"duration":10,"transform":{"y":16.61,"x":26.13}},{"duration":5,"curve":[0.25,0,0.107,0.96],"transform":{"y":16.61,"x":26.13}},{"duration":10,"curve":[0.25,0,0.811,0.62],"transform":{"y":9.73,"x":99.35}},{"duration":0,"transform":{}}],"name":"Right Arm IK"},{"frame":[{"duration":45,"transform":{"skX":10.26,"skY":10.26}},{"duration":0,"transform":{"skX":10.26,"skY":10.26}}],"name":"Right Arm"},{"frame":[{"duration":45,"transform":{"skX":-27.6,"skY":-27.6}},{"duration":0,"transform":{"skX":-27.6,"skY":-27.6}}],"name":"bone6"},{"frame":[{"duration":45,"transform":{}},{"duration":0,"transform":{}}],"name":"bone7"},{"frame":[{"duration":10,"curve":[0.125,0,0.921,0.755],"transform":{}},{"duration":5,"transform":{"y":37.03,"x":10.99}},{"duration":5,"curve":[0.25,0,0.597,0.13],"transform":{"y":37.03,"x":10.99}},{"duration":10,"transform":{"y":88.94,"x":105.27}},{"duration":2,"curve":[0.125,0,0.5,1],"transform":{"y":88.94,"x":105.27}},{"duration":3,"curve":[0.25,0,0.699,0.47],"transform":{"y":18.4,"x":114.13}},{"duration":10,"transform":{"y":-98.64,"x":-105.53}}],"name":"Left Arm IK"},{"frame":[{"duration":45,"transform":{"skX":2.08,"skY":2.08}},{"duration":0,"transform":{"skX":2.08,"skY":2.08}}],"name":"LEft Arm"},{"frame":[{"duration":45,"transform":{"skX":7.01,"skY":7.01}},{"duration":0,"transform":{"skX":7.01,"skY":7.01}}],"name":"bone9"},{"frame":[{"duration":45,"transform":{}},{"duration":0,"transform":{}}],"name":"hand"},{"frame":[{"duration":45,"transform":{}},{"duration":0,"transform":{}}],"name":"Axe"},{"frame":[{"duration":10,"curve":[0.25,0,0.842,0.51],"transform":{}},{"duration":5,"curve":[0.25,0,0.75,1],"transform":{"skX":48.72,"skY":48.72}},{"duration":5,"curve":[0.25,0,0.75,1],"transform":{"skX":2.02,"skY":2.02}},{"duration":5,"curve":[0.25,0,0.75,1],"transform":{"skX":48.72,"skY":48.72}},{"duration":5,"curve":[0.25,0,0.75,1],"transform":{"skX":2.02,"skY":2.02}},{"duration":5,"curve":[0.25,0,0.107,0.96],"transform":{"skX":48.72,"skY":48.72}},{"duration":10,"curve":[0.25,0,0.811,0.62],"transform":{"skX":79,"skY":79}},{"duration":0,"transform":{}}],"name":"Left Wing"},{"frame":[{"duration":10,"curve":[0.25,0,0.842,0.51],"transform":{}},{"duration":5,"curve":[0.25,0,0.75,1],"transform":{"skX":-38.06,"skY":-38.06}},{"duration":5,"curve":[0.25,0,0.75,1],"transform":{"skX":-0.98,"skY":-0.98}},{"duration":5,"curve":[0.25,0,0.75,1],"transform":{"skX":-38.06,"skY":-38.06}},{"duration":5,"curve":[0.25,0,0.75,1],"transform":{"skX":-0.98,"skY":-0.98}},{"duration":5,"curve":[0.25,0,0.107,0.96],"transform":{"skX":-38.06,"skY":-38.06}},{"duration":10,"curve":[0.25,0,0.811,0.62],"transform":{"skX":-37.63,"skY":-37.63}},{"duration":0,"transform":{}}],"name":"Right Wing"},{"frame":[{"duration":30,"transform":{}},{"duration":5,"curve":[0.25,0,0.842,0.51],"transform":{}},{"duration":10,"curve":[0.25,0,0.842,0.51],"transform":{"y":-11.76,"x":2.34}},{"duration":0,"transform":{}}],"name":"FLLUpIK"},{"frame":[{"duration":45,"transform":{"skX":11.68,"skY":11.68}},{"duration":0,"transform":{"skX":11.68,"skY":11.68}}],"name":"Left Leg Front"},{"frame":[{"duration":10,"curve":[0.25,0,0.842,0.51],"transform":{}},{"duration":5,"curve":[0.25,0,0.75,1],"transform":{"y":-86.11,"x":80.96}},{"duration":5,"curve":[0.25,0,0.75,1],"transform":{"y":-58.18,"x":84.58}},{"duration":5,"curve":[0.25,0,0.75,1],"transform":{"y":-86.11,"x":80.96}},{"duration":5,"curve":[0.25,0,0.75,1],"transform":{"y":-60.14,"x":84.58}},{"duration":5,"curve":[0.25,0,0.107,0.96],"transform":{"y":-86.11,"x":80.96}},{"duration":10,"curve":[0.25,0,0.811,0.62],"transform":{"y":-0.08,"x":-280.54}},{"duration":0,"transform":{}}],"name":"FLLDIk"},{"frame":[{"duration":45,"transform":{"skX":-27.54,"skY":-27.54}},{"duration":0,"transform":{"skX":-27.54,"skY":-27.54}}],"name":"bone5"},{"frame":[{"duration":45,"transform":{"skX":6.56,"skY":6.56}},{"duration":0,"transform":{"skX":6.56,"skY":6.56}}],"name":"bone8"},{"frame":[{"duration":30,"transform":{}},{"duration":5,"curve":[0.25,0,0.842,0.51],"transform":{}},{"duration":10,"curve":[0.25,0,0.811,0.62],"transform":{"y":-53.58,"x":-13.83}},{"duration":0,"transform":{}}],"name":"FRLUp"},{"frame":[{"duration":45,"transform":{"skX":8.98,"skY":8.98}},{"duration":0,"transform":{"skX":8.98,"skY":8.98}}],"name":"Right Leg Front"},{"frame":[{"duration":10,"curve":[0.25,0,0.842,0.51],"transform":{}},{"duration":5,"curve":[0.25,0,0.75,1],"transform":{"y":-64.77,"x":52.99}},{"duration":5,"curve":[0.25,0,0.75,1],"transform":{"y":-4.04,"x":66.01}},{"duration":5,"curve":[0.25,0,0.75,1],"transform":{"y":-64.77,"x":52.99}},{"duration":5,"curve":[0.25,0,0.75,1],"transform":{"y":-4.04,"x":66.01}},{"duration":5,"curve":[0.25,0,0.107,0.96],"transform":{"y":-64.77,"x":52.99}},{"duration":10,"curve":[0.25,0,0.811,0.62],"transform":{"y":9.7,"x":-317.91}},{"duration":0,"transform":{}}],"name":"FRLD"},{"frame":[{"duration":45,"transform":{"skX":-32.61,"skY":-32.61}},{"duration":0,"transform":{"skX":-32.61,"skY":-32.61}}],"name":"bone10"},{"frame":[{"duration":45,"transform":{"skX":22.95,"skY":22.95}},{"duration":0,"transform":{"skX":22.95,"skY":22.95}}],"name":"bone11"},{"frame":[{"duration":45,"transform":{}},{"duration":0,"transform":{}}],"name":"Left Leg Back IK"},{"frame":[{"duration":45,"transform":{"skX":0.21,"skY":0.21}},{"duration":0,"transform":{"skX":0.21,"skY":0.21}}],"name":"Left Leg Back"},{"frame":[{"duration":10,"curve":[0.25,0,0.842,0.51],"transform":{}},{"duration":5,"curve":[0.25,0,0.75,1],"transform":{"y":-79.49,"x":69.92}},{"duration":5,"curve":[0.25,0,0.75,1],"transform":{"y":-49.08,"x":57.63}},{"duration":5,"curve":[0.25,0,0.75,1],"transform":{"y":-79.49,"x":69.92}},{"duration":5,"curve":[0.25,0,0.75,1],"transform":{"y":-47.77,"x":57.63}},{"duration":5,"curve":[0.25,0,0.107,0.96],"transform":{"y":-79.49,"x":69.92}},{"duration":10,"curve":[0.25,0,0.811,0.62],"transform":{"y":7.27,"x":-120.95}},{"duration":0,"transform":{}}],"name":"Left Leg Back Down IK"},{"frame":[{"duration":45,"transform":{"skX":2.72,"skY":2.72}},{"duration":0,"transform":{"skX":2.72,"skY":2.72}}],"name":"bone12"},{"frame":[{"duration":45,"transform":{"skX":-3.46,"skY":-3.46}},{"duration":0,"transform":{"skX":-3.46,"skY":-3.46}}],"name":"bone13"},{"frame":[{"duration":45,"transform":{}},{"duration":0,"transform":{}}],"name":"Right Leg Back IK"},{"frame":[{"duration":45,"transform":{"skX":0.57,"skY":0.57}},{"duration":0,"transform":{"skX":0.57,"skY":0.57}}],"name":"Right Leg Back"},{"frame":[{"duration":10,"curve":[0.25,0,0.842,0.51],"transform":{}},{"duration":5,"curve":[0.25,0,0.75,1],"transform":{"y":-64.03,"x":36.06}},{"duration":5,"curve":[0.25,0,0.75,1],"transform":{"y":-10.53,"x":38.23}},{"duration":5,"curve":[0.25,0,0.75,1],"transform":{"y":-64.03,"x":36.06}},{"duration":5,"curve":[0.25,0,0.75,1],"transform":{"y":-10.53,"x":38.23}},{"duration":5,"curve":[0.25,0,0.107,0.96],"transform":{"y":-64.03,"x":36.06}},{"duration":10,"curve":[0.25,0,0.811,0.62],"transform":{"y":1.76,"x":-87.57}},{"duration":0,"transform":{}}],"name":"Right Leg Back Down IK"},{"frame":[{"duration":45,"transform":{"skX":-1.79,"skY":-1.79}},{"duration":0,"transform":{"skX":-1.79,"skY":-1.79}}],"name":"bone14"},{"frame":[{"duration":45,"transform":{"skX":0.58,"skY":0.58}},{"duration":0,"transform":{"skX":0.58,"skY":0.58}}],"name":"bone15"},{"frame":[{"duration":45,"transform":{}},{"duration":0,"transform":{}}],"name":"Shadow"}]}],"slot":[{"color":{},"name":"Shadow","parent":"Shadow"},{"z":1,"color":{},"name":"right wing","parent":"Right Wing"},{"z":2,"color":{},"name":"Left Wing","parent":"Left Wing"},{"z":3,"color":{},"name":"palm","parent":"hand"},{"z":4,"color":{},"name":"Axe","parent":"Axe"},{"z":5,"color":{},"name":"hand","parent":"hand"},{"z":6,"color":{},"name":"left leg back","parent":"Left Leg Back"},{"z":7,"color":{},"name":"left leg ftron","parent":"Left Leg Front"},{"z":8,"color":{},"name":"Lower Body Main","parent":"Top Bottom"},{"z":9,"color":{},"name":"right leg back","parent":"Right Leg Back"},{"z":10,"color":{},"name":"right leg front","parent":"Right Leg Front"},{"z":11,"color":{},"name":"Left Arm","parent":"LEft Arm"},{"z":12,"color":{},"name":"Body","parent":"Top"},{"z":13,"color":{},"name":"Right Arm","parent":"Right Arm"},{"z":14,"color":{},"name":"head","parent":"bone4"}],"ik":[{"bendPositive":"false","name":"Right Leg Back IK","bone":"Right Leg Back","target":"Right Leg Back IK"},{"bendPositive":"false","name":"Left Leg Back IK","bone":"Left Leg Back","target":"Left Leg Back IK"},{"chain":1,"name":"Right Leg Back Down IK","bone":"bone15","target":"Right Leg Back Down IK"},{"bendPositive":"false","name":"ygj","bone":"Left Leg Front","target":"FLLUpIK"},{"chain":1,"name":"Left Leg Back Down IK","bone":"bone13","target":"Left Leg Back Down IK"},{"bendPositive":"false","name":"FRLUp","bone":"Right Leg Front","target":"FRLUp"},{"chain":1,"name":"FRLD","bone":"bone11","target":"FRLD"},{"chain":1,"name":"xsa","bone":"bone8","target":"FLLDIk"},{"chain":1,"name":"Left Arm IK","bone":"bone9","target":"Left Arm IK"},{"chain":1,"name":"Right Arm IK","bone":"bone6","target":"Right Arm IK"},{"bendPositive":"false","name":"Head Ik","bone":"bone4","target":"Head Ik"}],"skin":[{"name":"","slot":[{"display":[{"slotPose":[1,0,0,1,0,0],"vertices":[40.18,-126.34,25.69,-125.77,17.41,-111.08,17.4,-92.08,17.4,-75.12,24.57,-65.07,31.04,-56.03,38.26,-58.95,39.33,-52.85,40.25,-46.62,39.49,-32.32,38.18,-23.59,33.72,-20.31,32.65,-13.3,41.1,-13.06,46.69,-12.9,53.95,-14.42,54.79,-18.23,57.82,-31.79,61.36,-47.69,63.13,-55.67,59.41,-58.58,63.52,-70.39,64.59,-91.59,59.02,-87.77,60.43,-112.13,54.95,-123.14,44.81,-126.53,44.99,-21.87,46.73,-39.34,49.21,-54.11,49.52,-66.92,44.23,-76.35,39.86,-95.13,40.4,-115.21],"bonePose":[11,-0.0666221947733485,0.9977782735475764,-0.9977782735475764,-0.0666221947733485,41.45048400027435,-111.52679646112618,20,0.9247454348509004,-0.38058623296490746,0.38058623296490746,0.9247454348509004,43.17518320724816,-65.15887638004573,27,-0.06801529066524781,0.9976842788356052,-0.9976842788356052,-0.06801529066524781,50.372969768096596,-61.98976473409987],"path":"left leg back","name":"left leg back","triangles":[33,24,25,24,32,22,32,31,22,24,22,23,29,18,19,31,21,22,30,29,19,26,34,25,34,33,25,28,17,18,33,32,24,31,30,21,29,28,18,10,28,29,9,29,30,27,34,26,28,16,17,28,15,16,28,14,15,7,8,30,8,9,30,7,30,31,32,7,31,10,11,28,0,34,27,9,10,29,33,4,32,5,7,32,11,14,28,3,4,33,11,12,14,4,5,32,0,1,34,2,33,34,12,13,14,2,3,33,1,2,34,5,6,7,19,30,20,21,30,20],"type":"mesh","transform":{},"userEdges":[14,28,28,29,29,30,30,31,31,32,32,33,33,34,34,0,28,11,28,17,29,10,29,18,30,9,30,19,30,20,30,8,30,21,30,7,31,7,31,21,32,5,32,22,33,4,33,24,34,2,34,25],"width":48,"edges":[2,3,3,4,4,5,5,6,6,7,7,8,8,9,9,10,10,11,11,12,12,13,13,14,14,15,15,16,16,17,17,18,18,19,19,20,20,21,21,22,22,23,23,24,24,25,25,26,26,27,27,0,0,1,1,2],"height":115,"weights":[1,11,1,1,11,1,1,11,1,1,11,1,1,11,1,2,11,0.99128,20,0.00872,3,11,0.83213,20,0.15256,27,0.01531,3,11,0.35538,20,0.39242,27,0.2522,3,11,0.02146,20,0.19389,27,0.78465,2,20,0.04052,27,0.95948,1,27,1,1,27,1,1,27,1,1,27,1,1,27,1,1,27,1,1,27,1,1,27,1,1,27,1,1,27,1,2,20,0.00503,27,0.99497,2,20,0.08932,27,0.91068,3,11,0.03243,20,0.86704,27,0.10053,2,11,0.34357,20,0.65643,2,11,0.45439,20,0.54561,2,11,0.98451,20,0.01549,2,11,0.9999,20,0.0001,1,11,1,1,27,1,2,20,0.00013,27,0.99987,2,20,0.00695,27,0.99305,2,20,0.93879,27,0.06121,2,11,0.6853,20,0.3147,1,11,1,1,11,1],"uvs":[0.47461,0.00159,0.17256,0.00659,0,0.13431,0,0.2996,0,0.44704,0.14936,0.53434,0.28281,0.61233,0.43131,0.58791,0.45396,0.64368,0.47631,0.69873,0.46506,0.82328,0.44031,0.89935,0.34806,0.92846,0.32781,0.9895,0.51217,0.99583,0.63381,1,0.77106,0.9773,0.78769,0.94406,0.84688,0.82579,0.91624,0.6872,0.95106,0.61761,0.87231,0.59319,0.96456,0.49552,1,0.30958,0.87906,0.34057,0.89706,0.12523,0.78231,0.02944,0.57081,0,0.58728,0.91649,0.61602,0.76259,0.66183,0.63301,0.67054,0.52107,0.56244,0.43648,0.46791,0.27306,0.47913,0.09836]}],"name":"left leg back"},{"display":[{"slotPose":[1,0,0,1,0,0],"vertices":[10.3,-238.3,10.3,-208,26.16,-201.31,27.41,-191.28,36.82,-186.05,39.74,-171.63,61.27,-155.96,58.14,-149.9,59.18,-140.28,62.52,-137.36,57.09,-130.04,60.86,-123.36,58.56,-116.46,63.57,-113.53,81.54,-104.01,102.45,-119.8,105.3,-146.76,105.3,-162.44,92.2,-206.12,69.42,-217.4,57.92,-232.03,53.95,-247,24.28,-247,31.3,-230.15,52.4,-211.34,63.89,-192.32,78.11,-176.23,86.05,-151.16,86.05,-137.15,84.8,-122.94],"bonePose":[31,0.4930310629557845,0.8700117073699005,-0.8700117073699005,0.4930310629557845,33.449974322224065,-239.5537325652343,36,0.20995986086324292,0.977710006508212,-0.977710006508212,0.20995986086324292,72.8600874539721,-192.1180605140994,39,-0.21405342901395963,0.976821953852065,-0.976821953852065,-0.21405342901395963,81.89758914649384,-133.88761690289488],"path":"Right Arm","name":"Right Arm","triangles":[28,29,15,18,26,17,26,27,17,28,15,16,17,27,16,27,28,16,29,14,15,25,26,18,19,25,18,13,14,29,9,11,29,9,29,28,26,6,27,9,28,27,6,9,27,11,13,29,6,7,9,25,6,26,7,8,9,10,11,9,5,6,25,24,25,19,20,24,19,24,4,25,4,5,25,11,12,13,23,24,20,21,23,20,2,4,24,22,23,21,23,2,24,2,3,4,1,2,23,22,0,23,0,1,23],"type":"mesh","transform":{},"userEdges":[0,23,23,24,24,25,25,26,26,27,27,28,28,29,1,23,23,20,2,24,24,19],"width":95,"edges":[0,1,1,2,2,3,3,4,4,5,5,6,6,7,7,8,8,9,9,10,10,11,11,12,12,13,13,14,14,15,15,16,16,17,17,18,18,19,19,20,20,21,21,22,22,0],"height":143,"weights":[1,31,1,1,31,1,1,31,1,2,31,0.99995,36,0.00005,2,31,0.96748,36,0.03252,2,31,0.76543,36,0.23457,3,31,0.10654,36,0.81144,39,0.08202,3,31,0.03445,36,0.737,39,0.22855,3,31,0.00835,36,0.53722,39,0.45443,3,31,0.0028,36,0.36697,39,0.63024,2,36,0.12708,39,0.87292,2,36,0.04431,39,0.95569,2,36,0.00547,39,0.99453,2,36,0.00109,39,0.99891,1,39,1,2,36,0.03291,39,0.96709,2,36,0.74518,39,0.25482,2,36,0.98371,39,0.01629,2,31,0.0183,36,0.9817,2,31,0.69733,36,0.30267,2,31,0.98827,36,0.01173,1,31,1,1,31,1,1,31,1,2,31,0.9904,36,0.0096,2,31,0.64601,36,0.35399,1,36,1,2,36,0.99536,39,0.00464,2,36,0.25862,39,0.74138,1,39,1],"uvs":[0,0.06085,0,0.27277,0.16692,0.31954,0.18012,0.38969,0.27912,0.42623,0.30992,0.52708,0.53652,0.63669,0.50352,0.67908,0.51452,0.74631,0.54972,0.76677,0.49252,0.81792,0.53212,0.86469,0.50792,0.91292,0.56072,0.93339,0.74992,1,0.96992,0.88954,1,0.701,1,0.59139,0.86212,0.28592,0.62232,0.207,0.50132,0.10469,0.45952,0,0.14712,0,0.22101,0.11785,0.44321,0.24939,0.56421,0.38239,0.71381,0.49492,0.79741,0.67031,0.79741,0.76823,0.78421,0.86762]}],"name":"Right Arm"},{"display":[{"triangles":[86,15,14,13,12,14,12,86,14,85,16,15,11,86,12,82,85,15,82,15,86,11,82,86,83,17,16,10,85,82,10,82,11,76,16,85,10,76,85,76,83,16,9,76,10,9,83,76,62,18,17,8,17,83,8,83,9,8,62,17,7,62,8,7,59,62,59,18,62,6,59,7,59,66,18,66,19,18,6,66,59,5,66,6,93,20,19,66,93,19,5,93,66,4,93,5,101,25,24,4,20,93,4,74,20,3,74,4,101,73,25,98,26,25,73,98,25,98,69,27,98,27,26,23,73,101,95,28,27,60,95,27,69,60,27,95,29,28,95,79,29,91,30,29,100,69,98,100,98,73,23,100,73,57,21,74,79,91,29,3,57,74,22,100,23,51,60,69,60,79,95,2,57,3,100,51,69,51,79,60,51,92,79,71,22,57,75,51,100,22,75,100,92,53,79,2,71,57,53,91,79,91,61,30,75,92,51,53,61,91,61,31,30,71,96,22,1,71,2,96,75,22,96,105,75,75,52,92,68,53,92,52,68,92,1,96,71,105,52,75,87,61,53,68,87,53,87,31,61,87,58,31,1,0,96,0,105,96,78,52,105,0,78,105,58,32,31,102,68,52,78,102,52,54,58,87,50,87,68,102,50,68,50,54,87,64,102,78,80,78,0,49,80,0,80,64,78,54,32,58,81,72,49,72,80,49,48,81,49,77,33,32,54,77,32,47,81,48,50,103,54,103,77,54,64,50,102,88,81,47,80,39,64,64,70,50,70,103,50,103,65,77,88,56,81,46,94,47,39,70,64,56,99,72,56,72,81,94,88,47,72,39,80,65,33,77,67,94,46,45,67,46,40,39,72,99,40,72,94,104,88,70,55,103,65,89,33,88,104,56,104,99,56,42,104,94,55,65,103,89,34,33,38,70,39,55,89,65,104,41,99,67,42,94,41,40,99,43,67,45,43,42,67,44,43,45,97,55,70,38,97,70,42,41,104,55,63,89,63,34,89,97,63,55,84,35,34,90,63,97,37,97,38,63,84,34,37,90,97,90,84,63,37,36,90,36,84,90,36,35,84,23,101,24,57,22,21,21,74,20],"width":361,"type":"mesh","vertices":[82.35,11.84,60.14,11.83,37.94,11.82,15.73,11.81,-6.48,11.8,-28.69,11.79,-50.9,11.78,-73.1,11.78,-95.31,11.77,-117.67,13.45,-140.04,15.14,-162.4,16.83,-184.76,18.51,-212.81,13.41,-205.79,0.33,-167.75,0.48,-131.7,-5.61,-93.66,-6.97,-55.62,-8.33,-28.9,-9.29,-2.18,-10.26,24.54,-11.23,51.26,-12.19,25.65,-14.3,0.04,-16.4,13.83,-34.87,24.43,-45.57,35.03,-56.27,45.63,-66.97,56.22,-77.67,83.97,-80.35,106.65,-68.17,129.34,-55.99,152.02,-43.81,174.7,-31.64,209.16,-9.36,200.71,6.37,173.12,12.27,149.51,11.67,125.9,11.06,132.61,31.49,122.64,51.47,112.66,71.46,102.69,91.44,92.71,111.43,83.17,94.66,83.04,75.61,82.92,56.57,82.79,37.52,82.67,18.48,120.51,-25.55,57.22,-37.89,85.98,-16.79,80.44,-47.7,122.56,-39.35,152.96,-11.2,102.7,44.45,31.25,0.3,118.53,-52.7,-52.47,5.08,51.91,-49.54,92.45,-59.54,-77.23,2.93,176.14,-10.43,113.53,-6.13,146.05,-29.03,-33.48,1.99,92.87,83.51,96.71,-28.9,41.83,-38.12,137.22,-3.9,50.71,2.94,108.14,28.14,26.73,-25.39,17.01,0.49,63.72,-18.59,-122.35,7.1,138.24,-41.74,90.97,-3.52,63.21,-58.14,108.97,12.14,94.07,36.93,-159.27,9.87,-110.75,1.57,190.17,-11.27,-144.27,5.39,-176,9.2,105.2,-42.29,100.74,52.3,157.66,-24.79,178.63,-2.84,75.25,-64.72,72.59,-39.83,-10.81,-1.06,94.45,67.89,51.59,-60.41,66.55,-1.3,158.29,1.2,32.49,-36.55,112.08,38.5,45.47,-28.12,16.56,-22.74,110.79,-16.29,139.5,-22.3,109.7,54.95,73.47,-6.77],"transform":{},"userEdges":[],"path":"Axe","edges":[35,34,34,33,33,32,32,31,31,30,30,29,29,28,28,27,27,26,26,25,25,24,24,23,23,22,22,21,21,20,20,19,19,18,18,17,17,16,16,15,15,14,14,13,13,12,12,11,11,10,10,9,9,8,8,7,7,6,6,5,5,4,4,3,3,2,2,1,1,0,0,49,49,48,48,47,47,46,46,45,45,44,44,43,43,42,42,41,41,40,40,39,39,38,38,37,37,36,36,35],"height":223,"name":"Axe","uvs":[0.2817,0.63235,0.33591,0.58528,0.39012,0.5382,0.44433,0.49113,0.49854,0.44405,0.55275,0.39698,0.60696,0.34991,0.66117,0.30283,0.71538,0.25576,0.76775,0.20166,0.82012,0.14755,0.87249,0.09345,0.92485,0.03935,1,0,1,0.06661,0.90696,0.1467,0.82696,0.24724,0.73591,0.33329,0.64485,0.41935,0.58091,0.47984,0.51696,0.54033,0.45301,0.60083,0.38907,0.66132,0.45433,0.61531,0.51959,0.5693,0.51012,0.67154,0.49828,0.7363,0.48643,0.80105,0.47459,0.8658,0.46275,0.93056,0.39854,1,0.32722,1,0.25591,1,0.18459,1,0.11328,1,0,0.98508,0,0.90499,0.05959,0.8232,0.11801,0.77549,0.17643,0.72778,0.13328,0.66132,0.13143,0.56121,0.12959,0.46109,0.12775,0.36098,0.12591,0.26087,0.17117,0.30688,0.19643,0.38186,0.2217,0.45683,0.24696,0.53181,0.27222,0.60679,0.23757,0.861,0.40818,0.77553,0.31034,0.75314,0.36438,0.86353,0.25064,0.91987,0.13956,0.87312,0.1893,0.54667,0.42151,0.56953,0.27796,0.96407,0.61959,0.37305,0.4364,0.81026,0.35059,0.93575,0.68282,0.32903,0.08198,0.91927,0.22914,0.76949,0.17977,0.92892,0.5773,0.42553,0.16211,0.37148,0.30005,0.82376,0.44604,0.74377,0.16839,0.81091,0.37057,0.60037,0.1974,0.62266,0.46621,0.66144,0.45603,0.53859,0.36704,0.71306,0.78749,0.21685,0.21551,0.96257,0.28078,0.7113,0.42012,0.86823,0.21633,0.68763,0.22021,0.55806,0.87395,0.12757,0.76642,0.26331,0.04884,0.95236,0.84323,0.17709,0.91567,0.09472,0.29687,0.89466,0.1838,0.51152,0.14589,0.9368,0.06597,0.89457,0.39934,0.91976,0.37322,0.81575,0.52596,0.48567,0.17873,0.43655,0.45143,0.85253,0.33747,0.65075,0.1103,0.83545,0.46678,0.71775,0.17422,0.59007,0.42407,0.71195,0.48757,0.62938,0.24915,0.80378,0.18696,0.88843,0.15845,0.52005,0.32774,0.68702]}],"name":"Axe"},{"display":[{"slotPose":[1,0,0,1,0,0],"vertices":[-51.24,-222.4,-67.07,-205.24,-59.82,-192.37,-67.73,-181.98,-76.15,-180.32,-83.74,-165.14,-87.7,-146.66,-98.7,-141.54,-98.7,-130.99,-94.29,-126,-81.42,-126,-69.04,-126,-59.81,-131.65,-60.79,-142.38,-54.03,-149.81,-39.01,-158.55,-40.51,-172.58,-36.22,-180.66,-36.54,-186.59,-27.8,-197.16,-25.7,-211.85,-33.9,-225.01,-45.29,-225,-73.5,-149.64,-60.97,-169.6,-46.94,-183.95,-46.28,-195.01,-41.83,-210.19],"bonePose":[29,-0.4600448247591896,0.8878956916284068,-0.8878956916284068,-0.4600448247591896,-39.93376173986427,-207.63227142120525,37,-0.38493975127607905,0.9229417034068352,-0.9229417034068352,-0.38493975127607905,-61.51857474938689,-169.7336547268727],"path":"Left Arm","name":"Left Arm","triangles":[27,19,20,21,27,20,26,18,19,27,26,19,22,27,21,26,25,18,18,25,17,25,16,17,22,0,27,16,24,15,24,14,15,25,24,16,1,26,27,0,1,27,1,2,26,26,2,25,2,3,25,3,24,25,24,23,14,23,13,14,5,23,24,13,11,12,23,11,13,3,4,24,4,5,24,6,10,23,23,10,11,5,6,23,8,9,6,7,8,6,6,9,10],"type":"mesh","transform":{},"userEdges":[10,23,23,24,24,25,25,26,26,27,27,21],"width":73,"edges":[7,8,8,9,9,10,10,11,11,12,12,13,13,14,14,15,15,16,16,17,17,18,18,19,19,20,20,21,21,22,22,0,0,1,1,2,2,3,3,4,4,5,5,6,6,7],"height":99,"weights":[1,29,1,1,29,1,2,29,0.98939,37,0.01061,2,29,0.50218,37,0.49782,2,29,0.11959,37,0.88041,1,37,1,1,37,1,1,37,1,1,37,1,1,37,1,1,37,1,1,37,1,1,37,1,2,29,0.00851,37,0.99149,2,29,0.14995,37,0.85005,2,29,0.66602,37,0.33398,2,29,0.94821,37,0.05179,1,29,1,1,29,1,1,29,1,1,29,1,1,29,1,1,29,1,1,37,1,2,29,0.05579,37,0.94421,1,29,1,1,29,1,1,29,1],"uvs":[0.65027,0.02629,0.43328,0.19962,0.53274,0.32962,0.42424,0.43462,0.30897,0.45129,0.205,0.60462,0.15075,0.79129,0,0.84295,0,0.94962,0.06034,1,0.23664,1,0.40616,1,0.53274,0.94295,0.51917,0.83462,0.61185,0.75962,0.81753,0.67129,0.79719,0.52962,0.85596,0.44795,0.85143,0.38795,0.97123,0.28129,1,0.13295,0.8876,0,0.73164,0,0.34513,0.76129,0.51691,0.55962,0.70904,0.41462,0.71808,0.30295,0.77911,0.14962]}],"name":"Left Arm"},{"display":[{"triangles":[1,58,0,58,56,0,0,56,45,56,44,45,2,58,1,58,59,56,59,44,56,2,57,58,57,59,58,3,57,2,59,43,44,11,12,10,12,9,10,12,13,9,57,55,59,59,55,43,55,41,43,41,42,43,52,55,57,52,57,3,4,52,3,13,8,9,55,39,41,41,39,40,13,14,8,52,54,55,54,39,55,51,52,4,5,51,4,14,7,8,37,38,39,49,51,5,51,54,52,6,49,5,15,6,7,14,15,7,54,37,39,15,49,6,15,16,49,53,54,51,16,50,49,35,37,54,53,35,54,48,53,51,49,50,51,50,48,51,31,29,30,17,48,50,16,17,50,46,35,53,48,47,53,17,18,48,18,20,48,47,46,53,20,47,48,33,34,35,32,28,31,46,33,35,20,21,47,28,26,27,33,24,32,24,28,32,22,46,47,21,22,47,46,23,33,23,24,33,22,23,46,25,26,28,24,25,28,19,20,18,28,29,31,37,35,36],"width":197,"type":"mesh","vertices":[-32.5,35.59,-19.43,39.22,0.82,28.18,17.32,21.67,31.85,21.63,42.83,30.73,51.06,42.16,54.26,58.88,52.11,70.34,42.97,88.47,36.01,112.67,38.83,120.81,52.47,115.65,64.46,95.15,75.78,78.39,92.02,59.51,104.23,43.72,116.48,30.77,135.59,10.55,158.78,-5.76,137.29,-10.36,141.16,-38.59,137.22,-59.99,127.35,-98.6,117.45,-124.74,97.34,-150.45,64.5,-158.29,45.45,-155.76,68.39,-139.76,36.76,-151.95,6.19,-144.84,42.36,-123.41,61.04,-98.78,72.37,-84.62,58.81,-90.92,63.32,-76.26,22.81,-79.64,27.27,-71.97,9.86,-74.73,14.23,-50.15,-9.45,-53.66,-2.62,-42.47,-13.71,-42.95,-10.72,-31.61,-19.72,-16.26,-43.42,6.75,82.31,-66.52,85.82,-37.41,76.38,-5.07,62.25,18.21,68.31,12.17,47.47,3.37,28.14,-1.41,63,-37.12,38.26,-35.26,8.63,-23.21,-22.5,6.92,11.22,1.25,-13.62,16.07,-2.72,-16.83],"transform":{},"userEdges":[49,50],"path":"Left Wing","edges":[23,24,24,25,25,26,26,27,27,28,28,29,29,30,30,31,31,32,32,33,33,34,34,35,35,36,36,37,37,38,38,39,39,40,40,41,41,42,42,43,43,44,44,45,45,0,0,1,1,2,2,3,3,4,4,5,5,6,6,7,7,8,8,9,9,10,10,11,11,12,12,13,13,14,14,15,15,16,16,17,17,18,18,19,19,20,20,21,21,22,22,23],"height":260,"name":"Left Wing","uvs":[1,0.40364,0.94444,0.3728,0.82849,0.38495,0.73845,0.38588,0.66937,0.36626,0.6336,0.31859,0.6151,0.26625,0.6299,0.20176,0.66073,0.16345,0.73671,0.11069,0.81319,0.03312,0.81442,0,0.74041,0,0.64667,0.05742,0.56279,0.10228,0.45177,0.14807,0.36543,0.18826,0.28402,0.21817,0.15697,0.2649,0.01758,0.292,0.11133,0.3378,0.04225,0.43407,0.02251,0.51641,0,0.66875,0,0.77623,0.04928,0.89611,0.19114,0.96901,0.28612,0.98584,0.20594,0.89705,0.33422,0.98397,0.49211,1,0.35889,0.87368,0.31449,0.75966,0.28612,0.6933,0.33916,0.73443,0.34409,0.67554,0.53035,0.74284,0.52295,0.70919,0.60066,0.74284,0.6241,0.64844,0.73018,0.6933,0.71784,0.64377,0.76965,0.66059,0.77582,0.61573,0.84613,0.57274,1,0.52227,0.27144,0.61467,0.30708,0.50517,0.41002,0.40167,0.5189,0.33717,0.47931,0.35067,0.56246,0.41067,0.6456,0.45417,0.41596,0.53517,0.53672,0.56217,0.69905,0.55917,0.90098,0.49317,0.73073,0.46767,0.87525,0.44817,0.76438,0.55167]}],"name":"Left Wing"},{"display":[{"slotPose":[1,0,0,1,0,0],"vertices":[82.33,-57.7,85.27,-39.34,81.96,-26.84,76.67,-21.97,75.44,-15.95,74.58,-11.83,84.73,-8.82,101.41,-8.82,103.31,-14.39,108.78,-30.45,112.43,-61.27,114.31,-77.15,114.31,-85.35,103.34,-79.52,102.77,-83.41,97.64,-81.33,96.48,-93.43,94.45,-102.09,90.72,-117.9,79.1,-125.55,65.2,-130.83,47.4,-129.85,46.56,-111.09,47.04,-104.51,48.54,-83.98,53.77,-75.14,67.55,-51.87,73,-60.62,76.74,-73.78,88.81,-74.65,96.09,-67.12,97.44,-57.33,96.63,-47.22,94.99,-36.76,91,-26.1,86.49,-16.66,71.4,-90.94,69.51,-111.14],"bonePose":[10,-0.011867960298537122,0.9999295732792146,-0.9999295732792146,-0.011867960298537122,70.25198032421072,-117.00131100602236,16,0.9935322797694496,-0.11355002886886376,0.11355002886886376,0.9935322797694496,80.1782557204291,-68.60009762496722,25,-0.22120809279024675,0.9752266299092236,-0.9752266299092236,-0.22120809279024675,100.62174475613163,-70.61448488840746],"path":"right leg back","name":"right leg back","triangles":[32,33,9,13,30,10,32,9,10,31,32,10,13,10,11,13,11,12,30,31,10,34,8,9,33,34,9,29,30,15,34,35,8,18,37,17,15,30,13,15,13,14,17,36,16,35,7,8,37,36,17,19,37,18,35,6,7,30,0,31,1,34,33,2,35,34,1,2,34,20,37,19,2,3,35,4,6,35,3,4,35,4,5,6,36,25,28,25,27,28,20,22,37,37,23,36,25,26,27,21,22,20,24,25,36,23,24,36,22,23,37,32,33,31,1,33,31,0,1,31,28,15,16,28,29,15,36,28,16,27,0,29,28,27,29,0,29,30],"type":"mesh","transform":{},"userEdges":[6,35,35,34,34,33,33,31,31,10,31,0,33,1,33,9,34,2,34,8,35,4,30,13,31,30,30,29,29,28,28,36,36,37,37,20,28,27,28,16,29,15,29,0,36,25,36,17,37,23,37,18],"width":57,"edges":[22,23,23,24,24,25,25,26,26,27,27,0,0,1,1,2,2,3,3,4,4,5,5,6,6,7,7,8,8,9,9,10,10,11,11,12,12,13,13,14,14,15,15,16,16,17,17,18,18,19,19,20,20,21,21,22],"height":122,"weights":[3,10,0.02028,16,0.61264,25,0.36708,2,16,0.00667,25,0.99333,1,25,1,1,25,1,1,25,1,1,25,1,1,25,1,1,25,1,1,25,1,1,25,1,1,25,1,2,16,0.07759,25,0.92241,2,16,0.09769,25,0.90231,3,10,0.02353,16,0.58463,25,0.39184,3,10,0.04644,16,0.75151,25,0.20205,3,10,0.12938,16,0.81915,25,0.05147,2,10,0.53605,16,0.46395,2,10,0.74798,16,0.25202,2,10,0.9459,16,0.0541,2,10,0.99441,16,0.00559,1,10,1,1,10,1,1,10,1,1,10,1,1,10,1,1,10,1,2,10,0.99727,16,0.00272,3,10,0.67864,16,0.3085,25,0.01286,2,10,0.48137,16,0.51863,2,10,0.08133,16,0.91867,2,16,0.53943,25,0.46057,2,16,0.0025,25,0.9975,1,25,1,1,25,1,1,25,1,1,25,1,2,10,0.98678,16,0.01322,1,10,1],"uvs":[0.5007,0.59938,0.49095,0.74977,0.43242,0.85231,0.33976,0.89219,0.31806,0.94153,0.30318,0.97536,0.48119,1,0.77383,1,0.80713,0.9543,0.90307,0.82269,0.96704,0.57004,1,0.43987,1,0.37265,0.8226,0.4205,0.8226,0.3886,0.75432,0.40569,0.8226,0.30657,0.80445,0.23552,0.77139,0.10604,0.57142,0.04338,0.32756,0,0.01542,0.00806,0,0.16187,0,0.21579,0,0.38404,0.10152,0.45645,0.36902,0.64723,0.43486,0.57545,0.46503,0.46763,0.59099,0.46043,0.68031,0.52212,0.70443,0.60235,0.68987,0.68524,0.66114,0.77096,0.59109,0.8583,0.51193,0.9357,0.41034,0.32702,0.39081,0.16144]}],"name":"right leg back"},{"display":[{"path":"Shadow","type":"image","name":"Shadow","transform":{"y":2.22,"x":27.89}}],"name":"Shadow"},{"display":[{"slotPose":[1,0,0,1,0,0],"vertices":[-59.71,-141.73,-59.71,-117.07,-59.72,-100.14,-50.46,-79.23,-48.23,-72.42,-44.99,-62.54,-43.47,-48.59,-42.24,-37.39,-48.72,-8,-34.03,-7.99,-24.07,-8,-18.34,-18.97,-21.82,-25.18,-10.71,-57.55,-17.84,-79.22,-10.72,-84.95,-12.37,-93.17,-11.04,-121.03,-10.71,-127.78,-14.61,-140.48,-28.8,-150,-45.23,-150,-55.44,-147.45,-30.29,-27.43,-25.81,-62.29,-28.55,-79.72,-34.78,-103.88,-37.77,-127.78,-37.01,-145.21,-49.97,-130.77,-19.84,-134.25,-46.24,-104.88,-21.83,-106.12,-49.71,-120.07,-36.81,-120.18,-20.83,-123.54,-31.2,-89.97],"bonePose":[19,0.17089740212327684,0.9852888297080786,-0.9852888297080786,0.17089740212327684,-35.16488647439342,-121.32180530057865,24,0.15919199766608688,0.987247642630298,-0.987247642630298,0.15919199766608688,-28.82708409433215,-85.89373082578831,33,-0.24547658227443644,0.9694025209142288,-0.9694025209142288,-0.24547658227443644,-24.508205197651215,-59.10970228122832],"path":"left leg ftron","name":"left leg ftron","triangles":[7,23,24,6,7,24,23,12,13,24,23,13,14,24,13,32,16,17,35,32,17,19,30,18,35,17,18,30,35,18,32,36,16,36,25,14,25,24,14,20,30,19,26,36,32,35,34,32,20,28,30,12,23,11,23,10,11,23,9,10,34,26,32,27,35,30,28,27,30,27,34,35,25,5,24,4,5,25,5,6,24,8,9,23,21,28,20,36,3,25,3,4,25,7,8,23,26,31,36,31,3,36,33,31,34,29,27,28,34,31,26,2,3,31,27,33,34,21,29,28,29,33,27,22,0,29,22,29,21,33,1,31,1,2,31,29,1,33,0,1,29,14,36,15,16,36,15],"type":"mesh","transform":{},"userEdges":[9,23,23,24,24,25,27,28,0,29,27,30,26,31,26,32,1,33,26,34,34,27,33,34,34,35,35,17,25,36,36,26,3,36,36,15,25,5,25,14,24,6,24,13,23,12,23,7],"width":49,"edges":[0,1,1,2,2,3,3,4,4,5,5,6,6,7,7,8,8,9,9,10,10,11,11,12,12,13,13,14,14,15,15,16,16,17,17,18,18,19,19,20,20,21,21,22,22,0],"height":142,"weights":[1,19,1,1,19,1,2,19,0.97296,24,0.02704,3,19,0.48713,24,0.49443,33,0.01844,3,19,0.23174,24,0.68654,33,0.08172,3,19,0.03629,24,0.60154,33,0.36217,2,24,0.10826,33,0.89174,2,24,0.00255,33,0.99745,1,33,1,1,33,1,1,33,1,1,33,1,1,33,1,2,24,0.37834,33,0.62166,2,19,0.04667,24,0.95333,2,19,0.2866,24,0.7134,2,19,0.59069,24,0.40931,2,19,0.99985,24,0.00015,1,19,1,1,19,1,1,19,1,1,19,1,1,19,1,1,33,1,2,24,0.97581,33,0.02419,3,19,0.0061,24,0.99374,33,0.00016,1,19,1,1,19,1,1,19,1,1,19,1,1,19,1,2,19,0.99355,24,0.00645,2,19,0.97527,24,0.02473,1,19,1,1,19,1,1,19,1,1,19,1],"uvs":[0,0.05829,0,0.23189,0,0.35113,0.18874,0.49842,0.23433,0.54633,0.30054,0.61591,0.33153,0.71408,0.35644,0.79301,0.22431,1,0.52413,1,0.72739,1,0.84427,0.92277,0.77313,0.87893,1,0.65098,0.85444,0.49842,1,0.45809,0.96623,0.40022,0.99341,0.20403,1,0.15648,0.9205,0.06706,0.63084,0,0.29546,0,0.08711,0.01796,0.60035,0.86315,0.69182,0.61766,0.63592,0.49491,0.50888,0.32482,0.4479,0.15648,0.46315,0.03374,0.1989,0.13544,0.81378,0.11089,0.27513,0.31781,0.77313,0.30904,0.20399,0.21084,0.46729,0.21001,0.79345,0.18629,0.58205,0.42278]}],"name":"left leg ftron"},{"display":[{"triangles":[6,3,4,6,4,5,8,1,6,1,2,3,6,1,3,9,11,1,8,9,1,7,8,6,11,0,1,11,12,0,9,10,11],"width":58,"type":"mesh","vertices":[-4.91,-9.12,-0.91,6.09,-5.92,7.46,-1.92,18.98,3.77,34.14,24.48,42,42.16,24.69,54.78,-8.53,37.75,-15,16.14,-23.21,8.47,-26.12,4.13,-17.94,-1.18,-18.94],"transform":{},"userEdges":[],"path":"head","edges":[7,8,8,9,9,10,10,11,11,12,12,0,0,1,1,2,2,3,3,4,4,5,5,6,6,7],"height":56,"name":"head","uvs":[0.35261,1,0.57655,0.83683,0.62924,0.91187,0.7906,0.77203,1,0.58103,1,0.18539,0.61277,0,0,0,0,0.32523,0,0.73792,0,0.88458,0.15832,0.90505,0.17479,1]}],"name":"head"},{"display":[{"path":"hand","type":"image","name":"hand","transform":{"skX":-94.03,"skY":-94.03,"y":-1.29,"x":13.02}}],"name":"hand"},{"display":[{"slotPose":[1,0,0,1,0,0],"vertices":[-31.19,-245.02,-31.19,-236.96,-39.67,-229.33,-47.94,-225.09,-58.96,-208.76,-52.82,-192.45,-51.12,-177.61,-55.36,-165.1,-60.55,-158.1,-60.55,-139.87,-52.39,-129.91,-49.64,-121.64,-41.79,-113.94,-27.8,-113.95,-17.41,-122.91,-15.29,-131.17,4.64,-138.81,19.05,-149.19,22.24,-159.37,14.6,-173.36,6.13,-173.99,2.09,-182.26,8.88,-193.08,14.6,-199.01,27.11,-206.64,27.45,-221.48,27.45,-237.81,24.35,-246.71,11.84,-246.5,5.7,-246.5,-1.3,-249.47,-4.69,-252.95,-19.32,-252.95,-48.27,-154.19,-39.45,-162.5,-33.02,-162.62,-28.36,-160.61,-21.93,-153.55,-4.29,-159.1,1,-163.13,2.38,-168.42,-47.64,-159.85,-37.69,-175.25,-35.92,-193.9,-38.69,-200.32,-38.82,-210.78,-29.25,-221.87,-14.75,-169.96,-15.51,-195.16,-15.01,-201.08,-12.74,-212.54,-10.48,-221.99,1.88,-230.31,-46.63,-218.97,-13.75,-228.31,-14.83,-235.65],"bonePose":[22,0.08976347271150517,-0.9959631112479876,0.9959631112479876,0.08976347271150517,-22.997595882182353,-160.9954494443259,26,0.10313974730246704,-0.9946668751528742,0.9946668751528742,0.10313974730246704,-15.471365265289712,-191.3624570792798,28,-0.36325123047297864,-0.9316912275855488,0.9316912275855488,-0.36325123047297864,-9.448306518447607,-229.7660514856904],"path":"Body","name":"Body","triangles":[27,28,26,28,52,26,26,52,25,52,23,25,25,23,24,39,17,18,19,39,18,51,50,52,52,50,23,40,39,19,39,16,17,39,38,16,29,52,28,50,22,23,20,40,19,50,49,22,48,21,22,49,48,22,30,55,52,21,40,20,30,52,29,37,15,38,21,47,40,38,15,16,47,39,40,47,38,39,48,47,21,54,51,52,55,54,52,31,55,30,32,55,31,47,37,38,43,42,48,48,42,47,36,37,47,46,50,51,54,46,51,32,0,55,46,49,50,0,1,55,55,1,54,1,46,54,37,10,15,35,36,47,42,35,47,43,48,49,10,14,15,10,11,13,10,13,14,33,10,37,11,12,13,36,33,37,34,33,35,35,33,36,1,2,46,53,45,46,2,53,46,42,34,35,6,42,43,5,6,43,9,10,33,3,53,2,41,33,34,44,5,43,6,7,41,6,41,34,45,4,44,6,34,42,53,4,45,4,5,44,3,4,53,8,9,33,8,33,41,7,8,41,49,43,46,44,43,46,45,44,46],"type":"mesh","transform":{},"userEdges":[34,42,42,43,43,46,46,54,54,55,55,32],"width":88,"edges":[8,9,9,10,10,11,11,12,12,13,13,14,14,15,15,16,16,17,17,18,18,19,19,20,20,21,21,22,22,23,23,24,24,25,25,26,26,27,27,28,28,29,29,30,30,31,31,32,32,0,0,1,1,2,2,3,3,4,4,5,5,6,6,7,7,8],"height":139,"weights":[3,22,0.0134,26,0.18445,28,0.80215,3,22,0.05272,26,0.43184,28,0.51544,3,22,0.21104,26,0.68503,28,0.10393,3,22,0.33975,26,0.6396,28,0.02066,2,22,0.56445,26,0.43555,2,22,0.79938,26,0.20062,2,22,0.98079,26,0.01921,1,22,1,1,22,1,1,22,1,1,22,1,1,22,1,1,22,1,1,22,1,2,22,0.99992,26,0.00008,2,22,0.99655,26,0.00345,2,22,0.94147,26,0.05853,2,22,0.8771,26,0.1229,2,22,0.84693,26,0.15307,2,22,0.77735,26,0.22265,3,22,0.68395,26,0.31554,28,0.00051,3,22,0.31047,26,0.67471,28,0.01482,3,22,0.01137,26,0.86114,28,0.12749,2,26,0.72198,28,0.27802,2,26,0.50443,28,0.49557,2,26,0.29438,28,0.70562,2,26,0.0576,28,0.9424,2,26,0.01383,28,0.98617,2,26,0.00176,28,0.99824,1,28,1,1,28,1,1,28,1,3,22,0.00003,26,0.00562,28,0.99436,1,22,1,1,22,1,1,22,1,1,22,1,2,22,0.99726,26,0.00274,2,22,0.89492,26,0.10508,2,22,0.82824,26,0.17176,3,22,0.75285,26,0.24713,28,0.00002,1,22,1,2,22,0.99792,26,0.00208,2,22,0.80406,26,0.19594,2,22,0.64613,26,0.35387,3,22,0.42112,26,0.57716,28,0.00172,3,22,0.14413,26,0.78986,28,0.06601,2,22,0.91619,26,0.08381,2,22,0.01574,26,0.98426,2,22,0.00706,26,0.99294,2,26,0.99771,28,0.00229,2,26,0.95042,28,0.04958,2,26,0.09489,28,0.90511,3,22,0.38676,26,0.60388,28,0.00936,3,22,0.00472,26,0.75208,28,0.24319,3,22,0.00332,26,0.52928,28,0.4674],"uvs":[0.324,0.06465,0.33364,0.11498,0.23728,0.16989,0.14332,0.20039,0.01805,0.31783,0.08791,0.43527,0.10719,0.54203,0.059,0.63202,0,0.68235,0,0.81352,0.09273,0.8852,0.12405,0.94468,0.21319,1,0.37219,1,0.49023,0.93553,0.51432,0.87605,0.74078,0.82114,0.90459,0.74641,0.94073,0.6732,0.854,0.57254,0.75764,0.56796,0.71187,0.50848,0.78896,0.4307,0.854,0.38799,0.99614,0.33308,1,0.22632,1,0.10888,0.96482,0.04483,0.82269,0.04635,0.75282,0.04635,0.67332,0.025,0.63478,0,0.46855,0,0.13955,0.71052,0.23978,0.65069,0.3128,0.64979,0.36578,0.66429,0.4388,0.71505,0.63926,0.67517,0.69939,0.64616,0.71514,0.60809,0.14671,0.66973,0.25983,0.55897,0.27987,0.42481,0.24837,0.37858,0.24694,0.30334,0.35576,0.22357,0.52042,0.59704,0.51183,0.41574,0.51755,0.37314,0.54333,0.29065,0.5691,0.22267,0.70942,0.16284,0.15817,0.24442,0.53186,0.17722,0.51956,0.12438]}],"name":"Body"},{"display":[{"path":"palm","type":"image","name":"palm","transform":{"skX":-94.03,"skY":-94.03,"y":-2.05,"x":9.45}}],"name":"palm"},{"display":[{"slotPose":[1,0,0,1,0,0],"vertices":[-9.5,-122.21,-9.49,-91.46,-0.27,-79.87,6.38,-57.19,4.61,-43.01,6.05,-39.15,-3.93,-9.69,12.55,-8.08,21.51,-7.2,32.61,-12.1,34.38,-29.97,31.65,-34.16,39.5,-60.56,39.5,-66.03,30.69,-75.54,39.38,-101.95,36.97,-118.52,26.83,-127.06,13.31,-130.21,-7.46,-130.21,18.87,-33.36,18.55,-62.18,16.3,-72.33,14.21,-93.1,8.42,-111.78,6.8,-125.46,29.66,-60.57,27.26,-103.56,24.67,-116.13,15.02,-122.72],"bonePose":[21,0.06749289509889653,0.9977197547964908,-0.9977197547964908,0.06749289509889653,16.96157827361365,-114.69242577646202,23,0.017626912513571777,0.9998446339083082,-0.9998446339083082,0.017626912513571777,22.428939689711267,-70.91160281542383,34,-0.34644452654069624,0.9380704611221872,-0.9380704611221872,-0.34644452654069624,23.86451006192044,-32.03086674077582],"path":"right leg front","name":"right leg front","triangles":[27,23,14,28,27,16,26,11,12,26,12,13,14,26,13,16,27,15,27,14,15,26,20,11,20,9,10,17,28,16,21,20,26,20,8,9,11,20,10,4,20,21,23,22,14,21,26,14,22,21,14,3,4,21,20,7,8,4,5,20,28,24,27,24,23,27,29,28,17,18,29,17,29,24,28,5,6,7,23,2,22,5,7,20,22,3,21,2,3,22,24,1,23,19,25,18,18,25,29,25,24,29,1,2,23,25,0,24,0,1,24,19,0,25],"type":"mesh","transform":{},"userEdges":[7,20,20,21,21,22,22,23,23,24,24,25],"width":49,"edges":[0,1,1,2,2,3,3,4,4,5,5,6,6,7,7,8,8,9,9,10,10,11,11,12,12,13,13,14,14,15,15,16,16,17,17,18,18,19,19,0],"height":123,"weights":[1,21,1,1,21,1,2,21,0.96259,23,0.03741,2,21,0.13078,23,0.86922,3,21,0.00241,23,0.90006,34,0.09753,3,21,0.00011,23,0.76738,34,0.23251,1,34,1,1,34,1,1,34,1,1,34,1,2,23,0.03855,34,0.96145,2,23,0.308,34,0.692,1,23,1,1,23,1,2,21,0.36321,23,0.63679,1,21,1,1,21,1,1,21,1,1,21,1,1,21,1,2,23,0.43435,34,0.56565,2,21,0.05004,23,0.94996,2,21,0.60918,23,0.39082,1,21,1,1,21,1,1,21,1,1,23,1,1,21,1,1,21,1,1,21,1],"uvs":[0,0.065,0,0.31501,0.18834,0.40925,0.32398,0.59366,0.28784,0.70885,0.31741,0.74026,0.1137,0.9798,0.44992,0.99288,0.63284,1,0.85955,0.96016,0.89569,0.81487,0.83984,0.78084,1,0.56617,1,0.52167,0.82012,0.44444,0.99755,0.22977,0.94827,0.09495,0.74127,0.02558,0.46527,0,0.04141,0,0.57904,0.7873,0.57247,0.553,0.52647,0.47054,0.48376,0.30169,0.36547,0.14985,0.33262,0.03859,0.79918,0.56609,0.7499,0.21661,0.69733,0.11451,0.50019,0.06084]}],"name":"right leg front"},{"display":[{"triangles":[22,30,31,33,58,32,22,31,32,58,22,32,23,29,30,22,23,30,23,24,29,34,58,33,24,28,29,57,58,34,24,27,28,24,25,27,35,57,34,25,26,27,57,65,58,56,57,35,36,56,35,20,22,58,40,38,39,20,21,22,65,20,58,40,37,38,62,65,57,41,36,40,18,19,20,56,62,57,40,36,37,65,18,20,62,64,65,55,56,36,64,18,65,41,43,36,43,55,36,55,54,56,54,61,56,56,61,62,61,64,62,61,63,64,64,63,18,63,17,18,63,16,17,42,43,41,54,53,61,61,16,63,46,54,43,53,60,61,14,16,61,43,54,55,60,14,61,45,46,43,14,15,16,60,12,14,44,45,43,46,53,54,12,13,14,46,47,53,52,60,53,47,52,53,60,10,12,10,11,12,48,52,47,59,10,60,52,59,60,66,7,59,7,9,10,59,7,10,52,66,59,7,8,9,48,49,52,49,66,52,3,5,66,51,3,66,5,7,66,49,51,66,51,1,3,5,6,7,50,51,49,1,2,3,50,0,51,3,4,5,0,1,51],"width":287,"type":"mesh","vertices":[-24.74,-23.63,-32.26,4.42,-26.15,20.72,-20.03,23.11,-20.27,32.44,-14.59,29.45,-13.24,38.46,-7.91,35.38,-16.08,65.88,24.65,62.52,35.24,45.44,39.13,60.39,62.24,52.68,64.96,63.56,73.71,61.77,75.66,76.95,96.58,63.39,99.39,94.96,114.01,89.49,115.06,110.81,146.62,92.59,148.91,113.5,168.18,99.12,166.68,114.51,156.29,140.66,143.94,157.27,119.06,175.8,165.69,188.3,192.78,185.39,213.94,162.5,227.9,128.66,233.39,121.87,239.69,98.38,240.32,76.75,225.47,38.19,202.48,-7.81,166.11,-38.98,184.66,-42.28,207.06,-54.31,213.2,-70.22,186.2,-77.45,148.19,-61.83,96.85,-87.62,120.77,-49.26,84.39,-74.8,78.32,-43.73,78.2,-26.47,63.35,-22.94,39.35,-20.35,8.41,-28.27,-19.37,-31.21,-16.33,-8.67,33.9,4.42,74,7.66,102,-2.87,123.62,-10.61,139.39,-0.74,160.29,39.06,172.51,81.8,29.92,26.28,65.88,29.53,108.84,40.3,133.74,41.34,103.76,64.87,114.47,66.99,142.23,75.56,9.61,19.33],"transform":{},"userEdges":[63,64],"path":"right wing","edges":[0,1,1,2,2,3,3,4,4,5,5,6,6,7,7,8,8,9,9,10,10,11,11,12,12,13,13,14,14,15,15,16,16,17,17,18,18,19,19,20,20,21,21,22,22,23,23,24,24,25,25,26,26,27,27,28,28,29,29,30,30,31,31,32,32,33,33,34,34,35,35,36,36,37,37,38,38,39,39,40,40,41,41,42,42,43,43,44,44,45,45,46,46,47,47,48,48,49,49,50,50,0],"height":262,"name":"right wing","uvs":[0,0.40692,0,0.51776,0.03526,0.57179,0.05803,0.57456,0.06562,0.6092,0.08206,0.59257,0.09471,0.62444,0.10988,0.60782,0.10988,0.72835,0.24395,0.6757,0.26419,0.60227,0.29075,0.65354,0.36158,0.60227,0.38055,0.63968,0.40838,0.62444,0.42862,0.67848,0.4868,0.60782,0.52474,0.72143,0.56901,0.68679,0.59178,0.76438,0.68158,0.66601,0.70814,0.74082,0.75999,0.66878,0.76885,0.72697,0.75747,0.83365,0.7309,0.90708,0.66387,1,0.83209,1,0.92063,0.9625,0.97122,0.8572,0.98766,0.71866,1,0.68817,1,0.59535,0.9826,0.51499,0.89786,0.38752,0.77897,0.24066,0.62845,0.16169,0.6879,0.1312,0.75241,0.0647,0.75873,0,0.66134,0,0.54751,0.09518,0.35146,0.05085,0.46656,0.16861,0.32111,0.11042,0.3287,0.23096,0.34387,0.29469,0.29708,0.3224,0.21866,0.35566,0.10735,0.35704,0.01123,0.37367,0.04179,0.45376,0.22266,0.45237,0.36052,0.42466,0.44527,0.35816,0.51103,0.30828,0.57301,0.32906,0.67925,0.45514,0.75894,0.60062,0.22898,0.53689,0.35293,0.51333,0.50724,0.51056,0.59198,0.48978,0.5123,0.60616,0.55024,0.60339,0.65143,0.60755,0.15436,0.53135]}],"name":"right wing"},{"display":[{"slotPose":[1,0,0,1,0,0],"vertices":[-47.1,-158.3,-59.54,-145.52,-59.54,-125.61,-59.55,-111.24,-38.41,-96.98,17.51,-95.33,42.83,-90,87.28,-90,91.46,-104.61,91.45,-132.82,57.43,-146.44,31.68,-156.77,12.5,-164.8,-4.4,-167,-35.06,-162.19,-52.45,-140.86,-41.3,-130.04,-4.56,-128.07,34.47,-129.87,66.45,-117.89,80.89,-109.7,-49.83,-118.07,-20.47,-111.34,26.76,-109.37,57.1,-103.63,74.15,-98.38,-37.69,-152.51,-2.1,-147.26,35.46,-143.64,58.25,-132.65,81.22,-126.59],"bonePose":[8,-0.24919700200904263,-0.9684528146428742,0.9684528146428742,-0.24919700200904263,-2.6185847148981303,-116.4278557932917,7,-0.9945036365624706,-0.10470203849028602,0.10470203849028602,-0.9945036365624706,55.470000000000006,-119],"path":"Lower Body Main","name":"Lower Body Main","triangles":[25,6,7,25,7,8,20,25,8,30,20,8,10,30,9,30,8,9,10,29,30,19,20,30,29,19,30,19,25,20,24,6,25,19,24,25,18,23,24,11,28,10,10,28,29,28,18,29,23,6,24,23,5,6,11,27,28,17,23,18,28,27,18,27,17,18,12,27,11,22,4,5,13,27,12,26,16,17,13,14,27,14,26,27,26,17,27,16,22,17,21,4,22,16,21,22,15,16,26,0,26,14,0,15,26,21,3,4,2,21,16,15,2,16,1,15,0,2,3,21,1,2,15,24,18,19,29,18,19,5,22,23,22,17,23],"type":"mesh","transform":{},"userEdges":[15,16,16,17,17,18,18,19,19,20,2,21,21,22,22,23,23,24,24,25,0,26,26,27,27,28,28,29,29,30],"width":151,"edges":[1,2,2,3,3,4,4,5,5,6,6,7,7,8,8,9,9,10,10,11,11,12,12,13,13,14,14,0,0,1],"height":77,"weights":[1,8,1,1,8,1,1,8,1,1,8,1,1,8,1,2,7,0.71343,8,0.28657,2,7,0.98598,8,0.01402,1,7,1,1,7,1,1,7,1,2,7,0.99847,8,0.00153,2,7,0.84539,8,0.15461,2,7,0.43296,8,0.56704,2,7,0.1123,8,0.8877,1,8,1,1,8,1,1,8,1,2,7,0.03542,8,0.96458,2,7,0.99601,8,0.00399,1,7,1,1,7,1,1,8,1,1,8,1,2,7,0.93463,8,0.06537,2,7,0.99997,8,0.00003,1,7,1,1,8,1,2,7,0.15942,8,0.84058,2,7,0.95118,8,0.04882,1,7,1,1,7,1],"uvs":[0.0835,0.11301,0,0.27914,0,0.53761,0,0.72428,0.13997,0.90958,0.51033,0.93088,0.678,1,0.97233,1,1,0.81023,1,0.44389,0.77466,0.26711,0.60415,0.13293,0.47708,0.02857,0.36521,0,0.16211,0.06265,0.04698,0.33953,0.12084,0.4801,0.36412,0.50566,0.62261,0.48223,0.8344,0.63771,0.92998,0.7442,0.06436,0.63558,0.25877,0.72291,0.57157,0.74846,0.77249,0.82301,0.88545,0.89117,0.14473,0.18831,0.38041,0.25647,0.62913,0.30332,0.7801,0.44602,0.93215,0.52483]}],"name":"Lower Body Main"}]}],"name":"Valhalla","bone":[{"transform":{},"name":"root"},{"transform":{"y":-156.68,"x":-12.76},"name":"mid","parent":"root"},{"transform":{"y":-15.2,"x":27.4},"name":"Shadow","parent":"root"},{"transform":{"y":-14.95,"x":88.05},"name":"Right Leg Back Down IK","parent":"root"},{"transform":{"skX":-4.46,"skY":-4.46,"y":-15.18,"x":-28.57},"name":"FLLDIk","parent":"root"},{"transform":{"y":-19.26,"x":47.55},"name":"Left Leg Back Down IK","parent":"root"},{"transform":{"skX":-4.46,"skY":-4.46,"y":-16.76,"x":25.76},"name":"FRLD","parent":"root"},{"length":50,"transform":{"skX":-173.99,"skY":-173.99,"y":37.68,"x":68.23},"parent":"mid","name":"back body"},{"length":30,"transform":{"skX":69.56,"skY":69.56,"y":-8.64,"x":57.5},"parent":"back body","name":"Top Bottom"},{"transform":{"skX":173.99,"skY":173.99,"y":-52.67,"x":11.65},"name":"Left Leg Back IK","parent":"back body"},{"length":48,"transform":{"skX":-95.33,"skY":-95.33,"y":-0.44,"x":-14.91},"parent":"back body","name":"Right Leg Back"},{"length":43,"transform":{"skX":-92.19,"skY":-92.19,"y":-8.9,"x":13.16},"parent":"back body","name":"Left Leg Back"},{"transform":{"skX":173.99,"skY":173.99,"y":-46.94,"x":-18.78},"name":"Right Leg Back IK","parent":"back body"},{"transform":{"skX":99.97,"skY":99.97,"y":9.77,"x":-31.25},"name":"FRLUp","parent":"Top Bottom"},{"transform":{"skX":99.97,"skY":99.97,"y":-41.27,"x":-24.75},"name":"FLLUpIK","parent":"Top Bottom"},{"transform":{"skX":108.9,"skY":108.9,"y":14.99,"x":177.35},"name":"Head Ik","parent":"Top Bottom"},{"length":20,"transform":{"skX":-97.2,"skY":-97.2,"y":-10.5,"x":48.28},"parent":"Right Leg Back","name":"bone14"},{"transform":{"skX":108.9,"skY":108.9,"y":94.31,"x":3.36},"name":"Right Arm IK","parent":"Top Bottom"},{"transform":{"skX":108.9,"skY":108.9,"y":-74.08,"x":39.41},"name":"Left Arm IK","parent":"Top Bottom"},{"length":35,"transform":{"skX":-175.41,"skY":-175.41,"y":-30.3,"x":12.85},"parent":"Top Bottom","name":"Left Leg Front"},{"length":10,"transform":{"skX":-116.19,"skY":-116.19,"y":-4.81,"x":46.15},"parent":"Left Leg Back","name":"bone12"},{"length":38,"transform":{"skX":-169.44,"skY":-169.44,"y":18.53,"x":-6.56},"parent":"Top Bottom","name":"Right Leg Front"},{"length":27,"transform":{"skX":19.58,"skY":19.58,"y":-8.63,"x":48.24},"parent":"Top Bottom","name":"Top"},{"length":32,"transform":{"skX":2.86,"skY":2.86,"y":-2.5,"x":44.05},"parent":"Right Leg Front","name":"bone10"},{"length":27,"transform":{"skX":0.68,"skY":0.68,"y":-0.19,"x":35.99},"parent":"Left Leg Front","name":"bone5"},{"length":57,"transform":{"skX":109.3,"skY":109.3,"y":0.32,"x":20.54},"parent":"bone14","name":"bone15"},{"length":34,"transform":{"skX":0.77,"skY":0.77,"y":4.77,"x":30.92},"parent":"Top","name":"bone2"},{"length":42,"transform":{"skX":116.27,"skY":116.27,"y":5.67,"x":5.45},"parent":"bone12","name":"bone13"},{"length":15,"transform":{"skX":-27.22,"skY":-27.22,"y":2.03,"x":38.82},"parent":"bone2","name":"bone3"},{"length":38,"transform":{"skX":-158.53,"skY":-158.53,"y":-26.01,"x":13.66},"parent":"bone2","name":"LEft Arm"},{"length":96,"transform":{"skX":69.07,"skY":69.07,"y":27.08,"x":27.55},"parent":"bone2","name":"Right Wing"},{"length":51,"transform":{"skX":144.54,"skY":144.54,"y":43.69,"x":52.98},"parent":"bone2","name":"Right Arm"},{"length":97,"transform":{"skX":-75.19,"skY":-75.19,"y":-27.25,"x":18.2},"parent":"bone2","name":"Left Wing"},{"length":45,"transform":{"skX":23.37,"skY":23.37,"x":27.13},"parent":"bone5","name":"bone8"},{"length":19,"transform":{"skX":21.28,"skY":21.28,"y":-0.75,"x":38.9},"parent":"bone10","name":"bone11"},{"length":21,"transform":{"skX":0.5,"skY":0.5,"y":-0.14,"x":16.22},"parent":"bone3","name":"bone4"},{"length":45,"transform":{"skX":17.42,"skY":17.42,"y":-10.9,"x":60.7},"parent":"Right Arm","name":"bone6"},{"length":37,"transform":{"skX":-4.75,"skY":-4.75,"y":1.73,"x":43.58},"parent":"LEft Arm","name":"bone9"},{"length":17,"transform":{"skX":-18.62,"skY":-18.62,"y":-1.45,"x":41.28},"parent":"bone9","name":"hand"},{"length":18,"transform":{"skX":24.48,"skY":24.48,"y":3.39,"x":58.83},"parent":"bone6","name":"bone7"},{"length":84,"transform":{"skX":57.74,"skY":57.74,"y":5.67,"x":16},"parent":"hand","name":"Axe"}]}],"isGlobal":0,"name":"Valhalla","version":"5.0"}