{"width":512,"SubTexture":[{"frameX":-1,"frameHeight":33,"y":894,"frameY":-1,"frameWidth":417,"width":415,"height":31,"name":"Layer 317 Copy","x":1},{"width":181,"y":516,"height":199,"name":"Layer 317 Copy 9","x":256},{"width":253,"y":301,"height":230,"name":"Layer 317 Copy 8","x":1},{"width":447,"y":1,"height":298,"name":"Layer 317 Copy 7","x":1},{"frameX":-1,"frameHeight":79,"y":764,"frameY":-1,"frameWidth":36,"width":34,"height":77,"name":"Layer 317 Copy 10","x":72},{"width":136,"y":533,"height":229,"name":"Layer 317 Copy 3","x":1},{"width":69,"y":764,"height":120,"name":"Layer 317 Copy 6","x":1},{"width":64,"y":533,"height":169,"name":"Layer 317 Copy 5","x":139},{"width":144,"y":717,"height":175,"name":"Layer 84","x":139},{"width":253,"y":301,"height":213,"name":"Layer 317 Copy 4","x":256}],"height":1024,"name":"Radulac","imagePath":"Radulac_tex.png"}